d	775	994:993	12288	/home/woa23c1ro/.local/share/uv/python/cpython-3.11.14-linux-x86_64-gnu/share/terminfo/a
d	775	994:993	12288	/home/woa23c1ro/.local/share/uv/python/cpython-3.11.14-linux-x86_64-gnu/share/terminfo/d
d	775	994:993	12288	/home/woa23c1ro/.local/share/uv/python/cpython-3.11.14-linux-x86_64-gnu/share/terminfo/t
d	775	994:993	12288	/home/woa23c1ro/.local/share/uv/python/cpython-3.11.14-linux-x86_64-gnu/share/terminfo/w
d	775	994:993	4096	/home/woa23c1ro/.local/share/uv/python/cpython-3.11.14-linux-x86_64-gnu
d	775	994:993	4096	/home/woa23c1ro/.local/share/uv/python/cpython-3.11.14-linux-x86_64-gnu/bin
d	775	994:993	4096	/home/woa23c1ro/.local/share/uv/python/cpython-3.11.14-linux-x86_64-gnu/include
d	775	994:993	4096	/home/woa23c1ro/.local/share/uv/python/cpython-3.11.14-linux-x86_64-gnu/include/python3.11
d	775	994:993	4096	/home/woa23c1ro/.local/share/uv/python/cpython-3.11.14-linux-x86_64-gnu/include/python3.11/cpython
d	775	994:993	4096	/home/woa23c1ro/.local/share/uv/python/cpython-3.11.14-linux-x86_64-gnu/include/python3.11/internal
d	775	994:993	4096	/home/woa23c1ro/.local/share/uv/python/cpython-3.11.14-linux-x86_64-gnu/lib
d	775	994:993	4096	/home/woa23c1ro/.local/share/uv/python/cpython-3.11.14-linux-x86_64-gnu/lib/itcl4.2.4
d	775	994:993	4096	/home/woa23c1ro/.local/share/uv/python/cpython-3.11.14-linux-x86_64-gnu/lib/pkgconfig
d	775	994:993	4096	/home/woa23c1ro/.local/share/uv/python/cpython-3.11.14-linux-x86_64-gnu/lib/python3.11
d	775	994:993	4096	/home/woa23c1ro/.local/share/uv/python/cpython-3.11.14-linux-x86_64-gnu/lib/python3.11/__phello__
d	775	994:993	4096	/home/woa23c1ro/.local/share/uv/python/cpython-3.11.14-linux-x86_64-gnu/lib/python3.11/asyncio
d	775	994:993	4096	/home/woa23c1ro/.local/share/uv/python/cpython-3.11.14-linux-x86_64-gnu/lib/python3.11/collections
d	775	994:993	4096	/home/woa23c1ro/.local/share/uv/python/cpython-3.11.14-linux-x86_64-gnu/lib/python3.11/concurrent
d	775	994:993	4096	/home/woa23c1ro/.local/share/uv/python/cpython-3.11.14-linux-x86_64-gnu/lib/python3.11/concurrent/futures
d	775	994:993	4096	/home/woa23c1ro/.local/share/uv/python/cpython-3.11.14-linux-x86_64-gnu/lib/python3.11/config-3.11-x86_64-linux-gnu
d	775	994:993	4096	/home/woa23c1ro/.local/share/uv/python/cpython-3.11.14-linux-x86_64-gnu/lib/python3.11/ctypes
d	775	994:993	4096	/home/woa23c1ro/.local/share/uv/python/cpython-3.11.14-linux-x86_64-gnu/lib/python3.11/ctypes/macholib
d	775	994:993	4096	/home/woa23c1ro/.local/share/uv/python/cpython-3.11.14-linux-x86_64-gnu/lib/python3.11/curses
d	775	994:993	4096	/home/woa23c1ro/.local/share/uv/python/cpython-3.11.14-linux-x86_64-gnu/lib/python3.11/dbm
d	775	994:993	4096	/home/woa23c1ro/.local/share/uv/python/cpython-3.11.14-linux-x86_64-gnu/lib/python3.11/distutils
d	775	994:993	4096	/home/woa23c1ro/.local/share/uv/python/cpython-3.11.14-linux-x86_64-gnu/lib/python3.11/distutils/command
d	775	994:993	4096	/home/woa23c1ro/.local/share/uv/python/cpython-3.11.14-linux-x86_64-gnu/lib/python3.11/email
d	775	994:993	4096	/home/woa23c1ro/.local/share/uv/python/cpython-3.11.14-linux-x86_64-gnu/lib/python3.11/email/mime
d	775	994:993	4096	/home/woa23c1ro/.local/share/uv/python/cpython-3.11.14-linux-x86_64-gnu/lib/python3.11/encodings
d	775	994:993	4096	/home/woa23c1ro/.local/share/uv/python/cpython-3.11.14-linux-x86_64-gnu/lib/python3.11/encodings/__pycache__
d	775	994:993	4096	/home/woa23c1ro/.local/share/uv/python/cpython-3.11.14-linux-x86_64-gnu/lib/python3.11/ensurepip
d	775	994:993	4096	/home/woa23c1ro/.local/share/uv/python/cpython-3.11.14-linux-x86_64-gnu/lib/python3.11/ensurepip/_bundled
d	775	994:993	4096	/home/woa23c1ro/.local/share/uv/python/cpython-3.11.14-linux-x86_64-gnu/lib/python3.11/html
d	775	994:993	4096	/home/woa23c1ro/.local/share/uv/python/cpython-3.11.14-linux-x86_64-gnu/lib/python3.11/http
d	775	994:993	4096	/home/woa23c1ro/.local/share/uv/python/cpython-3.11.14-linux-x86_64-gnu/lib/python3.11/idlelib
d	775	994:993	4096	/home/woa23c1ro/.local/share/uv/python/cpython-3.11.14-linux-x86_64-gnu/lib/python3.11/idlelib/Icons
d	775	994:993	4096	/home/woa23c1ro/.local/share/uv/python/cpython-3.11.14-linux-x86_64-gnu/lib/python3.11/importlib
d	775	994:993	4096	/home/woa23c1ro/.local/share/uv/python/cpython-3.11.14-linux-x86_64-gnu/lib/python3.11/importlib/metadata
d	775	994:993	4096	/home/woa23c1ro/.local/share/uv/python/cpython-3.11.14-linux-x86_64-gnu/lib/python3.11/importlib/resources
d	775	994:993	4096	/home/woa23c1ro/.local/share/uv/python/cpython-3.11.14-linux-x86_64-gnu/lib/python3.11/json
d	775	994:993	4096	/home/woa23c1ro/.local/share/uv/python/cpython-3.11.14-linux-x86_64-gnu/lib/python3.11/lib-dynload
d	775	994:993	4096	/home/woa23c1ro/.local/share/uv/python/cpython-3.11.14-linux-x86_64-gnu/lib/python3.11/lib2to3
d	775	994:993	4096	/home/woa23c1ro/.local/share/uv/python/cpython-3.11.14-linux-x86_64-gnu/lib/python3.11/lib2to3/fixes
d	775	994:993	4096	/home/woa23c1ro/.local/share/uv/python/cpython-3.11.14-linux-x86_64-gnu/lib/python3.11/lib2to3/pgen2
d	775	994:993	4096	/home/woa23c1ro/.local/share/uv/python/cpython-3.11.14-linux-x86_64-gnu/lib/python3.11/logging
d	775	994:993	4096	/home/woa23c1ro/.local/share/uv/python/cpython-3.11.14-linux-x86_64-gnu/lib/python3.11/multiprocessing
d	775	994:993	4096	/home/woa23c1ro/.local/share/uv/python/cpython-3.11.14-linux-x86_64-gnu/lib/python3.11/multiprocessing/dummy
d	775	994:993	4096	/home/woa23c1ro/.local/share/uv/python/cpython-3.11.14-linux-x86_64-gnu/lib/python3.11/pydoc_data
d	775	994:993	4096	/home/woa23c1ro/.local/share/uv/python/cpython-3.11.14-linux-x86_64-gnu/lib/python3.11/re
d	775	994:993	4096	/home/woa23c1ro/.local/share/uv/python/cpython-3.11.14-linux-x86_64-gnu/lib/python3.11/site-packages
d	775	994:993	4096	/home/woa23c1ro/.local/share/uv/python/cpython-3.11.14-linux-x86_64-gnu/lib/python3.11/site-packages/_distutils_hack
d	775	994:993	4096	/home/woa23c1ro/.local/share/uv/python/cpython-3.11.14-linux-x86_64-gnu/lib/python3.11/site-packages/_distutils_hack/__pycache__
d	775	994:993	4096	/home/woa23c1ro/.local/share/uv/python/cpython-3.11.14-linux-x86_64-gnu/lib/python3.11/site-packages/pip
d	775	994:993	4096	/home/woa23c1ro/.local/share/uv/python/cpython-3.11.14-linux-x86_64-gnu/lib/python3.11/site-packages/pip-25.3.dist-info
d	775	994:993	4096	/home/woa23c1ro/.local/share/uv/python/cpython-3.11.14-linux-x86_64-gnu/lib/python3.11/site-packages/pip-25.3.dist-info/licenses
d	775	994:993	4096	/home/woa23c1ro/.local/share/uv/python/cpython-3.11.14-linux-x86_64-gnu/lib/python3.11/site-packages/pip-25.3.dist-info/licenses/src
d	775	994:993	4096	/home/woa23c1ro/.local/share/uv/python/cpython-3.11.14-linux-x86_64-gnu/lib/python3.11/site-packages/pip-25.3.dist-info/licenses/src/pip
d	775	994:993	4096	/home/woa23c1ro/.local/share/uv/python/cpython-3.11.14-linux-x86_64-gnu/lib/python3.11/site-packages/pip-25.3.dist-info/licenses/src/pip/_vendor
d	775	994:993	4096	/home/woa23c1ro/.local/share/uv/python/cpython-3.11.14-linux-x86_64-gnu/lib/python3.11/site-packages/pip-25.3.dist-info/licenses/src/pip/_vendor/cachecontrol
d	775	994:993	4096	/home/woa23c1ro/.local/share/uv/python/cpython-3.11.14-linux-x86_64-gnu/lib/python3.11/site-packages/pip-25.3.dist-info/licenses/src/pip/_vendor/certifi
d	775	994:993	4096	/home/woa23c1ro/.local/share/uv/python/cpython-3.11.14-linux-x86_64-gnu/lib/python3.11/site-packages/pip-25.3.dist-info/licenses/src/pip/_vendor/dependency_groups
d	775	994:993	4096	/home/woa23c1ro/.local/share/uv/python/cpython-3.11.14-linux-x86_64-gnu/lib/python3.11/site-packages/pip-25.3.dist-info/licenses/src/pip/_vendor/distlib
d	775	994:993	4096	/home/woa23c1ro/.local/share/uv/python/cpython-3.11.14-linux-x86_64-gnu/lib/python3.11/site-packages/pip-25.3.dist-info/licenses/src/pip/_vendor/distro
d	775	994:993	4096	/home/woa23c1ro/.local/share/uv/python/cpython-3.11.14-linux-x86_64-gnu/lib/python3.11/site-packages/pip-25.3.dist-info/licenses/src/pip/_vendor/idna
d	775	994:993	4096	/home/woa23c1ro/.local/share/uv/python/cpython-3.11.14-linux-x86_64-gnu/lib/python3.11/site-packages/pip-25.3.dist-info/licenses/src/pip/_vendor/msgpack
d	775	994:993	4096	/home/woa23c1ro/.local/share/uv/python/cpython-3.11.14-linux-x86_64-gnu/lib/python3.11/site-packages/pip-25.3.dist-info/licenses/src/pip/_vendor/packaging
d	775	994:993	4096	/home/woa23c1ro/.local/share/uv/python/cpython-3.11.14-linux-x86_64-gnu/lib/python3.11/site-packages/pip-25.3.dist-info/licenses/src/pip/_vendor/pkg_resources
d	775	994:993	4096	/home/woa23c1ro/.local/share/uv/python/cpython-3.11.14-linux-x86_64-gnu/lib/python3.11/site-packages/pip-25.3.dist-info/licenses/src/pip/_vendor/platformdirs
d	775	994:993	4096	/home/woa23c1ro/.local/share/uv/python/cpython-3.11.14-linux-x86_64-gnu/lib/python3.11/site-packages/pip-25.3.dist-info/licenses/src/pip/_vendor/pygments
d	775	994:993	4096	/home/woa23c1ro/.local/share/uv/python/cpython-3.11.14-linux-x86_64-gnu/lib/python3.11/site-packages/pip-25.3.dist-info/licenses/src/pip/_vendor/pyproject_hooks
d	775	994:993	4096	/home/woa23c1ro/.local/share/uv/python/cpython-3.11.14-linux-x86_64-gnu/lib/python3.11/site-packages/pip-25.3.dist-info/licenses/src/pip/_vendor/requests
d	775	994:993	4096	/home/woa23c1ro/.local/share/uv/python/cpython-3.11.14-linux-x86_64-gnu/lib/python3.11/site-packages/pip-25.3.dist-info/licenses/src/pip/_vendor/resolvelib
d	775	994:993	4096	/home/woa23c1ro/.local/share/uv/python/cpython-3.11.14-linux-x86_64-gnu/lib/python3.11/site-packages/pip-25.3.dist-info/licenses/src/pip/_vendor/rich
d	775	994:993	4096	/home/woa23c1ro/.local/share/uv/python/cpython-3.11.14-linux-x86_64-gnu/lib/python3.11/site-packages/pip-25.3.dist-info/licenses/src/pip/_vendor/tomli
d	775	994:993	4096	/home/woa23c1ro/.local/share/uv/python/cpython-3.11.14-linux-x86_64-gnu/lib/python3.11/site-packages/pip-25.3.dist-info/licenses/src/pip/_vendor/tomli_w
d	775	994:993	4096	/home/woa23c1ro/.local/share/uv/python/cpython-3.11.14-linux-x86_64-gnu/lib/python3.11/site-packages/pip-25.3.dist-info/licenses/src/pip/_vendor/truststore
d	775	994:993	4096	/home/woa23c1ro/.local/share/uv/python/cpython-3.11.14-linux-x86_64-gnu/lib/python3.11/site-packages/pip-25.3.dist-info/licenses/src/pip/_vendor/urllib3
d	775	994:993	4096	/home/woa23c1ro/.local/share/uv/python/cpython-3.11.14-linux-x86_64-gnu/lib/python3.11/site-packages/pip/_internal
d	775	994:993	4096	/home/woa23c1ro/.local/share/uv/python/cpython-3.11.14-linux-x86_64-gnu/lib/python3.11/site-packages/pip/_internal/cli
d	775	994:993	4096	/home/woa23c1ro/.local/share/uv/python/cpython-3.11.14-linux-x86_64-gnu/lib/python3.11/site-packages/pip/_internal/commands
d	775	994:993	4096	/home/woa23c1ro/.local/share/uv/python/cpython-3.11.14-linux-x86_64-gnu/lib/python3.11/site-packages/pip/_internal/distributions
d	775	994:993	4096	/home/woa23c1ro/.local/share/uv/python/cpython-3.11.14-linux-x86_64-gnu/lib/python3.11/site-packages/pip/_internal/index
d	775	994:993	4096	/home/woa23c1ro/.local/share/uv/python/cpython-3.11.14-linux-x86_64-gnu/lib/python3.11/site-packages/pip/_internal/locations
d	775	994:993	4096	/home/woa23c1ro/.local/share/uv/python/cpython-3.11.14-linux-x86_64-gnu/lib/python3.11/site-packages/pip/_internal/metadata
d	775	994:993	4096	/home/woa23c1ro/.local/share/uv/python/cpython-3.11.14-linux-x86_64-gnu/lib/python3.11/site-packages/pip/_internal/metadata/importlib
d	775	994:993	4096	/home/woa23c1ro/.local/share/uv/python/cpython-3.11.14-linux-x86_64-gnu/lib/python3.11/site-packages/pip/_internal/models
d	775	994:993	4096	/home/woa23c1ro/.local/share/uv/python/cpython-3.11.14-linux-x86_64-gnu/lib/python3.11/site-packages/pip/_internal/network
d	775	994:993	4096	/home/woa23c1ro/.local/share/uv/python/cpython-3.11.14-linux-x86_64-gnu/lib/python3.11/site-packages/pip/_internal/operations
d	775	994:993	4096	/home/woa23c1ro/.local/share/uv/python/cpython-3.11.14-linux-x86_64-gnu/lib/python3.11/site-packages/pip/_internal/operations/build
d	775	994:993	4096	/home/woa23c1ro/.local/share/uv/python/cpython-3.11.14-linux-x86_64-gnu/lib/python3.11/site-packages/pip/_internal/operations/install
d	775	994:993	4096	/home/woa23c1ro/.local/share/uv/python/cpython-3.11.14-linux-x86_64-gnu/lib/python3.11/site-packages/pip/_internal/req
d	775	994:993	4096	/home/woa23c1ro/.local/share/uv/python/cpython-3.11.14-linux-x86_64-gnu/lib/python3.11/site-packages/pip/_internal/resolution
d	775	994:993	4096	/home/woa23c1ro/.local/share/uv/python/cpython-3.11.14-linux-x86_64-gnu/lib/python3.11/site-packages/pip/_internal/resolution/legacy
d	775	994:993	4096	/home/woa23c1ro/.local/share/uv/python/cpython-3.11.14-linux-x86_64-gnu/lib/python3.11/site-packages/pip/_internal/resolution/resolvelib
d	775	994:993	4096	/home/woa23c1ro/.local/share/uv/python/cpython-3.11.14-linux-x86_64-gnu/lib/python3.11/site-packages/pip/_internal/utils
d	775	994:993	4096	/home/woa23c1ro/.local/share/uv/python/cpython-3.11.14-linux-x86_64-gnu/lib/python3.11/site-packages/pip/_internal/vcs
d	775	994:993	4096	/home/woa23c1ro/.local/share/uv/python/cpython-3.11.14-linux-x86_64-gnu/lib/python3.11/site-packages/pip/_vendor
d	775	994:993	4096	/home/woa23c1ro/.local/share/uv/python/cpython-3.11.14-linux-x86_64-gnu/lib/python3.11/site-packages/pip/_vendor/cachecontrol
d	775	994:993	4096	/home/woa23c1ro/.local/share/uv/python/cpython-3.11.14-linux-x86_64-gnu/lib/python3.11/site-packages/pip/_vendor/cachecontrol/caches
d	775	994:993	4096	/home/woa23c1ro/.local/share/uv/python/cpython-3.11.14-linux-x86_64-gnu/lib/python3.11/site-packages/pip/_vendor/certifi
d	775	994:993	4096	/home/woa23c1ro/.local/share/uv/python/cpython-3.11.14-linux-x86_64-gnu/lib/python3.11/site-packages/pip/_vendor/dependency_groups
d	775	994:993	4096	/home/woa23c1ro/.local/share/uv/python/cpython-3.11.14-linux-x86_64-gnu/lib/python3.11/site-packages/pip/_vendor/distlib
d	775	994:993	4096	/home/woa23c1ro/.local/share/uv/python/cpython-3.11.14-linux-x86_64-gnu/lib/python3.11/site-packages/pip/_vendor/distro
d	775	994:993	4096	/home/woa23c1ro/.local/share/uv/python/cpython-3.11.14-linux-x86_64-gnu/lib/python3.11/site-packages/pip/_vendor/idna
d	775	994:993	4096	/home/woa23c1ro/.local/share/uv/python/cpython-3.11.14-linux-x86_64-gnu/lib/python3.11/site-packages/pip/_vendor/msgpack
d	775	994:993	4096	/home/woa23c1ro/.local/share/uv/python/cpython-3.11.14-linux-x86_64-gnu/lib/python3.11/site-packages/pip/_vendor/packaging
d	775	994:993	4096	/home/woa23c1ro/.local/share/uv/python/cpython-3.11.14-linux-x86_64-gnu/lib/python3.11/site-packages/pip/_vendor/packaging/licenses
d	775	994:993	4096	/home/woa23c1ro/.local/share/uv/python/cpython-3.11.14-linux-x86_64-gnu/lib/python3.11/site-packages/pip/_vendor/pkg_resources
d	775	994:993	4096	/home/woa23c1ro/.local/share/uv/python/cpython-3.11.14-linux-x86_64-gnu/lib/python3.11/site-packages/pip/_vendor/platformdirs
d	775	994:993	4096	/home/woa23c1ro/.local/share/uv/python/cpython-3.11.14-linux-x86_64-gnu/lib/python3.11/site-packages/pip/_vendor/pygments
d	775	994:993	4096	/home/woa23c1ro/.local/share/uv/python/cpython-3.11.14-linux-x86_64-gnu/lib/python3.11/site-packages/pip/_vendor/pygments/filters
d	775	994:993	4096	/home/woa23c1ro/.local/share/uv/python/cpython-3.11.14-linux-x86_64-gnu/lib/python3.11/site-packages/pip/_vendor/pygments/formatters
d	775	994:993	4096	/home/woa23c1ro/.local/share/uv/python/cpython-3.11.14-linux-x86_64-gnu/lib/python3.11/site-packages/pip/_vendor/pygments/lexers
d	775	994:993	4096	/home/woa23c1ro/.local/share/uv/python/cpython-3.11.14-linux-x86_64-gnu/lib/python3.11/site-packages/pip/_vendor/pygments/styles
d	775	994:993	4096	/home/woa23c1ro/.local/share/uv/python/cpython-3.11.14-linux-x86_64-gnu/lib/python3.11/site-packages/pip/_vendor/pyproject_hooks
d	775	994:993	4096	/home/woa23c1ro/.local/share/uv/python/cpython-3.11.14-linux-x86_64-gnu/lib/python3.11/site-packages/pip/_vendor/pyproject_hooks/_in_process
d	775	994:993	4096	/home/woa23c1ro/.local/share/uv/python/cpython-3.11.14-linux-x86_64-gnu/lib/python3.11/site-packages/pip/_vendor/requests
d	775	994:993	4096	/home/woa23c1ro/.local/share/uv/python/cpython-3.11.14-linux-x86_64-gnu/lib/python3.11/site-packages/pip/_vendor/resolvelib
d	775	994:993	4096	/home/woa23c1ro/.local/share/uv/python/cpython-3.11.14-linux-x86_64-gnu/lib/python3.11/site-packages/pip/_vendor/resolvelib/resolvers
d	775	994:993	4096	/home/woa23c1ro/.local/share/uv/python/cpython-3.11.14-linux-x86_64-gnu/lib/python3.11/site-packages/pip/_vendor/rich
d	775	994:993	4096	/home/woa23c1ro/.local/share/uv/python/cpython-3.11.14-linux-x86_64-gnu/lib/python3.11/site-packages/pip/_vendor/tomli
d	775	994:993	4096	/home/woa23c1ro/.local/share/uv/python/cpython-3.11.14-linux-x86_64-gnu/lib/python3.11/site-packages/pip/_vendor/tomli_w
d	775	994:993	4096	/home/woa23c1ro/.local/share/uv/python/cpython-3.11.14-linux-x86_64-gnu/lib/python3.11/site-packages/pip/_vendor/truststore
d	775	994:993	4096	/home/woa23c1ro/.local/share/uv/python/cpython-3.11.14-linux-x86_64-gnu/lib/python3.11/site-packages/pip/_vendor/urllib3
d	775	994:993	4096	/home/woa23c1ro/.local/share/uv/python/cpython-3.11.14-linux-x86_64-gnu/lib/python3.11/site-packages/pip/_vendor/urllib3/contrib
d	775	994:993	4096	/home/woa23c1ro/.local/share/uv/python/cpython-3.11.14-linux-x86_64-gnu/lib/python3.11/site-packages/pip/_vendor/urllib3/contrib/_securetransport
d	775	994:993	4096	/home/woa23c1ro/.local/share/uv/python/cpython-3.11.14-linux-x86_64-gnu/lib/python3.11/site-packages/pip/_vendor/urllib3/packages
d	775	994:993	4096	/home/woa23c1ro/.local/share/uv/python/cpython-3.11.14-linux-x86_64-gnu/lib/python3.11/site-packages/pip/_vendor/urllib3/packages/backports
d	775	994:993	4096	/home/woa23c1ro/.local/share/uv/python/cpython-3.11.14-linux-x86_64-gnu/lib/python3.11/site-packages/pip/_vendor/urllib3/util
d	775	994:993	4096	/home/woa23c1ro/.local/share/uv/python/cpython-3.11.14-linux-x86_64-gnu/lib/python3.11/site-packages/pkg_resources
d	775	994:993	4096	/home/woa23c1ro/.local/share/uv/python/cpython-3.11.14-linux-x86_64-gnu/lib/python3.11/site-packages/pkg_resources/tests
d	775	994:993	4096	/home/woa23c1ro/.local/share/uv/python/cpython-3.11.14-linux-x86_64-gnu/lib/python3.11/site-packages/pkg_resources/tests/data
d	775	994:993	4096	/home/woa23c1ro/.local/share/uv/python/cpython-3.11.14-linux-x86_64-gnu/lib/python3.11/site-packages/pkg_resources/tests/data/my-test-package-source
d	775	994:993	4096	/home/woa23c1ro/.local/share/uv/python/cpython-3.11.14-linux-x86_64-gnu/lib/python3.11/site-packages/pkg_resources/tests/data/my-test-package-zip
d	775	994:993	4096	/home/woa23c1ro/.local/share/uv/python/cpython-3.11.14-linux-x86_64-gnu/lib/python3.11/site-packages/pkg_resources/tests/data/my-test-package_unpacked-egg
d	775	994:993	4096	/home/woa23c1ro/.local/share/uv/python/cpython-3.11.14-linux-x86_64-gnu/lib/python3.11/site-packages/pkg_resources/tests/data/my-test-package_unpacked-egg/my_test_package-1.0-py3.7.egg
d	775	994:993	4096	/home/woa23c1ro/.local/share/uv/python/cpython-3.11.14-linux-x86_64-gnu/lib/python3.11/site-packages/pkg_resources/tests/data/my-test-package_unpacked-egg/my_test_package-1.0-py3.7.egg/EGG-INFO
d	775	994:993	4096	/home/woa23c1ro/.local/share/uv/python/cpython-3.11.14-linux-x86_64-gnu/lib/python3.11/site-packages/pkg_resources/tests/data/my-test-package_zipped-egg
d	775	994:993	4096	/home/woa23c1ro/.local/share/uv/python/cpython-3.11.14-linux-x86_64-gnu/lib/python3.11/site-packages/setuptools
d	775	994:993	4096	/home/woa23c1ro/.local/share/uv/python/cpython-3.11.14-linux-x86_64-gnu/lib/python3.11/site-packages/setuptools-80.9.0.dist-info
d	775	994:993	4096	/home/woa23c1ro/.local/share/uv/python/cpython-3.11.14-linux-x86_64-gnu/lib/python3.11/site-packages/setuptools-80.9.0.dist-info/licenses
d	775	994:993	4096	/home/woa23c1ro/.local/share/uv/python/cpython-3.11.14-linux-x86_64-gnu/lib/python3.11/site-packages/setuptools/_distutils
d	775	994:993	4096	/home/woa23c1ro/.local/share/uv/python/cpython-3.11.14-linux-x86_64-gnu/lib/python3.11/site-packages/setuptools/_distutils/command
d	775	994:993	4096	/home/woa23c1ro/.local/share/uv/python/cpython-3.11.14-linux-x86_64-gnu/lib/python3.11/site-packages/setuptools/_distutils/compat
d	775	994:993	4096	/home/woa23c1ro/.local/share/uv/python/cpython-3.11.14-linux-x86_64-gnu/lib/python3.11/site-packages/setuptools/_distutils/compilers
d	775	994:993	4096	/home/woa23c1ro/.local/share/uv/python/cpython-3.11.14-linux-x86_64-gnu/lib/python3.11/site-packages/setuptools/_distutils/compilers/C
d	775	994:993	4096	/home/woa23c1ro/.local/share/uv/python/cpython-3.11.14-linux-x86_64-gnu/lib/python3.11/site-packages/setuptools/_distutils/compilers/C/tests
d	775	994:993	4096	/home/woa23c1ro/.local/share/uv/python/cpython-3.11.14-linux-x86_64-gnu/lib/python3.11/site-packages/setuptools/_distutils/tests
d	775	994:993	4096	/home/woa23c1ro/.local/share/uv/python/cpython-3.11.14-linux-x86_64-gnu/lib/python3.11/site-packages/setuptools/_distutils/tests/compat
d	775	994:993	4096	/home/woa23c1ro/.local/share/uv/python/cpython-3.11.14-linux-x86_64-gnu/lib/python3.11/site-packages/setuptools/_vendor
d	775	994:993	4096	/home/woa23c1ro/.local/share/uv/python/cpython-3.11.14-linux-x86_64-gnu/lib/python3.11/site-packages/setuptools/_vendor/autocommand
d	775	994:993	4096	/home/woa23c1ro/.local/share/uv/python/cpython-3.11.14-linux-x86_64-gnu/lib/python3.11/site-packages/setuptools/_vendor/autocommand-2.2.2.dist-info
d	775	994:993	4096	/home/woa23c1ro/.local/share/uv/python/cpython-3.11.14-linux-x86_64-gnu/lib/python3.11/site-packages/setuptools/_vendor/backports
d	775	994:993	4096	/home/woa23c1ro/.local/share/uv/python/cpython-3.11.14-linux-x86_64-gnu/lib/python3.11/site-packages/setuptools/_vendor/backports.tarfile-1.2.0.dist-info
d	775	994:993	4096	/home/woa23c1ro/.local/share/uv/python/cpython-3.11.14-linux-x86_64-gnu/lib/python3.11/site-packages/setuptools/_vendor/backports/tarfile
d	775	994:993	4096	/home/woa23c1ro/.local/share/uv/python/cpython-3.11.14-linux-x86_64-gnu/lib/python3.11/site-packages/setuptools/_vendor/backports/tarfile/compat
d	775	994:993	4096	/home/woa23c1ro/.local/share/uv/python/cpython-3.11.14-linux-x86_64-gnu/lib/python3.11/site-packages/setuptools/_vendor/importlib_metadata
d	775	994:993	4096	/home/woa23c1ro/.local/share/uv/python/cpython-3.11.14-linux-x86_64-gnu/lib/python3.11/site-packages/setuptools/_vendor/importlib_metadata-8.0.0.dist-info
d	775	994:993	4096	/home/woa23c1ro/.local/share/uv/python/cpython-3.11.14-linux-x86_64-gnu/lib/python3.11/site-packages/setuptools/_vendor/importlib_metadata/compat
d	775	994:993	4096	/home/woa23c1ro/.local/share/uv/python/cpython-3.11.14-linux-x86_64-gnu/lib/python3.11/site-packages/setuptools/_vendor/inflect
d	775	994:993	4096	/home/woa23c1ro/.local/share/uv/python/cpython-3.11.14-linux-x86_64-gnu/lib/python3.11/site-packages/setuptools/_vendor/inflect-7.3.1.dist-info
d	775	994:993	4096	/home/woa23c1ro/.local/share/uv/python/cpython-3.11.14-linux-x86_64-gnu/lib/python3.11/site-packages/setuptools/_vendor/inflect/compat
d	775	994:993	4096	/home/woa23c1ro/.local/share/uv/python/cpython-3.11.14-linux-x86_64-gnu/lib/python3.11/site-packages/setuptools/_vendor/jaraco
d	775	994:993	4096	/home/woa23c1ro/.local/share/uv/python/cpython-3.11.14-linux-x86_64-gnu/lib/python3.11/site-packages/setuptools/_vendor/jaraco.collections-5.1.0.dist-info
d	775	994:993	4096	/home/woa23c1ro/.local/share/uv/python/cpython-3.11.14-linux-x86_64-gnu/lib/python3.11/site-packages/setuptools/_vendor/jaraco.context-5.3.0.dist-info
d	775	994:993	4096	/home/woa23c1ro/.local/share/uv/python/cpython-3.11.14-linux-x86_64-gnu/lib/python3.11/site-packages/setuptools/_vendor/jaraco.functools-4.0.1.dist-info
d	775	994:993	4096	/home/woa23c1ro/.local/share/uv/python/cpython-3.11.14-linux-x86_64-gnu/lib/python3.11/site-packages/setuptools/_vendor/jaraco.text-3.12.1.dist-info
d	775	994:993	4096	/home/woa23c1ro/.local/share/uv/python/cpython-3.11.14-linux-x86_64-gnu/lib/python3.11/site-packages/setuptools/_vendor/jaraco/collections
d	775	994:993	4096	/home/woa23c1ro/.local/share/uv/python/cpython-3.11.14-linux-x86_64-gnu/lib/python3.11/site-packages/setuptools/_vendor/jaraco/functools
d	775	994:993	4096	/home/woa23c1ro/.local/share/uv/python/cpython-3.11.14-linux-x86_64-gnu/lib/python3.11/site-packages/setuptools/_vendor/jaraco/text
d	775	994:993	4096	/home/woa23c1ro/.local/share/uv/python/cpython-3.11.14-linux-x86_64-gnu/lib/python3.11/site-packages/setuptools/_vendor/more_itertools
d	775	994:993	4096	/home/woa23c1ro/.local/share/uv/python/cpython-3.11.14-linux-x86_64-gnu/lib/python3.11/site-packages/setuptools/_vendor/more_itertools-10.3.0.dist-info
d	775	994:993	4096	/home/woa23c1ro/.local/share/uv/python/cpython-3.11.14-linux-x86_64-gnu/lib/python3.11/site-packages/setuptools/_vendor/packaging
d	775	994:993	4096	/home/woa23c1ro/.local/share/uv/python/cpython-3.11.14-linux-x86_64-gnu/lib/python3.11/site-packages/setuptools/_vendor/packaging-24.2.dist-info
d	775	994:993	4096	/home/woa23c1ro/.local/share/uv/python/cpython-3.11.14-linux-x86_64-gnu/lib/python3.11/site-packages/setuptools/_vendor/packaging/licenses
d	775	994:993	4096	/home/woa23c1ro/.local/share/uv/python/cpython-3.11.14-linux-x86_64-gnu/lib/python3.11/site-packages/setuptools/_vendor/platformdirs
d	775	994:993	4096	/home/woa23c1ro/.local/share/uv/python/cpython-3.11.14-linux-x86_64-gnu/lib/python3.11/site-packages/setuptools/_vendor/platformdirs-4.2.2.dist-info
d	775	994:993	4096	/home/woa23c1ro/.local/share/uv/python/cpython-3.11.14-linux-x86_64-gnu/lib/python3.11/site-packages/setuptools/_vendor/platformdirs-4.2.2.dist-info/licenses
d	775	994:993	4096	/home/woa23c1ro/.local/share/uv/python/cpython-3.11.14-linux-x86_64-gnu/lib/python3.11/site-packages/setuptools/_vendor/tomli
d	775	994:993	4096	/home/woa23c1ro/.local/share/uv/python/cpython-3.11.14-linux-x86_64-gnu/lib/python3.11/site-packages/setuptools/_vendor/tomli-2.0.1.dist-info
d	775	994:993	4096	/home/woa23c1ro/.local/share/uv/python/cpython-3.11.14-linux-x86_64-gnu/lib/python3.11/site-packages/setuptools/_vendor/typeguard
d	775	994:993	4096	/home/woa23c1ro/.local/share/uv/python/cpython-3.11.14-linux-x86_64-gnu/lib/python3.11/site-packages/setuptools/_vendor/typeguard-4.3.0.dist-info
d	775	994:993	4096	/home/woa23c1ro/.local/share/uv/python/cpython-3.11.14-linux-x86_64-gnu/lib/python3.11/site-packages/setuptools/_vendor/typing_extensions-4.12.2.dist-info
d	775	994:993	4096	/home/woa23c1ro/.local/share/uv/python/cpython-3.11.14-linux-x86_64-gnu/lib/python3.11/site-packages/setuptools/_vendor/wheel
d	775	994:993	4096	/home/woa23c1ro/.local/share/uv/python/cpython-3.11.14-linux-x86_64-gnu/lib/python3.11/site-packages/setuptools/_vendor/wheel-0.45.1.dist-info
d	775	994:993	4096	/home/woa23c1ro/.local/share/uv/python/cpython-3.11.14-linux-x86_64-gnu/lib/python3.11/site-packages/setuptools/_vendor/wheel/cli
d	775	994:993	4096	/home/woa23c1ro/.local/share/uv/python/cpython-3.11.14-linux-x86_64-gnu/lib/python3.11/site-packages/setuptools/_vendor/wheel/vendored
d	775	994:993	4096	/home/woa23c1ro/.local/share/uv/python/cpython-3.11.14-linux-x86_64-gnu/lib/python3.11/site-packages/setuptools/_vendor/wheel/vendored/packaging
d	775	994:993	4096	/home/woa23c1ro/.local/share/uv/python/cpython-3.11.14-linux-x86_64-gnu/lib/python3.11/site-packages/setuptools/_vendor/zipp
d	775	994:993	4096	/home/woa23c1ro/.local/share/uv/python/cpython-3.11.14-linux-x86_64-gnu/lib/python3.11/site-packages/setuptools/_vendor/zipp-3.19.2.dist-info
d	775	994:993	4096	/home/woa23c1ro/.local/share/uv/python/cpython-3.11.14-linux-x86_64-gnu/lib/python3.11/site-packages/setuptools/_vendor/zipp/compat
d	775	994:993	4096	/home/woa23c1ro/.local/share/uv/python/cpython-3.11.14-linux-x86_64-gnu/lib/python3.11/site-packages/setuptools/command
d	775	994:993	4096	/home/woa23c1ro/.local/share/uv/python/cpython-3.11.14-linux-x86_64-gnu/lib/python3.11/site-packages/setuptools/compat
d	775	994:993	4096	/home/woa23c1ro/.local/share/uv/python/cpython-3.11.14-linux-x86_64-gnu/lib/python3.11/site-packages/setuptools/config
d	775	994:993	4096	/home/woa23c1ro/.local/share/uv/python/cpython-3.11.14-linux-x86_64-gnu/lib/python3.11/site-packages/setuptools/config/_validate_pyproject
d	775	994:993	4096	/home/woa23c1ro/.local/share/uv/python/cpython-3.11.14-linux-x86_64-gnu/lib/python3.11/site-packages/setuptools/tests
d	775	994:993	4096	/home/woa23c1ro/.local/share/uv/python/cpython-3.11.14-linux-x86_64-gnu/lib/python3.11/site-packages/setuptools/tests/compat
d	775	994:993	4096	/home/woa23c1ro/.local/share/uv/python/cpython-3.11.14-linux-x86_64-gnu/lib/python3.11/site-packages/setuptools/tests/config
d	775	994:993	4096	/home/woa23c1ro/.local/share/uv/python/cpython-3.11.14-linux-x86_64-gnu/lib/python3.11/site-packages/setuptools/tests/config/downloads
d	775	994:993	4096	/home/woa23c1ro/.local/share/uv/python/cpython-3.11.14-linux-x86_64-gnu/lib/python3.11/site-packages/setuptools/tests/indexes
d	775	994:993	4096	/home/woa23c1ro/.local/share/uv/python/cpython-3.11.14-linux-x86_64-gnu/lib/python3.11/site-packages/setuptools/tests/indexes/test_links_priority
d	775	994:993	4096	/home/woa23c1ro/.local/share/uv/python/cpython-3.11.14-linux-x86_64-gnu/lib/python3.11/site-packages/setuptools/tests/indexes/test_links_priority/simple
d	775	994:993	4096	/home/woa23c1ro/.local/share/uv/python/cpython-3.11.14-linux-x86_64-gnu/lib/python3.11/site-packages/setuptools/tests/indexes/test_links_priority/simple/foobar
d	775	994:993	4096	/home/woa23c1ro/.local/share/uv/python/cpython-3.11.14-linux-x86_64-gnu/lib/python3.11/site-packages/setuptools/tests/integration
d	775	994:993	4096	/home/woa23c1ro/.local/share/uv/python/cpython-3.11.14-linux-x86_64-gnu/lib/python3.11/sqlite3
d	775	994:993	4096	/home/woa23c1ro/.local/share/uv/python/cpython-3.11.14-linux-x86_64-gnu/lib/python3.11/tkinter
d	775	994:993	4096	/home/woa23c1ro/.local/share/uv/python/cpython-3.11.14-linux-x86_64-gnu/lib/python3.11/tomllib
d	775	994:993	4096	/home/woa23c1ro/.local/share/uv/python/cpython-3.11.14-linux-x86_64-gnu/lib/python3.11/turtledemo
d	775	994:993	4096	/home/woa23c1ro/.local/share/uv/python/cpython-3.11.14-linux-x86_64-gnu/lib/python3.11/unittest
d	775	994:993	4096	/home/woa23c1ro/.local/share/uv/python/cpython-3.11.14-linux-x86_64-gnu/lib/python3.11/urllib
d	775	994:993	4096	/home/woa23c1ro/.local/share/uv/python/cpython-3.11.14-linux-x86_64-gnu/lib/python3.11/venv
d	775	994:993	4096	/home/woa23c1ro/.local/share/uv/python/cpython-3.11.14-linux-x86_64-gnu/lib/python3.11/venv/scripts
d	775	994:993	4096	/home/woa23c1ro/.local/share/uv/python/cpython-3.11.14-linux-x86_64-gnu/lib/python3.11/venv/scripts/common
d	775	994:993	4096	/home/woa23c1ro/.local/share/uv/python/cpython-3.11.14-linux-x86_64-gnu/lib/python3.11/venv/scripts/posix
d	775	994:993	4096	/home/woa23c1ro/.local/share/uv/python/cpython-3.11.14-linux-x86_64-gnu/lib/python3.11/wsgiref
d	775	994:993	4096	/home/woa23c1ro/.local/share/uv/python/cpython-3.11.14-linux-x86_64-gnu/lib/python3.11/xml
d	775	994:993	4096	/home/woa23c1ro/.local/share/uv/python/cpython-3.11.14-linux-x86_64-gnu/lib/python3.11/xml/dom
d	775	994:993	4096	/home/woa23c1ro/.local/share/uv/python/cpython-3.11.14-linux-x86_64-gnu/lib/python3.11/xml/etree
d	775	994:993	4096	/home/woa23c1ro/.local/share/uv/python/cpython-3.11.14-linux-x86_64-gnu/lib/python3.11/xml/parsers
d	775	994:993	4096	/home/woa23c1ro/.local/share/uv/python/cpython-3.11.14-linux-x86_64-gnu/lib/python3.11/xml/sax
d	775	994:993	4096	/home/woa23c1ro/.local/share/uv/python/cpython-3.11.14-linux-x86_64-gnu/lib/python3.11/xmlrpc
d	775	994:993	4096	/home/woa23c1ro/.local/share/uv/python/cpython-3.11.14-linux-x86_64-gnu/lib/python3.11/zoneinfo
d	775	994:993	4096	/home/woa23c1ro/.local/share/uv/python/cpython-3.11.14-linux-x86_64-gnu/lib/tcl8
d	775	994:993	4096	/home/woa23c1ro/.local/share/uv/python/cpython-3.11.14-linux-x86_64-gnu/lib/tcl8.6
d	775	994:993	4096	/home/woa23c1ro/.local/share/uv/python/cpython-3.11.14-linux-x86_64-gnu/lib/tcl8.6/encoding
d	775	994:993	4096	/home/woa23c1ro/.local/share/uv/python/cpython-3.11.14-linux-x86_64-gnu/lib/tcl8.6/http1.0
d	775	994:993	4096	/home/woa23c1ro/.local/share/uv/python/cpython-3.11.14-linux-x86_64-gnu/lib/tcl8.6/msgs
d	775	994:993	4096	/home/woa23c1ro/.local/share/uv/python/cpython-3.11.14-linux-x86_64-gnu/lib/tcl8.6/opt0.4
d	775	994:993	4096	/home/woa23c1ro/.local/share/uv/python/cpython-3.11.14-linux-x86_64-gnu/lib/tcl8/8.4
d	775	994:993	4096	/home/woa23c1ro/.local/share/uv/python/cpython-3.11.14-linux-x86_64-gnu/lib/tcl8/8.4/platform
d	775	994:993	4096	/home/woa23c1ro/.local/share/uv/python/cpython-3.11.14-linux-x86_64-gnu/lib/tcl8/8.5
d	775	994:993	4096	/home/woa23c1ro/.local/share/uv/python/cpython-3.11.14-linux-x86_64-gnu/lib/tcl8/8.6
d	775	994:993	4096	/home/woa23c1ro/.local/share/uv/python/cpython-3.11.14-linux-x86_64-gnu/lib/thread2.8.9
d	775	994:993	4096	/home/woa23c1ro/.local/share/uv/python/cpython-3.11.14-linux-x86_64-gnu/lib/tk8.6
d	775	994:993	4096	/home/woa23c1ro/.local/share/uv/python/cpython-3.11.14-linux-x86_64-gnu/lib/tk8.6/demos
d	775	994:993	4096	/home/woa23c1ro/.local/share/uv/python/cpython-3.11.14-linux-x86_64-gnu/lib/tk8.6/demos/images
d	775	994:993	4096	/home/woa23c1ro/.local/share/uv/python/cpython-3.11.14-linux-x86_64-gnu/lib/tk8.6/images
d	775	994:993	4096	/home/woa23c1ro/.local/share/uv/python/cpython-3.11.14-linux-x86_64-gnu/lib/tk8.6/msgs
d	775	994:993	4096	/home/woa23c1ro/.local/share/uv/python/cpython-3.11.14-linux-x86_64-gnu/lib/tk8.6/ttk
d	775	994:993	4096	/home/woa23c1ro/.local/share/uv/python/cpython-3.11.14-linux-x86_64-gnu/share
d	775	994:993	4096	/home/woa23c1ro/.local/share/uv/python/cpython-3.11.14-linux-x86_64-gnu/share/man
d	775	994:993	4096	/home/woa23c1ro/.local/share/uv/python/cpython-3.11.14-linux-x86_64-gnu/share/man/man1
d	775	994:993	4096	/home/woa23c1ro/.local/share/uv/python/cpython-3.11.14-linux-x86_64-gnu/share/terminfo
d	775	994:993	4096	/home/woa23c1ro/.local/share/uv/python/cpython-3.11.14-linux-x86_64-gnu/share/terminfo/1
d	775	994:993	4096	/home/woa23c1ro/.local/share/uv/python/cpython-3.11.14-linux-x86_64-gnu/share/terminfo/2
d	775	994:993	4096	/home/woa23c1ro/.local/share/uv/python/cpython-3.11.14-linux-x86_64-gnu/share/terminfo/3
d	775	994:993	4096	/home/woa23c1ro/.local/share/uv/python/cpython-3.11.14-linux-x86_64-gnu/share/terminfo/4
d	775	994:993	4096	/home/woa23c1ro/.local/share/uv/python/cpython-3.11.14-linux-x86_64-gnu/share/terminfo/5
d	775	994:993	4096	/home/woa23c1ro/.local/share/uv/python/cpython-3.11.14-linux-x86_64-gnu/share/terminfo/6
d	775	994:993	4096	/home/woa23c1ro/.local/share/uv/python/cpython-3.11.14-linux-x86_64-gnu/share/terminfo/7
d	775	994:993	4096	/home/woa23c1ro/.local/share/uv/python/cpython-3.11.14-linux-x86_64-gnu/share/terminfo/8
d	775	994:993	4096	/home/woa23c1ro/.local/share/uv/python/cpython-3.11.14-linux-x86_64-gnu/share/terminfo/9
d	775	994:993	4096	/home/woa23c1ro/.local/share/uv/python/cpython-3.11.14-linux-x86_64-gnu/share/terminfo/A
d	775	994:993	4096	/home/woa23c1ro/.local/share/uv/python/cpython-3.11.14-linux-x86_64-gnu/share/terminfo/E
d	775	994:993	4096	/home/woa23c1ro/.local/share/uv/python/cpython-3.11.14-linux-x86_64-gnu/share/terminfo/L
d	775	994:993	4096	/home/woa23c1ro/.local/share/uv/python/cpython-3.11.14-linux-x86_64-gnu/share/terminfo/M
d	775	994:993	4096	/home/woa23c1ro/.local/share/uv/python/cpython-3.11.14-linux-x86_64-gnu/share/terminfo/N
d	775	994:993	4096	/home/woa23c1ro/.local/share/uv/python/cpython-3.11.14-linux-x86_64-gnu/share/terminfo/P
d	775	994:993	4096	/home/woa23c1ro/.local/share/uv/python/cpython-3.11.14-linux-x86_64-gnu/share/terminfo/Q
d	775	994:993	4096	/home/woa23c1ro/.local/share/uv/python/cpython-3.11.14-linux-x86_64-gnu/share/terminfo/X
d	775	994:993	4096	/home/woa23c1ro/.local/share/uv/python/cpython-3.11.14-linux-x86_64-gnu/share/terminfo/b
d	775	994:993	4096	/home/woa23c1ro/.local/share/uv/python/cpython-3.11.14-linux-x86_64-gnu/share/terminfo/c
d	775	994:993	4096	/home/woa23c1ro/.local/share/uv/python/cpython-3.11.14-linux-x86_64-gnu/share/terminfo/e
d	775	994:993	4096	/home/woa23c1ro/.local/share/uv/python/cpython-3.11.14-linux-x86_64-gnu/share/terminfo/f
d	775	994:993	4096	/home/woa23c1ro/.local/share/uv/python/cpython-3.11.14-linux-x86_64-gnu/share/terminfo/g
d	775	994:993	4096	/home/woa23c1ro/.local/share/uv/python/cpython-3.11.14-linux-x86_64-gnu/share/terminfo/h
d	775	994:993	4096	/home/woa23c1ro/.local/share/uv/python/cpython-3.11.14-linux-x86_64-gnu/share/terminfo/i
d	775	994:993	4096	/home/woa23c1ro/.local/share/uv/python/cpython-3.11.14-linux-x86_64-gnu/share/terminfo/j
d	775	994:993	4096	/home/woa23c1ro/.local/share/uv/python/cpython-3.11.14-linux-x86_64-gnu/share/terminfo/k
d	775	994:993	4096	/home/woa23c1ro/.local/share/uv/python/cpython-3.11.14-linux-x86_64-gnu/share/terminfo/l
d	775	994:993	4096	/home/woa23c1ro/.local/share/uv/python/cpython-3.11.14-linux-x86_64-gnu/share/terminfo/m
d	775	994:993	4096	/home/woa23c1ro/.local/share/uv/python/cpython-3.11.14-linux-x86_64-gnu/share/terminfo/n
d	775	994:993	4096	/home/woa23c1ro/.local/share/uv/python/cpython-3.11.14-linux-x86_64-gnu/share/terminfo/o
d	775	994:993	4096	/home/woa23c1ro/.local/share/uv/python/cpython-3.11.14-linux-x86_64-gnu/share/terminfo/p
d	775	994:993	4096	/home/woa23c1ro/.local/share/uv/python/cpython-3.11.14-linux-x86_64-gnu/share/terminfo/q
d	775	994:993	4096	/home/woa23c1ro/.local/share/uv/python/cpython-3.11.14-linux-x86_64-gnu/share/terminfo/r
d	775	994:993	4096	/home/woa23c1ro/.local/share/uv/python/cpython-3.11.14-linux-x86_64-gnu/share/terminfo/s
d	775	994:993	4096	/home/woa23c1ro/.local/share/uv/python/cpython-3.11.14-linux-x86_64-gnu/share/terminfo/u
d	775	994:993	4096	/home/woa23c1ro/.local/share/uv/python/cpython-3.11.14-linux-x86_64-gnu/share/terminfo/v
d	775	994:993	4096	/home/woa23c1ro/.local/share/uv/python/cpython-3.11.14-linux-x86_64-gnu/share/terminfo/x
d	775	994:993	4096	/home/woa23c1ro/.local/share/uv/python/cpython-3.11.14-linux-x86_64-gnu/share/terminfo/z
f	664	994:993	0	/home/woa23c1ro/.local/share/uv/python/cpython-3.11.14-linux-x86_64-gnu/lib/python3.11/email/mime/__init__.py
f	664	994:993	0	/home/woa23c1ro/.local/share/uv/python/cpython-3.11.14-linux-x86_64-gnu/lib/python3.11/lib-dynload/.empty
f	664	994:993	0	/home/woa23c1ro/.local/share/uv/python/cpython-3.11.14-linux-x86_64-gnu/lib/python3.11/pydoc_data/__init__.py
f	664	994:993	0	/home/woa23c1ro/.local/share/uv/python/cpython-3.11.14-linux-x86_64-gnu/lib/python3.11/site-packages/pip-25.3.dist-info/REQUESTED
f	664	994:993	0	/home/woa23c1ro/.local/share/uv/python/cpython-3.11.14-linux-x86_64-gnu/lib/python3.11/site-packages/pip/_internal/operations/__init__.py
f	664	994:993	0	/home/woa23c1ro/.local/share/uv/python/cpython-3.11.14-linux-x86_64-gnu/lib/python3.11/site-packages/pip/_internal/operations/build/__init__.py
f	664	994:993	0	/home/woa23c1ro/.local/share/uv/python/cpython-3.11.14-linux-x86_64-gnu/lib/python3.11/site-packages/pip/_internal/resolution/__init__.py
f	664	994:993	0	/home/woa23c1ro/.local/share/uv/python/cpython-3.11.14-linux-x86_64-gnu/lib/python3.11/site-packages/pip/_internal/resolution/legacy/__init__.py
f	664	994:993	0	/home/woa23c1ro/.local/share/uv/python/cpython-3.11.14-linux-x86_64-gnu/lib/python3.11/site-packages/pip/_internal/resolution/resolvelib/__init__.py
f	664	994:993	0	/home/woa23c1ro/.local/share/uv/python/cpython-3.11.14-linux-x86_64-gnu/lib/python3.11/site-packages/pip/_internal/utils/__init__.py
f	664	994:993	0	/home/woa23c1ro/.local/share/uv/python/cpython-3.11.14-linux-x86_64-gnu/lib/python3.11/site-packages/pip/_vendor/cachecontrol/py.typed
f	664	994:993	0	/home/woa23c1ro/.local/share/uv/python/cpython-3.11.14-linux-x86_64-gnu/lib/python3.11/site-packages/pip/_vendor/certifi/py.typed
f	664	994:993	0	/home/woa23c1ro/.local/share/uv/python/cpython-3.11.14-linux-x86_64-gnu/lib/python3.11/site-packages/pip/_vendor/dependency_groups/py.typed
f	664	994:993	0	/home/woa23c1ro/.local/share/uv/python/cpython-3.11.14-linux-x86_64-gnu/lib/python3.11/site-packages/pip/_vendor/distro/py.typed
f	664	994:993	0	/home/woa23c1ro/.local/share/uv/python/cpython-3.11.14-linux-x86_64-gnu/lib/python3.11/site-packages/pip/_vendor/idna/py.typed
f	664	994:993	0	/home/woa23c1ro/.local/share/uv/python/cpython-3.11.14-linux-x86_64-gnu/lib/python3.11/site-packages/pip/_vendor/packaging/py.typed
f	664	994:993	0	/home/woa23c1ro/.local/share/uv/python/cpython-3.11.14-linux-x86_64-gnu/lib/python3.11/site-packages/pip/_vendor/platformdirs/py.typed
f	664	994:993	0	/home/woa23c1ro/.local/share/uv/python/cpython-3.11.14-linux-x86_64-gnu/lib/python3.11/site-packages/pip/_vendor/pyproject_hooks/py.typed
f	664	994:993	0	/home/woa23c1ro/.local/share/uv/python/cpython-3.11.14-linux-x86_64-gnu/lib/python3.11/site-packages/pip/_vendor/resolvelib/py.typed
f	664	994:993	0	/home/woa23c1ro/.local/share/uv/python/cpython-3.11.14-linux-x86_64-gnu/lib/python3.11/site-packages/pip/_vendor/rich/py.typed
f	664	994:993	0	/home/woa23c1ro/.local/share/uv/python/cpython-3.11.14-linux-x86_64-gnu/lib/python3.11/site-packages/pip/_vendor/truststore/py.typed
f	664	994:993	0	/home/woa23c1ro/.local/share/uv/python/cpython-3.11.14-linux-x86_64-gnu/lib/python3.11/site-packages/pip/_vendor/urllib3/contrib/__init__.py
f	664	994:993	0	/home/woa23c1ro/.local/share/uv/python/cpython-3.11.14-linux-x86_64-gnu/lib/python3.11/site-packages/pip/_vendor/urllib3/contrib/_securetransport/__init__.py
f	664	994:993	0	/home/woa23c1ro/.local/share/uv/python/cpython-3.11.14-linux-x86_64-gnu/lib/python3.11/site-packages/pip/_vendor/urllib3/packages/__init__.py
f	664	994:993	0	/home/woa23c1ro/.local/share/uv/python/cpython-3.11.14-linux-x86_64-gnu/lib/python3.11/site-packages/pip/_vendor/urllib3/packages/backports/__init__.py
f	664	994:993	0	/home/woa23c1ro/.local/share/uv/python/cpython-3.11.14-linux-x86_64-gnu/lib/python3.11/site-packages/pkg_resources/py.typed
f	664	994:993	0	/home/woa23c1ro/.local/share/uv/python/cpython-3.11.14-linux-x86_64-gnu/lib/python3.11/site-packages/pkg_resources/tests/__init__.py
f	664	994:993	0	/home/woa23c1ro/.local/share/uv/python/cpython-3.11.14-linux-x86_64-gnu/lib/python3.11/site-packages/pkg_resources/tests/data/my-test-package-source/setup.cfg
f	664	994:993	0	/home/woa23c1ro/.local/share/uv/python/cpython-3.11.14-linux-x86_64-gnu/lib/python3.11/site-packages/setuptools-80.9.0.dist-info/REQUESTED
f	664	994:993	0	/home/woa23c1ro/.local/share/uv/python/cpython-3.11.14-linux-x86_64-gnu/lib/python3.11/site-packages/setuptools/_distutils/tests/compat/__init__.py
f	664	994:993	0	/home/woa23c1ro/.local/share/uv/python/cpython-3.11.14-linux-x86_64-gnu/lib/python3.11/site-packages/setuptools/_distutils/tests/test_versionpredicate.py
f	664	994:993	0	/home/woa23c1ro/.local/share/uv/python/cpython-3.11.14-linux-x86_64-gnu/lib/python3.11/site-packages/setuptools/_vendor/backports.tarfile-1.2.0.dist-info/REQUESTED
f	664	994:993	0	/home/woa23c1ro/.local/share/uv/python/cpython-3.11.14-linux-x86_64-gnu/lib/python3.11/site-packages/setuptools/_vendor/backports/tarfile/compat/__init__.py
f	664	994:993	0	/home/woa23c1ro/.local/share/uv/python/cpython-3.11.14-linux-x86_64-gnu/lib/python3.11/site-packages/setuptools/_vendor/importlib_metadata-8.0.0.dist-info/REQUESTED
f	664	994:993	0	/home/woa23c1ro/.local/share/uv/python/cpython-3.11.14-linux-x86_64-gnu/lib/python3.11/site-packages/setuptools/_vendor/importlib_metadata/compat/__init__.py
f	664	994:993	0	/home/woa23c1ro/.local/share/uv/python/cpython-3.11.14-linux-x86_64-gnu/lib/python3.11/site-packages/setuptools/_vendor/importlib_metadata/py.typed
f	664	994:993	0	/home/woa23c1ro/.local/share/uv/python/cpython-3.11.14-linux-x86_64-gnu/lib/python3.11/site-packages/setuptools/_vendor/inflect/compat/__init__.py
f	664	994:993	0	/home/woa23c1ro/.local/share/uv/python/cpython-3.11.14-linux-x86_64-gnu/lib/python3.11/site-packages/setuptools/_vendor/inflect/py.typed
f	664	994:993	0	/home/woa23c1ro/.local/share/uv/python/cpython-3.11.14-linux-x86_64-gnu/lib/python3.11/site-packages/setuptools/_vendor/jaraco.collections-5.1.0.dist-info/REQUESTED
f	664	994:993	0	/home/woa23c1ro/.local/share/uv/python/cpython-3.11.14-linux-x86_64-gnu/lib/python3.11/site-packages/setuptools/_vendor/jaraco.text-3.12.1.dist-info/REQUESTED
f	664	994:993	0	/home/woa23c1ro/.local/share/uv/python/cpython-3.11.14-linux-x86_64-gnu/lib/python3.11/site-packages/setuptools/_vendor/jaraco/collections/py.typed
f	664	994:993	0	/home/woa23c1ro/.local/share/uv/python/cpython-3.11.14-linux-x86_64-gnu/lib/python3.11/site-packages/setuptools/_vendor/jaraco/functools/py.typed
f	664	994:993	0	/home/woa23c1ro/.local/share/uv/python/cpython-3.11.14-linux-x86_64-gnu/lib/python3.11/site-packages/setuptools/_vendor/more_itertools-10.3.0.dist-info/REQUESTED
f	664	994:993	0	/home/woa23c1ro/.local/share/uv/python/cpython-3.11.14-linux-x86_64-gnu/lib/python3.11/site-packages/setuptools/_vendor/more_itertools/py.typed
f	664	994:993	0	/home/woa23c1ro/.local/share/uv/python/cpython-3.11.14-linux-x86_64-gnu/lib/python3.11/site-packages/setuptools/_vendor/packaging-24.2.dist-info/REQUESTED
f	664	994:993	0	/home/woa23c1ro/.local/share/uv/python/cpython-3.11.14-linux-x86_64-gnu/lib/python3.11/site-packages/setuptools/_vendor/packaging/py.typed
f	664	994:993	0	/home/woa23c1ro/.local/share/uv/python/cpython-3.11.14-linux-x86_64-gnu/lib/python3.11/site-packages/setuptools/_vendor/platformdirs-4.2.2.dist-info/REQUESTED
f	664	994:993	0	/home/woa23c1ro/.local/share/uv/python/cpython-3.11.14-linux-x86_64-gnu/lib/python3.11/site-packages/setuptools/_vendor/platformdirs/py.typed
f	664	994:993	0	/home/woa23c1ro/.local/share/uv/python/cpython-3.11.14-linux-x86_64-gnu/lib/python3.11/site-packages/setuptools/_vendor/tomli-2.0.1.dist-info/REQUESTED
f	664	994:993	0	/home/woa23c1ro/.local/share/uv/python/cpython-3.11.14-linux-x86_64-gnu/lib/python3.11/site-packages/setuptools/_vendor/typeguard/py.typed
f	664	994:993	0	/home/woa23c1ro/.local/share/uv/python/cpython-3.11.14-linux-x86_64-gnu/lib/python3.11/site-packages/setuptools/_vendor/wheel-0.45.1.dist-info/REQUESTED
f	664	994:993	0	/home/woa23c1ro/.local/share/uv/python/cpython-3.11.14-linux-x86_64-gnu/lib/python3.11/site-packages/setuptools/_vendor/wheel/vendored/__init__.py
f	664	994:993	0	/home/woa23c1ro/.local/share/uv/python/cpython-3.11.14-linux-x86_64-gnu/lib/python3.11/site-packages/setuptools/_vendor/wheel/vendored/packaging/__init__.py
f	664	994:993	0	/home/woa23c1ro/.local/share/uv/python/cpython-3.11.14-linux-x86_64-gnu/lib/python3.11/site-packages/setuptools/_vendor/zipp-3.19.2.dist-info/REQUESTED
f	664	994:993	0	/home/woa23c1ro/.local/share/uv/python/cpython-3.11.14-linux-x86_64-gnu/lib/python3.11/site-packages/setuptools/_vendor/zipp/compat/__init__.py
f	664	994:993	0	/home/woa23c1ro/.local/share/uv/python/cpython-3.11.14-linux-x86_64-gnu/lib/python3.11/site-packages/setuptools/compat/__init__.py
f	664	994:993	0	/home/woa23c1ro/.local/share/uv/python/cpython-3.11.14-linux-x86_64-gnu/lib/python3.11/site-packages/setuptools/tests/compat/__init__.py
f	664	994:993	0	/home/woa23c1ro/.local/share/uv/python/cpython-3.11.14-linux-x86_64-gnu/lib/python3.11/site-packages/setuptools/tests/config/__init__.py
f	664	994:993	0	/home/woa23c1ro/.local/share/uv/python/cpython-3.11.14-linux-x86_64-gnu/lib/python3.11/site-packages/setuptools/tests/integration/__init__.py
f	664	994:993	0	/home/woa23c1ro/.local/share/uv/python/cpython-3.11.14-linux-x86_64-gnu/lib/python3.11/urllib/__init__.py
f	664	994:993	1	/home/woa23c1ro/.local/share/uv/python/cpython-3.11.14-linux-x86_64-gnu/lib/python3.11/site-packages/pkg_resources/tests/data/my-test-package_unpacked-egg/my_test_package-1.0-py3.7.egg/EGG-INFO/dependency_links.txt
f	664	994:993	1	/home/woa23c1ro/.local/share/uv/python/cpython-3.11.14-linux-x86_64-gnu/lib/python3.11/site-packages/pkg_resources/tests/data/my-test-package_unpacked-egg/my_test_package-1.0-py3.7.egg/EGG-INFO/top_level.txt
f	664	994:993	1	/home/woa23c1ro/.local/share/uv/python/cpython-3.11.14-linux-x86_64-gnu/lib/python3.11/site-packages/pkg_resources/tests/data/my-test-package_unpacked-egg/my_test_package-1.0-py3.7.egg/EGG-INFO/zip-safe
f	664	994:993	10	/home/woa23c1ro/.local/share/uv/python/cpython-3.11.14-linux-x86_64-gnu/lib/python3.11/site-packages/setuptools/_vendor/backports.tarfile-1.2.0.dist-info/top_level.txt
f	664	994:993	10	/home/woa23c1ro/.local/share/uv/python/cpython-3.11.14-linux-x86_64-gnu/lib/python3.11/site-packages/setuptools/_vendor/typeguard-4.3.0.dist-info/top_level.txt
f	664	994:993	1002	/home/woa23c1ro/.local/share/uv/python/cpython-3.11.14-linux-x86_64-gnu/lib/tk8.6/demos/image1.tcl
f	664	994:993	100283	/home/woa23c1ro/.local/share/uv/python/cpython-3.11.14-linux-x86_64-gnu/lib/python3.11/argparse.py
f	664	994:993	1003	/home/woa23c1ro/.local/share/uv/python/cpython-3.11.14-linux-x86_64-gnu/lib/python3.11/this.py
f	664	994:993	10031	/home/woa23c1ro/.local/share/uv/python/cpython-3.11.14-linux-x86_64-gnu/lib/python3.11/site-packages/pip/_vendor/pygments/util.py
f	664	994:993	10037	/home/woa23c1ro/.local/share/uv/python/cpython-3.11.14-linux-x86_64-gnu/include/python3.11/internal/pycore_object.h
f	664	994:993	1004	/home/woa23c1ro/.local/share/uv/python/cpython-3.11.14-linux-x86_64-gnu/share/terminfo/e/excel62
f	664	994:993	1004	/home/woa23c1ro/.local/share/uv/python/cpython-3.11.14-linux-x86_64-gnu/share/terminfo/s/sun
f	664	994:993	1004	/home/woa23c1ro/.local/share/uv/python/cpython-3.11.14-linux-x86_64-gnu/share/terminfo/s/sun-il
f	664	994:993	1004	/home/woa23c1ro/.local/share/uv/python/cpython-3.11.14-linux-x86_64-gnu/share/terminfo/v/vt100+4bsd
f	664	994:993	1005	/home/woa23c1ro/.local/share/uv/python/cpython-3.11.14-linux-x86_64-gnu/lib/python3.11/encodings/utf_8.py
f	664	994:993	1005	/home/woa23c1ro/.local/share/uv/python/cpython-3.11.14-linux-x86_64-gnu/lib/python3.11/site-packages/pip/_vendor/pygments/modeline.py
f	664	994:993	1005	/home/woa23c1ro/.local/share/uv/python/cpython-3.11.14-linux-x86_64-gnu/share/terminfo/d/d211-dg
f	664	994:993	10067	/home/woa23c1ro/.local/share/uv/python/cpython-3.11.14-linux-x86_64-gnu/lib/python3.11/types.py
f	664	994:993	1007	/home/woa23c1ro/.local/share/uv/python/cpython-3.11.14-linux-x86_64-gnu/share/terminfo/a/adm21
f	664	994:993	1008	/home/woa23c1ro/.local/share/uv/python/cpython-3.11.14-linux-x86_64-gnu/share/terminfo/e/env230
f	664	994:993	100849	/home/woa23c1ro/.local/share/uv/python/cpython-3.11.14-linux-x86_64-gnu/lib/python3.11/site-packages/pip/_vendor/rich/console.py
f	664	994:993	10099	/home/woa23c1ro/.local/share/uv/python/cpython-3.11.14-linux-x86_64-gnu/lib/python3.11/site-packages/setuptools/tests/test_build_ext.py
f	664	994:993	101	/home/woa23c1ro/.local/share/uv/python/cpython-3.11.14-linux-x86_64-gnu/share/terminfo/a/ansi+cup
f	664	994:993	10105	/home/woa23c1ro/.local/share/uv/python/cpython-3.11.14-linux-x86_64-gnu/lib/python3.11/site-packages/pip/_internal/commands/configuration.py
f	664	994:993	1011	/home/woa23c1ro/.local/share/uv/python/cpython-3.11.14-linux-x86_64-gnu/lib/python3.11/encodings/hz.py
f	664	994:993	1011	/home/woa23c1ro/.local/share/uv/python/cpython-3.11.14-linux-x86_64-gnu/share/terminfo/a/att7300
f	664	994:993	1011	/home/woa23c1ro/.local/share/uv/python/cpython-3.11.14-linux-x86_64-gnu/share/terminfo/b/basis
f	664	994:993	1011	/home/woa23c1ro/.local/share/uv/python/cpython-3.11.14-linux-x86_64-gnu/share/terminfo/x/xnuppc-m-b
f	664	994:993	1011	/home/woa23c1ro/.local/share/uv/python/cpython-3.11.14-linux-x86_64-gnu/share/terminfo/x/xterm+pcf0
f	664	994:993	1012	/home/woa23c1ro/.local/share/uv/python/cpython-3.11.14-linux-x86_64-gnu/share/terminfo/a/att2350
f	664	994:993	10125	/home/woa23c1ro/.local/share/uv/python/cpython-3.11.14-linux-x86_64-gnu/lib/python3.11/site-packages/pip/_vendor/platformdirs/windows.py
f	664	994:993	10125	/home/woa23c1ro/.local/share/uv/python/cpython-3.11.14-linux-x86_64-gnu/lib/python3.11/site-packages/setuptools/_vendor/platformdirs/windows.py
f	664	994:993	1013	/home/woa23c1ro/.local/share/uv/python/cpython-3.11.14-linux-x86_64-gnu/share/terminfo/x/xnuppc+f
f	664	994:993	1014	/home/woa23c1ro/.local/share/uv/python/cpython-3.11.14-linux-x86_64-gnu/share/terminfo/p/pcplot
f	664	994:993	1014	/home/woa23c1ro/.local/share/uv/python/cpython-3.11.14-linux-x86_64-gnu/share/terminfo/s/sun-type4
f	664	994:993	10142	/home/woa23c1ro/.local/share/uv/python/cpython-3.11.14-linux-x86_64-gnu/lib/python3.11/site-packages/pip-25.3.dist-info/licenses/src/pip/_vendor/requests/LICENSE
f	664	994:993	10142	/home/woa23c1ro/.local/share/uv/python/cpython-3.11.14-linux-x86_64-gnu/lib/python3.11/site-packages/pip/_vendor/requests/LICENSE
f	664	994:993	1015	/home/woa23c1ro/.local/share/uv/python/cpython-3.11.14-linux-x86_64-gnu/lib/python3.11/encodings/gbk.py
f	664	994:993	1015	/home/woa23c1ro/.local/share/uv/python/cpython-3.11.14-linux-x86_64-gnu/lib/python3.11/site-packages/pip/_internal/utils/_log.py
f	664	994:993	1016	/home/woa23c1ro/.local/share/uv/python/cpython-3.11.14-linux-x86_64-gnu/share/terminfo/i/ibm3161
f	664	994:993	1016	/home/woa23c1ro/.local/share/uv/python/cpython-3.11.14-linux-x86_64-gnu/share/terminfo/s/sun-e
f	664	994:993	10168	/home/woa23c1ro/.local/share/uv/python/cpython-3.11.14-linux-x86_64-gnu/lib/python3.11/site-packages/pip/_vendor/urllib3/util/timeout.py
f	664	994:993	1017	/home/woa23c1ro/.local/share/uv/python/cpython-3.11.14-linux-x86_64-gnu/share/terminfo/a/awsc
f	664	994:993	10174	/home/woa23c1ro/.local/share/uv/python/cpython-3.11.14-linux-x86_64-gnu/lib/python3.11/site-packages/pip-25.3.dist-info/licenses/src/pip/_vendor/packaging/LICENSE.APACHE
f	664	994:993	10174	/home/woa23c1ro/.local/share/uv/python/cpython-3.11.14-linux-x86_64-gnu/lib/python3.11/site-packages/pip/_vendor/packaging/LICENSE.APACHE
f	664	994:993	10174	/home/woa23c1ro/.local/share/uv/python/cpython-3.11.14-linux-x86_64-gnu/lib/python3.11/site-packages/setuptools/_vendor/packaging-24.2.dist-info/LICENSE.APACHE
f	664	994:993	10174	/home/woa23c1ro/.local/share/uv/python/cpython-3.11.14-linux-x86_64-gnu/lib/python3.11/site-packages/setuptools/_vendor/wheel/vendored/packaging/LICENSE.APACHE
f	664	994:993	101751	/home/woa23c1ro/.local/share/uv/python/cpython-3.11.14-linux-x86_64-gnu/lib/python3.11/urllib/request.py
f	664	994:993	10178	/home/woa23c1ro/.local/share/uv/python/cpython-3.11.14-linux-x86_64-gnu/lib/python3.11/filecmp.py
f	664	994:993	1018	/home/woa23c1ro/.local/share/uv/python/cpython-3.11.14-linux-x86_64-gnu/share/terminfo/v/vi50
f	664	994:993	10186	/home/woa23c1ro/.local/share/uv/python/cpython-3.11.14-linux-x86_64-gnu/lib/python3.11/site-packages/pip/_vendor/requests/auth.py
f	664	994:993	101888	/home/woa23c1ro/.local/share/uv/python/cpython-3.11.14-linux-x86_64-gnu/lib/python3.11/site-packages/pip/_vendor/distlib/w64.exe
f	664	994:993	1019	/home/woa23c1ro/.local/share/uv/python/cpython-3.11.14-linux-x86_64-gnu/lib/python3.11/encodings/big5.py
f	664	994:993	1019	/home/woa23c1ro/.local/share/uv/python/cpython-3.11.14-linux-x86_64-gnu/lib/python3.11/encodings/oem.py
f	664	994:993	1019	/home/woa23c1ro/.local/share/uv/python/cpython-3.11.14-linux-x86_64-gnu/lib/python3.11/idlelib/Icons/idle_32.gif
f	664	994:993	1019	/home/woa23c1ro/.local/share/uv/python/cpython-3.11.14-linux-x86_64-gnu/share/terminfo/s/sun-s
f	664	994:993	1019	/home/woa23c1ro/.local/share/uv/python/cpython-3.11.14-linux-x86_64-gnu/share/terminfo/x/xnuppc+f2
f	664	994:993	102	/home/woa23c1ro/.local/share/uv/python/cpython-3.11.14-linux-x86_64-gnu/lib/python3.11/site-packages/pip/_vendor/rich/themes.py
f	664	994:993	1020	/home/woa23c1ro/.local/share/uv/python/cpython-3.11.14-linux-x86_64-gnu/share/terminfo/i/ibcs2
f	664	994:993	1020	/home/woa23c1ro/.local/share/uv/python/cpython-3.11.14-linux-x86_64-gnu/share/terminfo/t/tvi950-2p
f	664	994:993	1020	/home/woa23c1ro/.local/share/uv/python/cpython-3.11.14-linux-x86_64-gnu/share/terminfo/t/tvi950-4p
f	664	994:993	10209	/home/woa23c1ro/.local/share/uv/python/cpython-3.11.14-linux-x86_64-gnu/lib/python3.11/site-packages/pip/_vendor/rich/_cell_widths.py
f	664	994:993	1021	/home/woa23c1ro/.local/share/uv/python/cpython-3.11.14-linux-x86_64-gnu/lib/python3.11/site-packages/setuptools/_vendor/wheel/cli/unpack.py
f	664	994:993	10221	/home/woa23c1ro/.local/share/uv/python/cpython-3.11.14-linux-x86_64-gnu/lib/python3.11/site-packages/pip/_vendor/packaging/_parser.py
f	664	994:993	1023	/home/woa23c1ro/.local/share/uv/python/cpython-3.11.14-linux-x86_64-gnu/lib/python3.11/encodings/cp932.py
f	664	994:993	1023	/home/woa23c1ro/.local/share/uv/python/cpython-3.11.14-linux-x86_64-gnu/lib/python3.11/encodings/cp949.py
f	664	994:993	1023	/home/woa23c1ro/.local/share/uv/python/cpython-3.11.14-linux-x86_64-gnu/lib/python3.11/encodings/cp950.py
f	664	994:993	1023	/home/woa23c1ro/.local/share/uv/python/cpython-3.11.14-linux-x86_64-gnu/lib/python3.11/encodings/johab.py
f	664	994:993	1023	/home/woa23c1ro/.local/share/uv/python/cpython-3.11.14-linux-x86_64-gnu/lib/python3.11/site-packages/pip-25.3.dist-info/licenses/src/pip/_vendor/pkg_resources/LICENSE
f	664	994:993	1023	/home/woa23c1ro/.local/share/uv/python/cpython-3.11.14-linux-x86_64-gnu/lib/python3.11/site-packages/pip/_vendor/pkg_resources/LICENSE
f	664	994:993	1023	/home/woa23c1ro/.local/share/uv/python/cpython-3.11.14-linux-x86_64-gnu/lib/python3.11/site-packages/setuptools-80.9.0.dist-info/licenses/LICENSE
f	664	994:993	1023	/home/woa23c1ro/.local/share/uv/python/cpython-3.11.14-linux-x86_64-gnu/lib/python3.11/site-packages/setuptools/_vendor/backports.tarfile-1.2.0.dist-info/LICENSE
f	664	994:993	1023	/home/woa23c1ro/.local/share/uv/python/cpython-3.11.14-linux-x86_64-gnu/lib/python3.11/site-packages/setuptools/_vendor/inflect-7.3.1.dist-info/LICENSE
f	664	994:993	1023	/home/woa23c1ro/.local/share/uv/python/cpython-3.11.14-linux-x86_64-gnu/lib/python3.11/site-packages/setuptools/_vendor/jaraco.collections-5.1.0.dist-info/LICENSE
f	664	994:993	1023	/home/woa23c1ro/.local/share/uv/python/cpython-3.11.14-linux-x86_64-gnu/lib/python3.11/site-packages/setuptools/_vendor/jaraco.context-5.3.0.dist-info/LICENSE
f	664	994:993	1023	/home/woa23c1ro/.local/share/uv/python/cpython-3.11.14-linux-x86_64-gnu/lib/python3.11/site-packages/setuptools/_vendor/jaraco.functools-4.0.1.dist-info/LICENSE
f	664	994:993	1023	/home/woa23c1ro/.local/share/uv/python/cpython-3.11.14-linux-x86_64-gnu/lib/python3.11/site-packages/setuptools/_vendor/jaraco.text-3.12.1.dist-info/LICENSE
f	664	994:993	1023	/home/woa23c1ro/.local/share/uv/python/cpython-3.11.14-linux-x86_64-gnu/lib/python3.11/site-packages/setuptools/_vendor/zipp-3.19.2.dist-info/LICENSE
f	664	994:993	10236	/home/woa23c1ro/.local/share/uv/python/cpython-3.11.14-linux-x86_64-gnu/lib/python3.11/site-packages/setuptools/_vendor/packaging/_parser.py
f	664	994:993	1024	/home/woa23c1ro/.local/share/uv/python/cpython-3.11.14-linux-x86_64-gnu/share/terminfo/d/dm80w
f	664	994:993	1025	/home/woa23c1ro/.local/share/uv/python/cpython-3.11.14-linux-x86_64-gnu/lib/python3.11/site-packages/pip/_vendor/rich/diagnose.py
f	664	994:993	1025	/home/woa23c1ro/.local/share/uv/python/cpython-3.11.14-linux-x86_64-gnu/share/terminfo/x/xnuppc-m-f
f	664	994:993	10252	/home/woa23c1ro/.local/share/uv/python/cpython-3.11.14-linux-x86_64-gnu/lib/tk8.6/unsupported.tcl
f	664	994:993	1026	/home/woa23c1ro/.local/share/uv/python/cpython-3.11.14-linux-x86_64-gnu/lib/python3.11/site-packages/setuptools/_distutils/tests/compat/py39.py
f	664	994:993	1026	/home/woa23c1ro/.local/share/uv/python/cpython-3.11.14-linux-x86_64-gnu/share/terminfo/d/dgunix+ccc
f	664	994:993	1027	/home/woa23c1ro/.local/share/uv/python/cpython-3.11.14-linux-x86_64-gnu/lib/python3.11/encodings/euc_jp.py
f	664	994:993	1027	/home/woa23c1ro/.local/share/uv/python/cpython-3.11.14-linux-x86_64-gnu/lib/python3.11/encodings/euc_kr.py
f	664	994:993	1027	/home/woa23c1ro/.local/share/uv/python/cpython-3.11.14-linux-x86_64-gnu/lib/python3.11/encodings/gb2312.py
f	664	994:993	1027	/home/woa23c1ro/.local/share/uv/python/cpython-3.11.14-linux-x86_64-gnu/share/terminfo/k/klone+sgr
f	664	994:993	1027	/home/woa23c1ro/.local/share/uv/python/cpython-3.11.14-linux-x86_64-gnu/share/terminfo/v/vt320-k3
f	664	994:993	1029	/home/woa23c1ro/.local/share/uv/python/cpython-3.11.14-linux-x86_64-gnu/share/terminfo/d/dgkeys+8b
f	664	994:993	1029	/home/woa23c1ro/.local/share/uv/python/cpython-3.11.14-linux-x86_64-gnu/share/terminfo/d/dgmode+color8
f	664	994:993	1030	/home/woa23c1ro/.local/share/uv/python/cpython-3.11.14-linux-x86_64-gnu/lib/python3.11/site-packages/pip/_internal/models/index.py
f	664	994:993	1031	/home/woa23c1ro/.local/share/uv/python/cpython-3.11.14-linux-x86_64-gnu/lib/python3.11/encodings/gb18030.py
f	664	994:993	1031	/home/woa23c1ro/.local/share/uv/python/cpython-3.11.14-linux-x86_64-gnu/lib/python3.11/idlelib/Icons/idle_16.png
f	664	994:993	1031	/home/woa23c1ro/.local/share/uv/python/cpython-3.11.14-linux-x86_64-gnu/share/terminfo/a/att2300
f	664	994:993	1031	/home/woa23c1ro/.local/share/uv/python/cpython-3.11.14-linux-x86_64-gnu/share/terminfo/d/d216-dg
f	664	994:993	1031	/home/woa23c1ro/.local/share/uv/python/cpython-3.11.14-linux-x86_64-gnu/share/terminfo/s/sun-e-s
f	664	994:993	10312	/home/woa23c1ro/.local/share/uv/python/cpython-3.11.14-linux-x86_64-gnu/lib/python3.11/idlelib/HISTORY.txt
f	664	994:993	1032	/home/woa23c1ro/.local/share/uv/python/cpython-3.11.14-linux-x86_64-gnu/share/terminfo/c/commodore
f	664	994:993	1032	/home/woa23c1ro/.local/share/uv/python/cpython-3.11.14-linux-x86_64-gnu/share/terminfo/t/tvi950-rv-4p
f	664	994:993	10324	/home/woa23c1ro/.local/share/uv/python/cpython-3.11.14-linux-x86_64-gnu/lib/python3.11/site-packages/pip/_vendor/rich/align.py
f	664	994:993	1033	/home/woa23c1ro/.local/share/uv/python/cpython-3.11.14-linux-x86_64-gnu/share/terminfo/x/xnuppc-m-f2
f	664	994:993	1033	/home/woa23c1ro/.local/share/uv/python/cpython-3.11.14-linux-x86_64-gnu/share/terminfo/x/xtalk
f	664	994:993	10332	/home/woa23c1ro/.local/share/uv/python/cpython-3.11.14-linux-x86_64-gnu/lib/python3.11/multiprocessing/resource_tracker.py
f	664	994:993	1034	/home/woa23c1ro/.local/share/uv/python/cpython-3.11.14-linux-x86_64-gnu/lib/python3.11/lib2to3/fixes/fix_sys_exc.py
f	664	994:993	1034	/home/woa23c1ro/.local/share/uv/python/cpython-3.11.14-linux-x86_64-gnu/share/terminfo/s/sun-c
f	664	994:993	1034	/home/woa23c1ro/.local/share/uv/python/cpython-3.11.14-linux-x86_64-gnu/share/terminfo/t/tvi950-rv-2p
f	664	994:993	1034	/home/woa23c1ro/.local/share/uv/python/cpython-3.11.14-linux-x86_64-gnu/share/terminfo/t/tvi955
f	664	994:993	10345	/home/woa23c1ro/.local/share/uv/python/cpython-3.11.14-linux-x86_64-gnu/lib/python3.11/site-packages/pip/_internal/cache.py
f	664	994:993	10347	/home/woa23c1ro/.local/share/uv/python/cpython-3.11.14-linux-x86_64-gnu/lib/python3.11/site-packages/setuptools/_vendor/wheel/vendored/packaging/_parser.py
f	664	994:993	10348	/home/woa23c1ro/.local/share/uv/python/cpython-3.11.14-linux-x86_64-gnu/lib/python3.11/numbers.py
f	664	994:993	1035	/home/woa23c1ro/.local/share/uv/python/cpython-3.11.14-linux-x86_64-gnu/share/terminfo/t/tvi920b-unk
f	664	994:993	10368	/home/woa23c1ro/.local/share/uv/python/cpython-3.11.14-linux-x86_64-gnu/lib/python3.11/symtable.py
f	664	994:993	1037	/home/woa23c1ro/.local/share/uv/python/cpython-3.11.14-linux-x86_64-gnu/lib/python3.11/encodings/utf_16_be.py
f	664	994:993	1037	/home/woa23c1ro/.local/share/uv/python/cpython-3.11.14-linux-x86_64-gnu/lib/python3.11/encodings/utf_16_le.py
f	664	994:993	1037	/home/woa23c1ro/.local/share/uv/python/cpython-3.11.14-linux-x86_64-gnu/lib/python3.11/site-packages/setuptools/_vendor/autocommand/__init__.py
f	664	994:993	1037	/home/woa23c1ro/.local/share/uv/python/cpython-3.11.14-linux-x86_64-gnu/lib/tcl8.6/msgs/gv.msg
f	664	994:993	103796	/home/woa23c1ro/.local/share/uv/python/cpython-3.11.14-linux-x86_64-gnu/lib/python3.11/site-packages/setuptools/_vendor/inflect/__init__.py
f	664	994:993	1039	/home/woa23c1ro/.local/share/uv/python/cpython-3.11.14-linux-x86_64-gnu/lib/python3.11/encodings/big5hkscs.py
f	664	994:993	1039	/home/woa23c1ro/.local/share/uv/python/cpython-3.11.14-linux-x86_64-gnu/lib/python3.11/encodings/shift_jis.py
f	664	994:993	1039	/home/woa23c1ro/.local/share/uv/python/cpython-3.11.14-linux-x86_64-gnu/lib/python3.11/site-packages/setuptools/_vendor/zipp-3.19.2.dist-info/RECORD
f	664	994:993	10393	/home/woa23c1ro/.local/share/uv/python/cpython-3.11.14-linux-x86_64-gnu/lib/python3.11/site-packages/setuptools/_vendor/typeguard/_functions.py
f	664	994:993	104	/home/woa23c1ro/.local/share/uv/python/cpython-3.11.14-linux-x86_64-gnu/lib/python3.11/site-packages/setuptools/_vendor/wheel-0.45.1.dist-info/entry_points.txt
f	664	994:993	104	/home/woa23c1ro/.local/share/uv/python/cpython-3.11.14-linux-x86_64-gnu/share/terminfo/v/vt220+cvis
f	664	994:993	1040	/home/woa23c1ro/.local/share/uv/python/cpython-3.11.14-linux-x86_64-gnu/include/python3.11/internal/pycore_moduleobject.h
f	664	994:993	1041	/home/woa23c1ro/.local/share/uv/python/cpython-3.11.14-linux-x86_64-gnu/share/terminfo/w/wy30-mc
f	664	994:993	1042	/home/woa23c1ro/.local/share/uv/python/cpython-3.11.14-linux-x86_64-gnu/lib/python3.11/site-packages/setuptools/config/_validate_pyproject/__init__.py
f	664	994:993	104264	/home/woa23c1ro/.local/share/uv/python/cpython-3.11.14-linux-x86_64-gnu/lib/python3.11/unittest/mock.py
f	664	994:993	1043	/home/woa23c1ro/.local/share/uv/python/cpython-3.11.14-linux-x86_64-gnu/share/terminfo/e/excel62-rv
f	664	994:993	1044	/home/woa23c1ro/.local/share/uv/python/cpython-3.11.14-linux-x86_64-gnu/lib/python3.11/idlelib/delegator.py
f	664	994:993	10447	/home/woa23c1ro/.local/share/uv/python/cpython-3.11.14-linux-x86_64-gnu/lib/python3.11/opcode.py
f	664	994:993	1045	/home/woa23c1ro/.local/share/uv/python/cpython-3.11.14-linux-x86_64-gnu/include/python3.11/internal/pycore_compile.h
f	664	994:993	1045	/home/woa23c1ro/.local/share/uv/python/cpython-3.11.14-linux-x86_64-gnu/share/terminfo/d/dg+fixed
f	664	994:993	10458	/home/woa23c1ro/.local/share/uv/python/cpython-3.11.14-linux-x86_64-gnu/lib/python3.11/site-packages/pip/_vendor/platformdirs/unix.py
f	664	994:993	1046	/home/woa23c1ro/.local/share/uv/python/cpython-3.11.14-linux-x86_64-gnu/lib/tk8.6/demos/form.tcl
f	664	994:993	1046	/home/woa23c1ro/.local/share/uv/python/cpython-3.11.14-linux-x86_64-gnu/share/terminfo/t/tvi920b-p
f	664	994:993	1048	/home/woa23c1ro/.local/share/uv/python/cpython-3.11.14-linux-x86_64-gnu/share/terminfo/t/tvi955-w
f	664	994:993	1049	/home/woa23c1ro/.local/share/uv/python/cpython-3.11.14-linux-x86_64-gnu/share/terminfo/x/xterm+pcf2
f	664	994:993	10495	/home/woa23c1ro/.local/share/uv/python/cpython-3.11.14-linux-x86_64-gnu/lib/tk8.6/demos/items.tcl
f	664	994:993	105	/home/woa23c1ro/.local/share/uv/python/cpython-3.11.14-linux-x86_64-gnu/lib/python3.11/site-packages/pkg_resources/tests/data/my-test-package-source/setup.py
f	664	994:993	105075	/home/woa23c1ro/.local/share/uv/python/cpython-3.11.14-linux-x86_64-gnu/lib/tcl8/8.5/tcltest-2.5.7.tm
f	664	994:993	1051	/home/woa23c1ro/.local/share/uv/python/cpython-3.11.14-linux-x86_64-gnu/lib/python3.11/encodings/euc_jis_2004.py
f	664	994:993	1051	/home/woa23c1ro/.local/share/uv/python/cpython-3.11.14-linux-x86_64-gnu/lib/python3.11/encodings/euc_jisx0213.py
f	664	994:993	10519	/home/woa23c1ro/.local/share/uv/python/cpython-3.11.14-linux-x86_64-gnu/lib/python3.11/email/policy.py
f	664	994:993	1052	/home/woa23c1ro/.local/share/uv/python/cpython-3.11.14-linux-x86_64-gnu/share/terminfo/t/tvi955-hb
f	664	994:993	10529	/home/woa23c1ro/.local/share/uv/python/cpython-3.11.14-linux-x86_64-gnu/lib/python3.11/distutils/extension.py
f	664	994:993	1053	/home/woa23c1ro/.local/share/uv/python/cpython-3.11.14-linux-x86_64-gnu/lib/python3.11/encodings/iso2022_jp.py
f	664	994:993	1053	/home/woa23c1ro/.local/share/uv/python/cpython-3.11.14-linux-x86_64-gnu/lib/python3.11/encodings/iso2022_kr.py
f	664	994:993	1053	/home/woa23c1ro/.local/share/uv/python/cpython-3.11.14-linux-x86_64-gnu/lib/python3.11/site-packages/setuptools/_vendor/more_itertools-10.3.0.dist-info/LICENSE
f	664	994:993	1053	/home/woa23c1ro/.local/share/uv/python/cpython-3.11.14-linux-x86_64-gnu/share/terminfo/d/dgmode+color
f	664	994:993	1053	/home/woa23c1ro/.local/share/uv/python/cpython-3.11.14-linux-x86_64-gnu/share/terminfo/d/dgunix+fixed
f	664	994:993	105314	/home/woa23c1ro/.local/share/uv/python/cpython-3.11.14-linux-x86_64-gnu/lib/python3.11/idlelib/configdialog.py
f	664	994:993	1054	/home/woa23c1ro/.local/share/uv/python/cpython-3.11.14-linux-x86_64-gnu/lib/python3.11/site-packages/pip/_vendor/rich/color_triplet.py
f	664	994:993	1054	/home/woa23c1ro/.local/share/uv/python/cpython-3.11.14-linux-x86_64-gnu/lib/tcl8.6/encoding/ebcdic.enc
f	664	994:993	1054	/home/woa23c1ro/.local/share/uv/python/cpython-3.11.14-linux-x86_64-gnu/share/terminfo/n/ndr9500-mc-nl
f	664	994:993	10544	/home/woa23c1ro/.local/share/uv/python/cpython-3.11.14-linux-x86_64-gnu/lib/python3.11/site-packages/pip/_internal/metadata/pkg_resources.py
f	664	994:993	1055	/home/woa23c1ro/.local/share/uv/python/cpython-3.11.14-linux-x86_64-gnu/share/terminfo/k/klone+sgr8
f	664	994:993	1056	/home/woa23c1ro/.local/share/uv/python/cpython-3.11.14-linux-x86_64-gnu/lib/python3.11/site-packages/pip-25.3.dist-info/licenses/src/pip/_vendor/rich/LICENSE
f	664	994:993	1056	/home/woa23c1ro/.local/share/uv/python/cpython-3.11.14-linux-x86_64-gnu/lib/python3.11/site-packages/pip/_vendor/rich/LICENSE
f	664	994:993	1056	/home/woa23c1ro/.local/share/uv/python/cpython-3.11.14-linux-x86_64-gnu/share/terminfo/e/excel62-w
f	664	994:993	10561	/home/woa23c1ro/.local/share/uv/python/cpython-3.11.14-linux-x86_64-gnu/lib/python3.11/site-packages/setuptools/_vendor/packaging/markers.py
f	664	994:993	1057	/home/woa23c1ro/.local/share/uv/python/cpython-3.11.14-linux-x86_64-gnu/lib/python3.11/site-packages/pip/_vendor/requests/packages.py
f	664	994:993	1057	/home/woa23c1ro/.local/share/uv/python/cpython-3.11.14-linux-x86_64-gnu/share/terminfo/e/ecma+sgr
f	664	994:993	1058	/home/woa23c1ro/.local/share/uv/python/cpython-3.11.14-linux-x86_64-gnu/share/terminfo/x/xterm+88color2
f	664	994:993	10588	/home/woa23c1ro/.local/share/uv/python/cpython-3.11.14-linux-x86_64-gnu/lib/python3.11/email/contentmanager.py
f	664	994:993	1059	/home/woa23c1ro/.local/share/uv/python/cpython-3.11.14-linux-x86_64-gnu/lib/python3.11/encodings/shift_jis_2004.py
f	664	994:993	1059	/home/woa23c1ro/.local/share/uv/python/cpython-3.11.14-linux-x86_64-gnu/lib/python3.11/encodings/shift_jisx0213.py
f	664	994:993	106	/home/woa23c1ro/.local/share/uv/python/cpython-3.11.14-linux-x86_64-gnu/share/terminfo/a/att610+cvis0
f	664	994:993	1060	/home/woa23c1ro/.local/share/uv/python/cpython-3.11.14-linux-x86_64-gnu/share/terminfo/t/tvi912b-2p-unk
f	664	994:993	10606	/home/woa23c1ro/.local/share/uv/python/cpython-3.11.14-linux-x86_64-gnu/lib/python3.11/imp.py
f	664	994:993	1061	/home/woa23c1ro/.local/share/uv/python/cpython-3.11.14-linux-x86_64-gnu/lib/python3.11/encodings/iso2022_jp_1.py
f	664	994:993	1061	/home/woa23c1ro/.local/share/uv/python/cpython-3.11.14-linux-x86_64-gnu/lib/python3.11/encodings/iso2022_jp_2.py
f	664	994:993	1061	/home/woa23c1ro/.local/share/uv/python/cpython-3.11.14-linux-x86_64-gnu/lib/python3.11/encodings/iso2022_jp_3.py
f	664	994:993	1061	/home/woa23c1ro/.local/share/uv/python/cpython-3.11.14-linux-x86_64-gnu/lib/python3.11/keyword.py
f	664	994:993	1061	/home/woa23c1ro/.local/share/uv/python/cpython-3.11.14-linux-x86_64-gnu/share/terminfo/t/ti_ansi
f	664	994:993	10622	/home/woa23c1ro/.local/share/uv/python/cpython-3.11.14-linux-x86_64-gnu/lib/python3.11/code.py
f	664	994:993	106297	/home/woa23c1ro/.local/share/uv/python/cpython-3.11.14-linux-x86_64-gnu/lib/python3.11/doctest.py
f	664	994:993	1063	/home/woa23c1ro/.local/share/uv/python/cpython-3.11.14-linux-x86_64-gnu/share/terminfo/x/xterm+direct
f	664	994:993	1064	/home/woa23c1ro/.local/share/uv/python/cpython-3.11.14-linux-x86_64-gnu/lib/python3.11/site-packages/pip/_vendor/rich/_emoji_replace.py
f	664	994:993	1064	/home/woa23c1ro/.local/share/uv/python/cpython-3.11.14-linux-x86_64-gnu/share/terminfo/n/ndr9500-25-mc-nl
f	664	994:993	1064	/home/woa23c1ro/.local/share/uv/python/cpython-3.11.14-linux-x86_64-gnu/share/terminfo/t/tvi912b-2p
f	664	994:993	1064	/home/woa23c1ro/.local/share/uv/python/cpython-3.11.14-linux-x86_64-gnu/share/terminfo/x/xterm+indirect
f	664	994:993	10643	/home/woa23c1ro/.local/share/uv/python/cpython-3.11.14-linux-x86_64-gnu/lib/python3.11/site-packages/setuptools/_vendor/platformdirs/unix.py
f	664	994:993	1065	/home/woa23c1ro/.local/share/uv/python/cpython-3.11.14-linux-x86_64-gnu/share/terminfo/x/xterm+direct2
f	664	994:993	1066	/home/woa23c1ro/.local/share/uv/python/cpython-3.11.14-linux-x86_64-gnu/share/terminfo/v/vt340
f	664	994:993	1066	/home/woa23c1ro/.local/share/uv/python/cpython-3.11.14-linux-x86_64-gnu/share/terminfo/x/xterm+88color
f	664	994:993	1066	/home/woa23c1ro/.local/share/uv/python/cpython-3.11.14-linux-x86_64-gnu/share/terminfo/x/xterm+pce2
f	664	994:993	1067	/home/woa23c1ro/.local/share/uv/python/cpython-3.11.14-linux-x86_64-gnu/share/terminfo/t/tvi912b-2p-p
f	664	994:993	10686	/home/woa23c1ro/.local/share/uv/python/cpython-3.11.14-linux-x86_64-gnu/lib/python3.11/site-packages/pip/_vendor/rich/box.py
f	664	994:993	1069	/home/woa23c1ro/.local/share/uv/python/cpython-3.11.14-linux-x86_64-gnu/lib/python3.11/encodings/iso2022_jp_ext.py
f	664	994:993	1070	/home/woa23c1ro/.local/share/uv/python/cpython-3.11.14-linux-x86_64-gnu/share/terminfo/n/ndr9500-25-mc
f	664	994:993	1071	/home/woa23c1ro/.local/share/uv/python/cpython-3.11.14-linux-x86_64-gnu/share/terminfo/a/aws
f	664	994:993	1071	/home/woa23c1ro/.local/share/uv/python/cpython-3.11.14-linux-x86_64-gnu/share/terminfo/t/tvi920b
f	664	994:993	1072	/home/woa23c1ro/.local/share/uv/python/cpython-3.11.14-linux-x86_64-gnu/lib/python3.11/site-packages/pip-25.3.dist-info/licenses/src/pip/_vendor/tomli/LICENSE
f	664	994:993	1072	/home/woa23c1ro/.local/share/uv/python/cpython-3.11.14-linux-x86_64-gnu/lib/python3.11/site-packages/pip-25.3.dist-info/licenses/src/pip/_vendor/tomli_w/LICENSE
f	664	994:993	1072	/home/woa23c1ro/.local/share/uv/python/cpython-3.11.14-linux-x86_64-gnu/lib/python3.11/site-packages/pip/_vendor/tomli/LICENSE
f	664	994:993	1072	/home/woa23c1ro/.local/share/uv/python/cpython-3.11.14-linux-x86_64-gnu/lib/python3.11/site-packages/pip/_vendor/tomli_w/LICENSE
f	664	994:993	1072	/home/woa23c1ro/.local/share/uv/python/cpython-3.11.14-linux-x86_64-gnu/lib/python3.11/site-packages/setuptools/_vendor/tomli-2.0.1.dist-info/LICENSE
f	664	994:993	1072	/home/woa23c1ro/.local/share/uv/python/cpython-3.11.14-linux-x86_64-gnu/share/terminfo/t/tvi912b-mc
f	664	994:993	10722	/home/woa23c1ro/.local/share/uv/python/cpython-3.11.14-linux-x86_64-gnu/lib/python3.11/asyncio/transports.py
f	664	994:993	1073	/home/woa23c1ro/.local/share/uv/python/cpython-3.11.14-linux-x86_64-gnu/include/python3.11/cpython/pydebug.h
f	664	994:993	1073	/home/woa23c1ro/.local/share/uv/python/cpython-3.11.14-linux-x86_64-gnu/lib/python3.11/encodings/iso2022_jp_2004.py
f	664	994:993	1073	/home/woa23c1ro/.local/share/uv/python/cpython-3.11.14-linux-x86_64-gnu/share/terminfo/m/mach-gnu
f	664	994:993	1076	/home/woa23c1ro/.local/share/uv/python/cpython-3.11.14-linux-x86_64-gnu/share/terminfo/v/vt400
f	664	994:993	10766	/home/woa23c1ro/.local/share/uv/python/cpython-3.11.14-linux-x86_64-gnu/lib/python3.11/site-packages/setuptools/_distutils/tests/test_filelist.py
f	664	994:993	1079	/home/woa23c1ro/.local/share/uv/python/cpython-3.11.14-linux-x86_64-gnu/lib/tcl8.6/msgs/nl.msg
f	664	994:993	108	/home/woa23c1ro/.local/share/uv/python/cpython-3.11.14-linux-x86_64-gnu/share/terminfo/g/gt40
f	664	994:993	108	/home/woa23c1ro/.local/share/uv/python/cpython-3.11.14-linux-x86_64-gnu/share/terminfo/g/gt42
f	664	994:993	108	/home/woa23c1ro/.local/share/uv/python/cpython-3.11.14-linux-x86_64-gnu/share/terminfo/v/vt220+cvis8
f	664	994:993	1080	/home/woa23c1ro/.local/share/uv/python/cpython-3.11.14-linux-x86_64-gnu/share/terminfo/m/memhp
f	664	994:993	108032	/home/woa23c1ro/.local/share/uv/python/cpython-3.11.14-linux-x86_64-gnu/lib/python3.11/site-packages/pip/_vendor/distlib/t64.exe
f	664	994:993	1081	/home/woa23c1ro/.local/share/uv/python/cpython-3.11.14-linux-x86_64-gnu/lib/python3.11/lib2to3/fixes/fix_reload.py
f	664	994:993	1081	/home/woa23c1ro/.local/share/uv/python/cpython-3.11.14-linux-x86_64-gnu/lib/python3.11/site-packages/pip-25.3.dist-info/licenses/src/pip/_vendor/pyproject_hooks/LICENSE
f	664	994:993	1081	/home/woa23c1ro/.local/share/uv/python/cpython-3.11.14-linux-x86_64-gnu/lib/python3.11/site-packages/pip/_vendor/msgpack/exceptions.py
f	664	994:993	1081	/home/woa23c1ro/.local/share/uv/python/cpython-3.11.14-linux-x86_64-gnu/lib/python3.11/site-packages/pip/_vendor/pyproject_hooks/LICENSE
f	664	994:993	1081	/home/woa23c1ro/.local/share/uv/python/cpython-3.11.14-linux-x86_64-gnu/share/terminfo/o/osexec
f	664	994:993	1082	/home/woa23c1ro/.local/share/uv/python/cpython-3.11.14-linux-x86_64-gnu/lib/python3.11/idlelib/debugobj_r.py
f	664	994:993	10820	/home/woa23c1ro/.local/share/uv/python/cpython-3.11.14-linux-x86_64-gnu/lib/python3.11/site-packages/pip/_vendor/distlib/resources.py
f	664	994:993	1083	/home/woa23c1ro/.local/share/uv/python/cpython-3.11.14-linux-x86_64-gnu/share/terminfo/a/adm11
f	664	994:993	1083	/home/woa23c1ro/.local/share/uv/python/cpython-3.11.14-linux-x86_64-gnu/share/terminfo/t/tvi912b-vb-unk
f	664	994:993	10833	/home/woa23c1ro/.local/share/uv/python/cpython-3.11.14-linux-x86_64-gnu/lib/python3.11/encodings/iso8859_6.py
f	664	994:993	108491	/home/woa23c1ro/.local/share/uv/python/cpython-3.11.14-linux-x86_64-gnu/lib/python3.11/site-packages/setuptools/_vendor/backports/tarfile/__init__.py
f	664	994:993	1086	/home/woa23c1ro/.local/share/uv/python/cpython-3.11.14-linux-x86_64-gnu/lib/python3.11/site-packages/pip-25.3.dist-info/licenses/src/pip/_vendor/truststore/LICENSE
f	664	994:993	1086	/home/woa23c1ro/.local/share/uv/python/cpython-3.11.14-linux-x86_64-gnu/lib/python3.11/site-packages/pip/_vendor/truststore/LICENSE
f	664	994:993	108621	/home/woa23c1ro/.local/share/uv/python/cpython-3.11.14-linux-x86_64-gnu/lib/python3.11/email/_header_value_parser.py
f	664	994:993	1087	/home/woa23c1ro/.local/share/uv/python/cpython-3.11.14-linux-x86_64-gnu/share/terminfo/i/iris-ansi-ap
f	664	994:993	10884	/home/woa23c1ro/.local/share/uv/python/cpython-3.11.14-linux-x86_64-gnu/lib/tk8.6/icons.tcl
f	664	994:993	1089	/home/woa23c1ro/.local/share/uv/python/cpython-3.11.14-linux-x86_64-gnu/lib/python3.11/site-packages/pip-25.3.dist-info/licenses/src/pip/_vendor/platformdirs/LICENSE
f	664	994:993	1089	/home/woa23c1ro/.local/share/uv/python/cpython-3.11.14-linux-x86_64-gnu/lib/python3.11/site-packages/pip/_vendor/platformdirs/LICENSE
f	664	994:993	1089	/home/woa23c1ro/.local/share/uv/python/cpython-3.11.14-linux-x86_64-gnu/lib/python3.11/site-packages/setuptools/_vendor/platformdirs-4.2.2.dist-info/licenses/LICENSE
f	664	994:993	1089	/home/woa23c1ro/.local/share/uv/python/cpython-3.11.14-linux-x86_64-gnu/lib/tk8.6/ttk/progress.tcl
f	664	994:993	1089	/home/woa23c1ro/.local/share/uv/python/cpython-3.11.14-linux-x86_64-gnu/share/terminfo/t/tvi912b-vb
f	664	994:993	1090	/home/woa23c1ro/.local/share/uv/python/cpython-3.11.14-linux-x86_64-gnu/lib/python3.11/lib2to3/fixes/fix_ws_comma.py
f	664	994:993	1090	/home/woa23c1ro/.local/share/uv/python/cpython-3.11.14-linux-x86_64-gnu/lib/tcl8.6/encoding/ascii.enc
f	664	994:993	1090	/home/woa23c1ro/.local/share/uv/python/cpython-3.11.14-linux-x86_64-gnu/lib/tcl8.6/encoding/cp437.enc
f	664	994:993	1090	/home/woa23c1ro/.local/share/uv/python/cpython-3.11.14-linux-x86_64-gnu/lib/tcl8.6/encoding/cp737.enc
f	664	994:993	1090	/home/woa23c1ro/.local/share/uv/python/cpython-3.11.14-linux-x86_64-gnu/lib/tcl8.6/encoding/cp775.enc
f	664	994:993	1090	/home/woa23c1ro/.local/share/uv/python/cpython-3.11.14-linux-x86_64-gnu/lib/tcl8.6/encoding/cp850.enc
f	664	994:993	1090	/home/woa23c1ro/.local/share/uv/python/cpython-3.11.14-linux-x86_64-gnu/lib/tcl8.6/encoding/cp852.enc
f	664	994:993	1090	/home/woa23c1ro/.local/share/uv/python/cpython-3.11.14-linux-x86_64-gnu/lib/tcl8.6/encoding/cp855.enc
f	664	994:993	1090	/home/woa23c1ro/.local/share/uv/python/cpython-3.11.14-linux-x86_64-gnu/lib/tcl8.6/encoding/cp857.enc
f	664	994:993	1090	/home/woa23c1ro/.local/share/uv/python/cpython-3.11.14-linux-x86_64-gnu/lib/tcl8.6/encoding/cp860.enc
f	664	994:993	1090	/home/woa23c1ro/.local/share/uv/python/cpython-3.11.14-linux-x86_64-gnu/lib/tcl8.6/encoding/cp861.enc
f	664	994:993	1090	/home/woa23c1ro/.local/share/uv/python/cpython-3.11.14-linux-x86_64-gnu/lib/tcl8.6/encoding/cp862.enc
f	664	994:993	1090	/home/woa23c1ro/.local/share/uv/python/cpython-3.11.14-linux-x86_64-gnu/lib/tcl8.6/encoding/cp863.enc
f	664	994:993	1090	/home/woa23c1ro/.local/share/uv/python/cpython-3.11.14-linux-x86_64-gnu/lib/tcl8.6/encoding/cp864.enc
f	664	994:993	1090	/home/woa23c1ro/.local/share/uv/python/cpython-3.11.14-linux-x86_64-gnu/lib/tcl8.6/encoding/cp865.enc
f	664	994:993	1090	/home/woa23c1ro/.local/share/uv/python/cpython-3.11.14-linux-x86_64-gnu/lib/tcl8.6/encoding/cp866.enc
f	664	994:993	1090	/home/woa23c1ro/.local/share/uv/python/cpython-3.11.14-linux-x86_64-gnu/lib/tcl8.6/encoding/cp869.enc
f	664	994:993	1090	/home/woa23c1ro/.local/share/uv/python/cpython-3.11.14-linux-x86_64-gnu/lib/tcl8.6/encoding/cp874.enc
f	664	994:993	1090	/home/woa23c1ro/.local/share/uv/python/cpython-3.11.14-linux-x86_64-gnu/share/terminfo/t/tvi912b-vb-p
f	664	994:993	1090	/home/woa23c1ro/.local/share/uv/python/cpython-3.11.14-linux-x86_64-gnu/share/terminfo/x/xterm+256color2
f	664	994:993	1091	/home/woa23c1ro/.local/share/uv/python/cpython-3.11.14-linux-x86_64-gnu/lib/tcl8.6/encoding/cp1250.enc
f	664	994:993	1091	/home/woa23c1ro/.local/share/uv/python/cpython-3.11.14-linux-x86_64-gnu/lib/tcl8.6/encoding/cp1251.enc
f	664	994:993	1091	/home/woa23c1ro/.local/share/uv/python/cpython-3.11.14-linux-x86_64-gnu/lib/tcl8.6/encoding/cp1252.enc
f	664	994:993	1091	/home/woa23c1ro/.local/share/uv/python/cpython-3.11.14-linux-x86_64-gnu/lib/tcl8.6/encoding/cp1253.enc
f	664	994:993	1091	/home/woa23c1ro/.local/share/uv/python/cpython-3.11.14-linux-x86_64-gnu/lib/tcl8.6/encoding/cp1254.enc
f	664	994:993	1091	/home/woa23c1ro/.local/share/uv/python/cpython-3.11.14-linux-x86_64-gnu/lib/tcl8.6/encoding/cp1255.enc
f	664	994:993	1091	/home/woa23c1ro/.local/share/uv/python/cpython-3.11.14-linux-x86_64-gnu/lib/tcl8.6/encoding/cp1256.enc
f	664	994:993	1091	/home/woa23c1ro/.local/share/uv/python/cpython-3.11.14-linux-x86_64-gnu/lib/tcl8.6/encoding/cp1257.enc
f	664	994:993	1091	/home/woa23c1ro/.local/share/uv/python/cpython-3.11.14-linux-x86_64-gnu/lib/tcl8.6/encoding/cp1258.enc
f	664	994:993	1091	/home/woa23c1ro/.local/share/uv/python/cpython-3.11.14-linux-x86_64-gnu/lib/tcl8.6/encoding/gb1988.enc
f	664	994:993	1091	/home/woa23c1ro/.local/share/uv/python/cpython-3.11.14-linux-x86_64-gnu/lib/tcl8.6/encoding/koi8-r.enc
f	664	994:993	1091	/home/woa23c1ro/.local/share/uv/python/cpython-3.11.14-linux-x86_64-gnu/lib/tcl8.6/encoding/koi8-u.enc
f	664	994:993	1091	/home/woa23c1ro/.local/share/uv/python/cpython-3.11.14-linux-x86_64-gnu/lib/tcl8.6/encoding/symbol.enc
f	664	994:993	10910	/home/woa23c1ro/.local/share/uv/python/cpython-3.11.14-linux-x86_64-gnu/lib/python3.11/idlelib/config-keys.def
f	664	994:993	10916	/home/woa23c1ro/.local/share/uv/python/cpython-3.11.14-linux-x86_64-gnu/lib/python3.11/site-packages/pip/_internal/cli/parser.py
f	664	994:993	1092	/home/woa23c1ro/.local/share/uv/python/cpython-3.11.14-linux-x86_64-gnu/lib/tcl8.6/encoding/jis0201.enc
f	664	994:993	1092	/home/woa23c1ro/.local/share/uv/python/cpython-3.11.14-linux-x86_64-gnu/lib/tcl8.6/encoding/macThai.enc
f	664	994:993	1092	/home/woa23c1ro/.local/share/uv/python/cpython-3.11.14-linux-x86_64-gnu/lib/tcl8.6/encoding/tis-620.enc
f	664	994:993	1093	/home/woa23c1ro/.local/share/uv/python/cpython-3.11.14-linux-x86_64-gnu/lib/python3.11/site-packages/pip-25.3.dist-info/licenses/LICENSE.txt
f	664	994:993	1093	/home/woa23c1ro/.local/share/uv/python/cpython-3.11.14-linux-x86_64-gnu/lib/tcl8.6/encoding/dingbats.enc
f	664	994:993	1093	/home/woa23c1ro/.local/share/uv/python/cpython-3.11.14-linux-x86_64-gnu/lib/tcl8.6/encoding/macGreek.enc
f	664	994:993	1093	/home/woa23c1ro/.local/share/uv/python/cpython-3.11.14-linux-x86_64-gnu/lib/tcl8.6/encoding/macRoman.enc
f	664	994:993	1094	/home/woa23c1ro/.local/share/uv/python/cpython-3.11.14-linux-x86_64-gnu/lib/tcl8.6/encoding/iso8859-1.enc
f	664	994:993	1094	/home/woa23c1ro/.local/share/uv/python/cpython-3.11.14-linux-x86_64-gnu/lib/tcl8.6/encoding/iso8859-2.enc
f	664	994:993	1094	/home/woa23c1ro/.local/share/uv/python/cpython-3.11.14-linux-x86_64-gnu/lib/tcl8.6/encoding/iso8859-3.enc
f	664	994:993	1094	/home/woa23c1ro/.local/share/uv/python/cpython-3.11.14-linux-x86_64-gnu/lib/tcl8.6/encoding/iso8859-4.enc
f	664	994:993	1094	/home/woa23c1ro/.local/share/uv/python/cpython-3.11.14-linux-x86_64-gnu/lib/tcl8.6/encoding/iso8859-5.enc
f	664	994:993	1094	/home/woa23c1ro/.local/share/uv/python/cpython-3.11.14-linux-x86_64-gnu/lib/tcl8.6/encoding/iso8859-6.enc
f	664	994:993	1094	/home/woa23c1ro/.local/share/uv/python/cpython-3.11.14-linux-x86_64-gnu/lib/tcl8.6/encoding/iso8859-7.enc
f	664	994:993	1094	/home/woa23c1ro/.local/share/uv/python/cpython-3.11.14-linux-x86_64-gnu/lib/tcl8.6/encoding/iso8859-8.enc
f	664	994:993	1094	/home/woa23c1ro/.local/share/uv/python/cpython-3.11.14-linux-x86_64-gnu/lib/tcl8.6/encoding/iso8859-9.enc
f	664	994:993	1094	/home/woa23c1ro/.local/share/uv/python/cpython-3.11.14-linux-x86_64-gnu/share/terminfo/x/xterm+r6f2
f	664	994:993	1095	/home/woa23c1ro/.local/share/uv/python/cpython-3.11.14-linux-x86_64-gnu/lib/tcl8.6/encoding/iso8859-10.enc
f	664	994:993	1095	/home/woa23c1ro/.local/share/uv/python/cpython-3.11.14-linux-x86_64-gnu/lib/tcl8.6/encoding/iso8859-11.enc
f	664	994:993	1095	/home/woa23c1ro/.local/share/uv/python/cpython-3.11.14-linux-x86_64-gnu/lib/tcl8.6/encoding/iso8859-13.enc
f	664	994:993	1095	/home/woa23c1ro/.local/share/uv/python/cpython-3.11.14-linux-x86_64-gnu/lib/tcl8.6/encoding/iso8859-14.enc
f	664	994:993	1095	/home/woa23c1ro/.local/share/uv/python/cpython-3.11.14-linux-x86_64-gnu/lib/tcl8.6/encoding/iso8859-15.enc
f	664	994:993	1095	/home/woa23c1ro/.local/share/uv/python/cpython-3.11.14-linux-x86_64-gnu/lib/tcl8.6/encoding/iso8859-16.enc
f	664	994:993	1095	/home/woa23c1ro/.local/share/uv/python/cpython-3.11.14-linux-x86_64-gnu/lib/tcl8.6/encoding/macIceland.enc
f	664	994:993	1095	/home/woa23c1ro/.local/share/uv/python/cpython-3.11.14-linux-x86_64-gnu/lib/tcl8.6/encoding/macRomania.enc
f	664	994:993	1095	/home/woa23c1ro/.local/share/uv/python/cpython-3.11.14-linux-x86_64-gnu/lib/tcl8.6/encoding/macTurkish.enc
f	664	994:993	1095	/home/woa23c1ro/.local/share/uv/python/cpython-3.11.14-linux-x86_64-gnu/lib/tcl8.6/encoding/macUkraine.enc
f	664	994:993	1095	/home/woa23c1ro/.local/share/uv/python/cpython-3.11.14-linux-x86_64-gnu/share/terminfo/s/scrhp
f	664	994:993	1096	/home/woa23c1ro/.local/share/uv/python/cpython-3.11.14-linux-x86_64-gnu/lib/tcl8.6/encoding/macCentEuro.enc
f	664	994:993	1096	/home/woa23c1ro/.local/share/uv/python/cpython-3.11.14-linux-x86_64-gnu/lib/tcl8.6/encoding/macCroatian.enc
f	664	994:993	1096	/home/woa23c1ro/.local/share/uv/python/cpython-3.11.14-linux-x86_64-gnu/lib/tcl8.6/encoding/macCyrillic.enc
f	664	994:993	1096	/home/woa23c1ro/.local/share/uv/python/cpython-3.11.14-linux-x86_64-gnu/lib/tcl8.6/encoding/macDingbats.enc
f	664	994:993	10965	/home/woa23c1ro/.local/share/uv/python/cpython-3.11.14-linux-x86_64-gnu/lib/python3.11/operator.py
f	664	994:993	10969	/home/woa23c1ro/.local/share/uv/python/cpython-3.11.14-linux-x86_64-gnu/lib/python3.11/importlib/abc.py
f	664	994:993	1098	/home/woa23c1ro/.local/share/uv/python/cpython-3.11.14-linux-x86_64-gnu/include/python3.11/exports.h
f	664	994:993	1098	/home/woa23c1ro/.local/share/uv/python/cpython-3.11.14-linux-x86_64-gnu/share/terminfo/i/ibm+16color
f	664	994:993	1098	/home/woa23c1ro/.local/share/uv/python/cpython-3.11.14-linux-x86_64-gnu/share/terminfo/x/xterm+256color
f	664	994:993	1099	/home/woa23c1ro/.local/share/uv/python/cpython-3.11.14-linux-x86_64-gnu/lib/python3.11/site-packages/pip-25.3.dist-info/licenses/src/pip/_vendor/dependency_groups/LICENSE.txt
f	664	994:993	1099	/home/woa23c1ro/.local/share/uv/python/cpython-3.11.14-linux-x86_64-gnu/lib/python3.11/site-packages/pip/_vendor/dependency_groups/LICENSE.txt
f	664	994:993	1099	/home/woa23c1ro/.local/share/uv/python/cpython-3.11.14-linux-x86_64-gnu/share/terminfo/t/tek4125
f	664	994:993	110	/home/woa23c1ro/.local/share/uv/python/cpython-3.11.14-linux-x86_64-gnu/share/terminfo/a/ansi+local1
f	664	994:993	11000	/home/woa23c1ro/.local/share/uv/python/cpython-3.11.14-linux-x86_64-gnu/lib/tk8.6/images/logoLarge.gif
f	664	994:993	1101	/home/woa23c1ro/.local/share/uv/python/cpython-3.11.14-linux-x86_64-gnu/share/terminfo/d/dgkeys+7b
f	664	994:993	11016	/home/woa23c1ro/.local/share/uv/python/cpython-3.11.14-linux-x86_64-gnu/lib/python3.11/idlelib/undo.py
f	664	994:993	1102	/home/woa23c1ro/.local/share/uv/python/cpython-3.11.14-linux-x86_64-gnu/lib/python3.11/site-packages/setuptools/_vendor/importlib_metadata/compat/py39.py
f	664	994:993	1102	/home/woa23c1ro/.local/share/uv/python/cpython-3.11.14-linux-x86_64-gnu/lib/tcl8.6/msgs/ca.msg
f	664	994:993	11036	/home/woa23c1ro/.local/share/uv/python/cpython-3.11.14-linux-x86_64-gnu/lib/python3.11/encodings/iso8859_8.py
f	664	994:993	11036	/home/woa23c1ro/.local/share/uv/python/cpython-3.11.14-linux-x86_64-gnu/lib/python3.11/site-packages/pip/_vendor/urllib3/contrib/appengine.py
f	664	994:993	1105	/home/woa23c1ro/.local/share/uv/python/cpython-3.11.14-linux-x86_64-gnu/lib/python3.11/ctypes/macholib/framework.py
f	664	994:993	1107	/home/woa23c1ro/.local/share/uv/python/cpython-3.11.14-linux-x86_64-gnu/lib/python3.11/site-packages/setuptools/_vendor/wheel-0.45.1.dist-info/LICENSE.txt
f	664	994:993	1107	/home/woa23c1ro/.local/share/uv/python/cpython-3.11.14-linux-x86_64-gnu/lib/python3.11/site-packages/setuptools/_vendor/wheel/bdist_wheel.py
f	664	994:993	1108	/home/woa23c1ro/.local/share/uv/python/cpython-3.11.14-linux-x86_64-gnu/include/python3.11/cpython/frameobject.h
f	664	994:993	1108	/home/woa23c1ro/.local/share/uv/python/cpython-3.11.14-linux-x86_64-gnu/lib/python3.11/site-packages/pip/_internal/commands/help.py
f	664	994:993	1108	/home/woa23c1ro/.local/share/uv/python/cpython-3.11.14-linux-x86_64-gnu/share/terminfo/n/ndr9500-mc
f	664	994:993	1109	/home/woa23c1ro/.local/share/uv/python/cpython-3.11.14-linux-x86_64-gnu/lib/python3.11/site-packages/pip/_vendor/msgpack/__init__.py
f	664	994:993	1113	/home/woa23c1ro/.local/share/uv/python/cpython-3.11.14-linux-x86_64-gnu/share/terminfo/m/mach-color
f	664	994:993	1114	/home/woa23c1ro/.local/share/uv/python/cpython-3.11.14-linux-x86_64-gnu/include/python3.11/tracemalloc.h
f	664	994:993	1115	/home/woa23c1ro/.local/share/uv/python/cpython-3.11.14-linux-x86_64-gnu/lib/python3.11/site-packages/pip-25.3.dist-info/licenses/src/pip/_vendor/urllib3/LICENSE.txt
f	664	994:993	1115	/home/woa23c1ro/.local/share/uv/python/cpython-3.11.14-linux-x86_64-gnu/lib/python3.11/site-packages/pip/_vendor/urllib3/LICENSE.txt
f	664	994:993	1115	/home/woa23c1ro/.local/share/uv/python/cpython-3.11.14-linux-x86_64-gnu/share/terminfo/h/hp2382a
f	664	994:993	11155	/home/woa23c1ro/.local/share/uv/python/cpython-3.11.14-linux-x86_64-gnu/lib/python3.11/site-packages/setuptools/_distutils/extension.py
f	664	994:993	11157	/home/woa23c1ro/.local/share/uv/python/cpython-3.11.14-linux-x86_64-gnu/lib/python3.11/site-packages/pip/_vendor/rich/panel.py
f	664	994:993	11182	/home/woa23c1ro/.local/share/uv/python/cpython-3.11.14-linux-x86_64-gnu/lib/python3.11/config-3.11-x86_64-linux-gnu/Setup
f	664	994:993	11187	/home/woa23c1ro/.local/share/uv/python/cpython-3.11.14-linux-x86_64-gnu/include/python3.11/opcode.h
f	664	994:993	1119	/home/woa23c1ro/.local/share/uv/python/cpython-3.11.14-linux-x86_64-gnu/lib/python3.11/turtledemo/two_canvases.py
f	664	994:993	1121	/home/woa23c1ro/.local/share/uv/python/cpython-3.11.14-linux-x86_64-gnu/lib/python3.11/site-packages/setuptools/_vendor/typeguard/_exceptions.py
f	664	994:993	1121	/home/woa23c1ro/.local/share/uv/python/cpython-3.11.14-linux-x86_64-gnu/lib/tcl8.6/msgs/hr.msg
f	664	994:993	1121	/home/woa23c1ro/.local/share/uv/python/cpython-3.11.14-linux-x86_64-gnu/share/terminfo/v/vi603
f	664	994:993	1124	/home/woa23c1ro/.local/share/uv/python/cpython-3.11.14-linux-x86_64-gnu/share/terminfo/n/nsterm+7
f	664	994:993	1124	/home/woa23c1ro/.local/share/uv/python/cpython-3.11.14-linux-x86_64-gnu/share/terminfo/z/z39-a
f	664	994:993	11247	/home/woa23c1ro/.local/share/uv/python/cpython-3.11.14-linux-x86_64-gnu/lib/python3.11/site-packages/setuptools/_scripts.py
f	664	994:993	11258	/home/woa23c1ro/.local/share/uv/python/cpython-3.11.14-linux-x86_64-gnu/lib/tcl8/8.4/platform-1.0.19.tm
f	664	994:993	1126	/home/woa23c1ro/.local/share/uv/python/cpython-3.11.14-linux-x86_64-gnu/include/python3.11/internal/pycore_accu.h
f	664	994:993	1127	/home/woa23c1ro/.local/share/uv/python/cpython-3.11.14-linux-x86_64-gnu/lib/tcl8.6/msgs/pt.msg
f	664	994:993	1128	/home/woa23c1ro/.local/share/uv/python/cpython-3.11.14-linux-x86_64-gnu/share/terminfo/i/iris-ansi
f	664	994:993	1128	/home/woa23c1ro/.local/share/uv/python/cpython-3.11.14-linux-x86_64-gnu/share/terminfo/t/tab132-w
f	664	994:993	1129	/home/woa23c1ro/.local/share/uv/python/cpython-3.11.14-linux-x86_64-gnu/include/python3.11/warnings.h
f	664	994:993	1129	/home/woa23c1ro/.local/share/uv/python/cpython-3.11.14-linux-x86_64-gnu/share/terminfo/a/att5410v1
f	664	994:993	1129	/home/woa23c1ro/.local/share/uv/python/cpython-3.11.14-linux-x86_64-gnu/share/terminfo/t/ti928-8
f	664	994:993	1130	/home/woa23c1ro/.local/share/uv/python/cpython-3.11.14-linux-x86_64-gnu/lib/python3.11/site-packages/pip/_vendor/truststore/_ssl_constants.py
f	664	994:993	1130	/home/woa23c1ro/.local/share/uv/python/cpython-3.11.14-linux-x86_64-gnu/lib/python3.11/site-packages/setuptools/_vendor/typeguard-4.3.0.dist-info/LICENSE
f	664	994:993	1130	/home/woa23c1ro/.local/share/uv/python/cpython-3.11.14-linux-x86_64-gnu/lib/tk8.6/demos/paned1.tcl
f	664	994:993	1131	/home/woa23c1ro/.local/share/uv/python/cpython-3.11.14-linux-x86_64-gnu/share/terminfo/x/xterm+direct16
f	664	994:993	1132	/home/woa23c1ro/.local/share/uv/python/cpython-3.11.14-linux-x86_64-gnu/share/terminfo/n/nsterm-m-7
f	664	994:993	11325	/home/woa23c1ro/.local/share/uv/python/cpython-3.11.14-linux-x86_64-gnu/lib/python3.11/site-packages/pip-25.3.dist-info/licenses/src/pip/_vendor/distro/LICENSE
f	664	994:993	11325	/home/woa23c1ro/.local/share/uv/python/cpython-3.11.14-linux-x86_64-gnu/lib/python3.11/site-packages/pip/_vendor/distro/LICENSE
f	664	994:993	1133	/home/woa23c1ro/.local/share/uv/python/cpython-3.11.14-linux-x86_64-gnu/lib/tcl8.6/msgs/tr.msg
f	664	994:993	1134	/home/woa23c1ro/.local/share/uv/python/cpython-3.11.14-linux-x86_64-gnu/lib/python3.11/importlib/metadata/_meta.py
f	664	994:993	1135	/home/woa23c1ro/.local/share/uv/python/cpython-3.11.14-linux-x86_64-gnu/share/terminfo/a/att4410v1-w
f	664	994:993	11358	/home/woa23c1ro/.local/share/uv/python/cpython-3.11.14-linux-x86_64-gnu/lib/python3.11/site-packages/setuptools/_vendor/importlib_metadata-8.0.0.dist-info/LICENSE
f	664	994:993	1136	/home/woa23c1ro/.local/share/uv/python/cpython-3.11.14-linux-x86_64-gnu/lib/python3.11/site-packages/pip/_internal/operations/build/wheel.py
f	664	994:993	1136	/home/woa23c1ro/.local/share/uv/python/cpython-3.11.14-linux-x86_64-gnu/share/terminfo/a/att4410
f	664	994:993	1136	/home/woa23c1ro/.local/share/uv/python/cpython-3.11.14-linux-x86_64-gnu/share/terminfo/m/minix-3.0
f	664	994:993	1136	/home/woa23c1ro/.local/share/uv/python/cpython-3.11.14-linux-x86_64-gnu/share/terminfo/m/modgraph48
f	664	994:993	1136	/home/woa23c1ro/.local/share/uv/python/cpython-3.11.14-linux-x86_64-gnu/share/terminfo/p/prism9-w
f	664	994:993	1137	/home/woa23c1ro/.local/share/uv/python/cpython-3.11.14-linux-x86_64-gnu/share/terminfo/n/nsterm+c
f	664	994:993	11372	/home/woa23c1ro/.local/share/uv/python/cpython-3.11.14-linux-x86_64-gnu/lib/python3.11/site-packages/pip/_vendor/urllib3/_collections.py
f	664	994:993	1138	/home/woa23c1ro/.local/share/uv/python/cpython-3.11.14-linux-x86_64-gnu/share/terminfo/m/mgterm
f	664	994:993	1138	/home/woa23c1ro/.local/share/uv/python/cpython-3.11.14-linux-x86_64-gnu/share/terminfo/t/tab132-rv
f	664	994:993	11396	/home/woa23c1ro/.local/share/uv/python/cpython-3.11.14-linux-x86_64-gnu/lib/python3.11/pyclbr.py
f	664	994:993	1140	/home/woa23c1ro/.local/share/uv/python/cpython-3.11.14-linux-x86_64-gnu/share/terminfo/p/prism12-w
f	664	994:993	1140	/home/woa23c1ro/.local/share/uv/python/cpython-3.11.14-linux-x86_64-gnu/share/terminfo/p/prism14-w
f	664	994:993	1141	/home/woa23c1ro/.local/share/uv/python/cpython-3.11.14-linux-x86_64-gnu/lib/tcl8.6/msgs/ga.msg
f	664	994:993	1141	/home/woa23c1ro/.local/share/uv/python/cpython-3.11.14-linux-x86_64-gnu/share/terminfo/m/modgraph
f	664	994:993	11413	/home/woa23c1ro/.local/share/uv/python/cpython-3.11.14-linux-x86_64-gnu/lib/python3.11/site-packages/pip/_vendor/truststore/_api.py
f	664	994:993	11415	/home/woa23c1ro/.local/share/uv/python/cpython-3.11.14-linux-x86_64-gnu/lib/python3.11/unittest/main.py
f	664	994:993	1142	/home/woa23c1ro/.local/share/uv/python/cpython-3.11.14-linux-x86_64-gnu/share/terminfo/g/gs6300
f	664	994:993	11420	/home/woa23c1ro/.local/share/uv/python/cpython-3.11.14-linux-x86_64-gnu/lib/python3.11/idlelib/codecontext.py
f	664	994:993	11429	/home/woa23c1ro/.local/share/uv/python/cpython-3.11.14-linux-x86_64-gnu/lib/python3.11/site-packages/setuptools/_vendor/platformdirs-4.2.2.dist-info/METADATA
f	664	994:993	1143	/home/woa23c1ro/.local/share/uv/python/cpython-3.11.14-linux-x86_64-gnu/share/terminfo/a/avt-ns
f	664	994:993	1144	/home/woa23c1ro/.local/share/uv/python/cpython-3.11.14-linux-x86_64-gnu/lib/python3.11/lib2to3/fixes/fix_intern.py
f	664	994:993	1144	/home/woa23c1ro/.local/share/uv/python/cpython-3.11.14-linux-x86_64-gnu/share/terminfo/d/d217-unix
f	664	994:993	11441	/home/woa23c1ro/.local/share/uv/python/cpython-3.11.14-linux-x86_64-gnu/lib/python3.11/site-packages/pip/_internal/resolution/resolvelib/provider.py
f	664	994:993	1145	/home/woa23c1ro/.local/share/uv/python/cpython-3.11.14-linux-x86_64-gnu/lib/tcl8.6/msgs/fi.msg
f	664	994:993	1145	/home/woa23c1ro/.local/share/uv/python/cpython-3.11.14-linux-x86_64-gnu/share/terminfo/d/d555-dg
f	664	994:993	1145	/home/woa23c1ro/.local/share/uv/python/cpython-3.11.14-linux-x86_64-gnu/share/terminfo/p/prism9
f	664	994:993	1146	/home/woa23c1ro/.local/share/uv/python/cpython-3.11.14-linux-x86_64-gnu/share/terminfo/a/att630
f	664	994:993	1146	/home/woa23c1ro/.local/share/uv/python/cpython-3.11.14-linux-x86_64-gnu/share/terminfo/t/tab132-w-rv
f	664	994:993	1147	/home/woa23c1ro/.local/share/uv/python/cpython-3.11.14-linux-x86_64-gnu/share/terminfo/a/att505-24
f	664	994:993	1147	/home/woa23c1ro/.local/share/uv/python/cpython-3.11.14-linux-x86_64-gnu/share/terminfo/v/vt100-nav
f	664	994:993	1148	/home/woa23c1ro/.local/share/uv/python/cpython-3.11.14-linux-x86_64-gnu/lib/tcl8.6/msgs/nn.msg
f	664	994:993	1148	/home/woa23c1ro/.local/share/uv/python/cpython-3.11.14-linux-x86_64-gnu/share/terminfo/t/tvi920b-2p-unk
f	664	994:993	114818	/home/woa23c1ro/.local/share/uv/python/cpython-3.11.14-linux-x86_64-gnu/lib/tcl8/8.6/http-2.9.8.tm
f	664	994:993	11484	/home/woa23c1ro/.local/share/uv/python/cpython-3.11.14-linux-x86_64-gnu/include/python3.11/cpython/code.h
f	664	994:993	1149	/home/woa23c1ro/.local/share/uv/python/cpython-3.11.14-linux-x86_64-gnu/share/terminfo/p/prism12
f	664	994:993	1149	/home/woa23c1ro/.local/share/uv/python/cpython-3.11.14-linux-x86_64-gnu/share/terminfo/p/prism14
f	664	994:993	11496	/home/woa23c1ro/.local/share/uv/python/cpython-3.11.14-linux-x86_64-gnu/lib/python3.11/queue.py
f	664	994:993	115	/home/woa23c1ro/.local/share/uv/python/cpython-3.11.14-linux-x86_64-gnu/lib/tcl8.6/encoding/iso2022-kr.enc
f	664	994:993	1150	/home/woa23c1ro/.local/share/uv/python/cpython-3.11.14-linux-x86_64-gnu/share/terminfo/t/ti928
f	664	994:993	11503	/home/woa23c1ro/.local/share/uv/python/cpython-3.11.14-linux-x86_64-gnu/lib/python3.11/site-packages/pip-25.3.dist-info/licenses/AUTHORS.txt
f	664	994:993	1152	/home/woa23c1ro/.local/share/uv/python/cpython-3.11.14-linux-x86_64-gnu/share/terminfo/a/att5410-w
f	664	994:993	1152	/home/woa23c1ro/.local/share/uv/python/cpython-3.11.14-linux-x86_64-gnu/share/terminfo/n/news-old-unk
f	664	994:993	1152	/home/woa23c1ro/.local/share/uv/python/cpython-3.11.14-linux-x86_64-gnu/share/terminfo/t/tvi920b-2p
f	664	994:993	1154	/home/woa23c1ro/.local/share/uv/python/cpython-3.11.14-linux-x86_64-gnu/share/terminfo/d/d400
f	664	994:993	1155	/home/woa23c1ro/.local/share/uv/python/cpython-3.11.14-linux-x86_64-gnu/lib/python3.11/site-packages/pip/_vendor/urllib3/util/__init__.py
f	664	994:993	1155	/home/woa23c1ro/.local/share/uv/python/cpython-3.11.14-linux-x86_64-gnu/share/terminfo/b/bterm
f	664	994:993	1155	/home/woa23c1ro/.local/share/uv/python/cpython-3.11.14-linux-x86_64-gnu/share/terminfo/t/tek4105-30
f	664	994:993	1155	/home/woa23c1ro/.local/share/uv/python/cpython-3.11.14-linux-x86_64-gnu/share/terminfo/t/tvi920b-2p-p
f	664	994:993	1156	/home/woa23c1ro/.local/share/uv/python/cpython-3.11.14-linux-x86_64-gnu/lib/tcl8.6/msgs/da.msg
f	664	994:993	1157	/home/woa23c1ro/.local/share/uv/python/cpython-3.11.14-linux-x86_64-gnu/lib/tcl8.6/msgs/nb.msg
f	664	994:993	11570	/home/woa23c1ro/.local/share/uv/python/cpython-3.11.14-linux-x86_64-gnu/lib/python3.11/asynchat.py
f	664	994:993	1158	/home/woa23c1ro/.local/share/uv/python/cpython-3.11.14-linux-x86_64-gnu/include/python3.11/internal/pycore_typeobject.h
f	664	994:993	1159	/home/woa23c1ro/.local/share/uv/python/cpython-3.11.14-linux-x86_64-gnu/share/terminfo/d/d577-dg
f	664	994:993	11594	/home/woa23c1ro/.local/share/uv/python/cpython-3.11.14-linux-x86_64-gnu/lib/python3.11/dbm/dumb.py
f	664	994:993	11597	/home/woa23c1ro/.local/share/uv/python/cpython-3.11.14-linux-x86_64-gnu/lib/python3.11/multiprocessing/context.py
f	664	994:993	116	/home/woa23c1ro/.local/share/uv/python/cpython-3.11.14-linux-x86_64-gnu/lib/python3.11/site-packages/pip/_internal/cli/status_codes.py
f	664	994:993	116	/home/woa23c1ro/.local/share/uv/python/cpython-3.11.14-linux-x86_64-gnu/share/terminfo/p/putty+cursor
f	664	994:993	116	/home/woa23c1ro/.local/share/uv/python/cpython-3.11.14-linux-x86_64-gnu/share/terminfo/p/putty+screen
f	664	994:993	1160	/home/woa23c1ro/.local/share/uv/python/cpython-3.11.14-linux-x86_64-gnu/lib/tcl8.6/msgs/sh.msg
f	664	994:993	1160	/home/woa23c1ro/.local/share/uv/python/cpython-3.11.14-linux-x86_64-gnu/share/terminfo/t/tvi920b-mc
f	664	994:993	1162	/home/woa23c1ro/.local/share/uv/python/cpython-3.11.14-linux-x86_64-gnu/share/terminfo/d/d217-unix-25
f	664	994:993	11626	/home/woa23c1ro/.local/share/uv/python/cpython-3.11.14-linux-x86_64-gnu/lib/python3.11/multiprocessing/heap.py
f	664	994:993	11637	/home/woa23c1ro/.local/share/uv/python/cpython-3.11.14-linux-x86_64-gnu/lib/python3.11/xml/dom/pulldom.py
f	664	994:993	1164	/home/woa23c1ro/.local/share/uv/python/cpython-3.11.14-linux-x86_64-gnu/include/python3.11/internal/pycore_genobject.h
f	664	994:993	1164	/home/woa23c1ro/.local/share/uv/python/cpython-3.11.14-linux-x86_64-gnu/lib/tcl8.6/msgs/sl.msg
f	664	994:993	11642	/home/woa23c1ro/.local/share/uv/python/cpython-3.11.14-linux-x86_64-gnu/lib/python3.11/site-packages/setuptools/_vendor/autocommand/autoparse.py
f	664	994:993	11644	/home/woa23c1ro/.local/share/uv/python/cpython-3.11.14-linux-x86_64-gnu/lib/python3.11/tkinter/dnd.py
f	664	994:993	11653	/home/woa23c1ro/.local/share/uv/python/cpython-3.11.14-linux-x86_64-gnu/lib/python3.11/idlelib/README.txt
f	664	994:993	11654	/home/woa23c1ro/.local/share/uv/python/cpython-3.11.14-linux-x86_64-gnu/lib/tk8.6/demos/twind.tcl
f	664	994:993	1166	/home/woa23c1ro/.local/share/uv/python/cpython-3.11.14-linux-x86_64-gnu/share/terminfo/a/avt-w-ns
f	664	994:993	1167	/home/woa23c1ro/.local/share/uv/python/cpython-3.11.14-linux-x86_64-gnu/lib/tcl8.6/msgs/sv.msg
f	664	994:993	1170	/home/woa23c1ro/.local/share/uv/python/cpython-3.11.14-linux-x86_64-gnu/share/terminfo/d/d216-unix
f	664	994:993	1170	/home/woa23c1ro/.local/share/uv/python/cpython-3.11.14-linux-x86_64-gnu/share/terminfo/d/d216-unix-25
f	664	994:993	11705	/home/woa23c1ro/.local/share/uv/python/cpython-3.11.14-linux-x86_64-gnu/lib/python3.11/site-packages/setuptools/tests/fixtures.py
f	664	994:993	1171	/home/woa23c1ro/.local/share/uv/python/cpython-3.11.14-linux-x86_64-gnu/lib/tk8.6/images/pwrdLogo75.gif
f	664	994:993	1171	/home/woa23c1ro/.local/share/uv/python/cpython-3.11.14-linux-x86_64-gnu/share/terminfo/a/adm36
f	664	994:993	1171	/home/woa23c1ro/.local/share/uv/python/cpython-3.11.14-linux-x86_64-gnu/share/terminfo/t/tvi920b-vb-unk
f	664	994:993	11712	/home/woa23c1ro/.local/share/uv/python/cpython-3.11.14-linux-x86_64-gnu/lib/python3.11/distutils/command/register.py
f	664	994:993	1172	/home/woa23c1ro/.local/share/uv/python/cpython-3.11.14-linux-x86_64-gnu/lib/tcl8.6/msgs/ro.msg
f	664	994:993	1172	/home/woa23c1ro/.local/share/uv/python/cpython-3.11.14-linux-x86_64-gnu/share/terminfo/n/ncr160vppp
f	664	994:993	1172	/home/woa23c1ro/.local/share/uv/python/cpython-3.11.14-linux-x86_64-gnu/share/terminfo/n/ncr260vppp
f	664	994:993	1175	/home/woa23c1ro/.local/share/uv/python/cpython-3.11.14-linux-x86_64-gnu/share/terminfo/d/d410-dg
f	664	994:993	1175	/home/woa23c1ro/.local/share/uv/python/cpython-3.11.14-linux-x86_64-gnu/share/terminfo/n/ncr160vpwpp
f	664	994:993	1175	/home/woa23c1ro/.local/share/uv/python/cpython-3.11.14-linux-x86_64-gnu/share/terminfo/n/ncr260vpwpp
f	664	994:993	1175	/home/woa23c1ro/.local/share/uv/python/cpython-3.11.14-linux-x86_64-gnu/share/terminfo/w/wsiris
f	664	994:993	11753	/home/woa23c1ro/.local/share/uv/python/cpython-3.11.14-linux-x86_64-gnu/lib/python3.11/tkinter/simpledialog.py
f	664	994:993	11765	/home/woa23c1ro/.local/share/uv/python/cpython-3.11.14-linux-x86_64-gnu/lib/python3.11/hashlib.py
f	664	994:993	1177	/home/woa23c1ro/.local/share/uv/python/cpython-3.11.14-linux-x86_64-gnu/share/terminfo/t/tvi920b-vb
f	664	994:993	11776	/home/woa23c1ro/.local/share/uv/python/cpython-3.11.14-linux-x86_64-gnu/lib/python3.11/site-packages/setuptools/cli-32.exe
f	664	994:993	11776	/home/woa23c1ro/.local/share/uv/python/cpython-3.11.14-linux-x86_64-gnu/lib/python3.11/site-packages/setuptools/cli.exe
f	664	994:993	11776	/home/woa23c1ro/.local/share/uv/python/cpython-3.11.14-linux-x86_64-gnu/lib/python3.11/site-packages/setuptools/gui-32.exe
f	664	994:993	11776	/home/woa23c1ro/.local/share/uv/python/cpython-3.11.14-linux-x86_64-gnu/lib/python3.11/site-packages/setuptools/gui.exe
f	664	994:993	1178	/home/woa23c1ro/.local/share/uv/python/cpython-3.11.14-linux-x86_64-gnu/share/terminfo/t/tvi920b-vb-p
f	664	994:993	11786	/home/woa23c1ro/.local/share/uv/python/cpython-3.11.14-linux-x86_64-gnu/lib/python3.11/string.py
f	664	994:993	11787	/home/woa23c1ro/.local/share/uv/python/cpython-3.11.14-linux-x86_64-gnu/lib/python3.11/site-packages/pip/_internal/vcs/subversion.py
f	664	994:993	11787	/home/woa23c1ro/.local/share/uv/python/cpython-3.11.14-linux-x86_64-gnu/lib/python3.11/site-packages/setuptools/_distutils/tests/test_archive_util.py
f	664	994:993	1179	/home/woa23c1ro/.local/share/uv/python/cpython-3.11.14-linux-x86_64-gnu/share/terminfo/a/att505-22
f	664	994:993	118	/home/woa23c1ro/.local/share/uv/python/cpython-3.11.14-linux-x86_64-gnu/share/terminfo/r/report+da2
f	664	994:993	1180	/home/woa23c1ro/.local/share/uv/python/cpython-3.11.14-linux-x86_64-gnu/lib/tcl8.6/msgs/es.msg
f	664	994:993	1181	/home/woa23c1ro/.local/share/uv/python/cpython-3.11.14-linux-x86_64-gnu/share/terminfo/v/vt100-nav-w
f	664	994:993	11813	/home/woa23c1ro/.local/share/uv/python/cpython-3.11.14-linux-x86_64-gnu/lib/python3.11/site-packages/setuptools/config/_validate_pyproject/error_reporting.py
f	664	994:993	11827	/home/woa23c1ro/.local/share/uv/python/cpython-3.11.14-linux-x86_64-gnu/lib/tcl8.6/tm.tcl
f	664	994:993	1183	/home/woa23c1ro/.local/share/uv/python/cpython-3.11.14-linux-x86_64-gnu/share/terminfo/a/att505
f	664	994:993	1183	/home/woa23c1ro/.local/share/uv/python/cpython-3.11.14-linux-x86_64-gnu/share/terminfo/t/tvi912b-2p-mc
f	664	994:993	1184	/home/woa23c1ro/.local/share/uv/python/cpython-3.11.14-linux-x86_64-gnu/share/terminfo/n/news28
f	664	994:993	1184	/home/woa23c1ro/.local/share/uv/python/cpython-3.11.14-linux-x86_64-gnu/share/terminfo/r/rcons-color
f	664	994:993	11844	/home/woa23c1ro/.local/share/uv/python/cpython-3.11.14-linux-x86_64-gnu/lib/python3.11/site-packages/setuptools/_distutils/compilers/C/cygwin.py
f	664	994:993	11847	/home/woa23c1ro/.local/share/uv/python/cpython-3.11.14-linux-x86_64-gnu/lib/python3.11/bz2.py
f	664	994:993	1185	/home/woa23c1ro/.local/share/uv/python/cpython-3.11.14-linux-x86_64-gnu/share/terminfo/x/xterm+direct256
f	664	994:993	11854	/home/woa23c1ro/.local/share/uv/python/cpython-3.11.14-linux-x86_64-gnu/lib/python3.11/lib2to3/main.py
f	664	994:993	1186	/home/woa23c1ro/.local/share/uv/python/cpython-3.11.14-linux-x86_64-gnu/share/terminfo/a/att630-24
f	664	994:993	1187	/home/woa23c1ro/.local/share/uv/python/cpython-3.11.14-linux-x86_64-gnu/share/terminfo/w/wy50
f	664	994:993	1188	/home/woa23c1ro/.local/share/uv/python/cpython-3.11.14-linux-x86_64-gnu/lib/python3.11/asyncio/__init__.py
f	664	994:993	1189	/home/woa23c1ro/.local/share/uv/python/cpython-3.11.14-linux-x86_64-gnu/include/python3.11/pythonrun.h
f	664	994:993	119	/home/woa23c1ro/.local/share/uv/python/cpython-3.11.14-linux-x86_64-gnu/lib/python3.11/collections/abc.py
f	664	994:993	119	/home/woa23c1ro/.local/share/uv/python/cpython-3.11.14-linux-x86_64-gnu/lib/python3.11/site-packages/README.txt
f	664	994:993	119	/home/woa23c1ro/.local/share/uv/python/cpython-3.11.14-linux-x86_64-gnu/lib/python3.11/site-packages/setuptools/_vendor/jaraco/text/to-dvorak.py
f	664	994:993	119	/home/woa23c1ro/.local/share/uv/python/cpython-3.11.14-linux-x86_64-gnu/lib/python3.11/site-packages/setuptools/_vendor/jaraco/text/to-qwerty.py
f	664	994:993	1190	/home/woa23c1ro/.local/share/uv/python/cpython-3.11.14-linux-x86_64-gnu/share/terminfo/a/avt-rv-ns
f	664	994:993	11902	/home/woa23c1ro/.local/share/uv/python/cpython-3.11.14-linux-x86_64-gnu/lib/python3.11/idlelib/help.py
f	664	994:993	1192	/home/woa23c1ro/.local/share/uv/python/cpython-3.11.14-linux-x86_64-gnu/share/terminfo/n/news29
f	664	994:993	1193	/home/woa23c1ro/.local/share/uv/python/cpython-3.11.14-linux-x86_64-gnu/share/terminfo/w/wy50-w
f	664	994:993	1194	/home/woa23c1ro/.local/share/uv/python/cpython-3.11.14-linux-x86_64-gnu/share/terminfo/i/ibmpcx
f	664	994:993	1194	/home/woa23c1ro/.local/share/uv/python/cpython-3.11.14-linux-x86_64-gnu/share/terminfo/n/nsterm-m-s-7
f	664	994:993	1194	/home/woa23c1ro/.local/share/uv/python/cpython-3.11.14-linux-x86_64-gnu/share/terminfo/r/rxvt+pcfkeys
f	664	994:993	1195	/home/woa23c1ro/.local/share/uv/python/cpython-3.11.14-linux-x86_64-gnu/share/terminfo/a/altos4
f	664	994:993	1195	/home/woa23c1ro/.local/share/uv/python/cpython-3.11.14-linux-x86_64-gnu/share/terminfo/h/hp2622
f	664	994:993	1195	/home/woa23c1ro/.local/share/uv/python/cpython-3.11.14-linux-x86_64-gnu/share/terminfo/h/hp2623
f	664	994:993	1195	/home/woa23c1ro/.local/share/uv/python/cpython-3.11.14-linux-x86_64-gnu/share/terminfo/x/xnuppc
f	664	994:993	1196	/home/woa23c1ro/.local/share/uv/python/cpython-3.11.14-linux-x86_64-gnu/share/terminfo/t/tab132
f	664	994:993	1197	/home/woa23c1ro/.local/share/uv/python/cpython-3.11.14-linux-x86_64-gnu/share/terminfo/n/nwp512-a
f	664	994:993	11978	/home/woa23c1ro/.local/share/uv/python/cpython-3.11.14-linux-x86_64-gnu/lib/python3.11/site-packages/setuptools/_core_metadata.py
f	664	994:993	1198	/home/woa23c1ro/.local/share/uv/python/cpython-3.11.14-linux-x86_64-gnu/share/terminfo/p/pcansi
f	664	994:993	11986	/home/woa23c1ro/.local/share/uv/python/cpython-3.11.14-linux-x86_64-gnu/lib/python3.11/site-packages/setuptools/_distutils/tests/test_sysconfig.py
f	664	994:993	1199	/home/woa23c1ro/.local/share/uv/python/cpython-3.11.14-linux-x86_64-gnu/share/terminfo/d/d412-dg
f	664	994:993	11999	/home/woa23c1ro/.local/share/uv/python/cpython-3.11.14-linux-x86_64-gnu/lib/python3.11/site-packages/_distutils_hack/__pycache__/__init__.cpython-311.pyc
f	664	994:993	12	/home/woa23c1ro/.local/share/uv/python/cpython-3.11.14-linux-x86_64-gnu/lib/python3.11/site-packages/setuptools/_vendor/autocommand-2.2.2.dist-info/top_level.txt
f	664	994:993	120	/home/woa23c1ro/.local/share/uv/python/cpython-3.11.14-linux-x86_64-gnu/lib/python3.11/idlelib/Icons/folder.gif
f	664	994:993	120	/home/woa23c1ro/.local/share/uv/python/cpython-3.11.14-linux-x86_64-gnu/share/terminfo/b/bracketed+paste
f	664	994:993	1200	/home/woa23c1ro/.local/share/uv/python/cpython-3.11.14-linux-x86_64-gnu/lib/python3.11/site-packages/setuptools/_distutils/log.py
f	664	994:993	1200	/home/woa23c1ro/.local/share/uv/python/cpython-3.11.14-linux-x86_64-gnu/share/terminfo/n/news-33
f	664	994:993	1200	/home/woa23c1ro/.local/share/uv/python/cpython-3.11.14-linux-x86_64-gnu/share/terminfo/n/news-42
f	664	994:993	1201	/home/woa23c1ro/.local/share/uv/python/cpython-3.11.14-linux-x86_64-gnu/share/terminfo/m/m2-nam
f	664	994:993	1201	/home/woa23c1ro/.local/share/uv/python/cpython-3.11.14-linux-x86_64-gnu/share/terminfo/w/wy325-25w
f	664	994:993	12023	/home/woa23c1ro/.local/share/uv/python/cpython-3.11.14-linux-x86_64-gnu/lib/python3.11/multiprocessing/queues.py
f	664	994:993	1203	/home/woa23c1ro/.local/share/uv/python/cpython-3.11.14-linux-x86_64-gnu/lib/tcl8.6/msgs/sk.msg
f	664	994:993	1203	/home/woa23c1ro/.local/share/uv/python/cpython-3.11.14-linux-x86_64-gnu/share/terminfo/a/avt-w-rv-ns
f	664	994:993	1203	/home/woa23c1ro/.local/share/uv/python/cpython-3.11.14-linux-x86_64-gnu/share/terminfo/w/wy50-vb
f	664	994:993	1204	/home/woa23c1ro/.local/share/uv/python/cpython-3.11.14-linux-x86_64-gnu/share/terminfo/n/ncr160wy50+pp
f	664	994:993	1204	/home/woa23c1ro/.local/share/uv/python/cpython-3.11.14-linux-x86_64-gnu/share/terminfo/n/ncr260wy50+pp
f	664	994:993	1204	/home/woa23c1ro/.local/share/uv/python/cpython-3.11.14-linux-x86_64-gnu/share/terminfo/n/news-unk
f	664	994:993	1204	/home/woa23c1ro/.local/share/uv/python/cpython-3.11.14-linux-x86_64-gnu/share/terminfo/p/pcansi-25
f	664	994:993	1204	/home/woa23c1ro/.local/share/uv/python/cpython-3.11.14-linux-x86_64-gnu/share/terminfo/p/pcansi-33
f	664	994:993	1204	/home/woa23c1ro/.local/share/uv/python/cpython-3.11.14-linux-x86_64-gnu/share/terminfo/p/pcansi-43
f	664	994:993	12049	/home/woa23c1ro/.local/share/uv/python/cpython-3.11.14-linux-x86_64-gnu/lib/python3.11/site-packages/pip/_vendor/packaging/markers.py
f	664	994:993	1205	/home/woa23c1ro/.local/share/uv/python/cpython-3.11.14-linux-x86_64-gnu/lib/tcl8.6/msgs/fr.msg
f	664	994:993	12055	/home/woa23c1ro/.local/share/uv/python/cpython-3.11.14-linux-x86_64-gnu/lib/python3.11/encodings/cp424.py
f	664	994:993	1206	/home/woa23c1ro/.local/share/uv/python/cpython-3.11.14-linux-x86_64-gnu/lib/tcl8.6/msgs/et.msg
f	664	994:993	1206	/home/woa23c1ro/.local/share/uv/python/cpython-3.11.14-linux-x86_64-gnu/share/terminfo/n/ncr160wy50+wpp
f	664	994:993	1206	/home/woa23c1ro/.local/share/uv/python/cpython-3.11.14-linux-x86_64-gnu/share/terminfo/n/ncr260wy50+wpp
f	664	994:993	1206	/home/woa23c1ro/.local/share/uv/python/cpython-3.11.14-linux-x86_64-gnu/share/terminfo/t/tvi912b-vb-mc
f	664	994:993	1207	/home/woa23c1ro/.local/share/uv/python/cpython-3.11.14-linux-x86_64-gnu/share/terminfo/m/ms-vt100
f	664	994:993	1207	/home/woa23c1ro/.local/share/uv/python/cpython-3.11.14-linux-x86_64-gnu/share/terminfo/w/wy325-42
f	664	994:993	1207	/home/woa23c1ro/.local/share/uv/python/cpython-3.11.14-linux-x86_64-gnu/share/terminfo/w/wy325-43
f	664	994:993	1208	/home/woa23c1ro/.local/share/uv/python/cpython-3.11.14-linux-x86_64-gnu/share/terminfo/n/news-29
f	664	994:993	1209	/home/woa23c1ro/.local/share/uv/python/cpython-3.11.14-linux-x86_64-gnu/share/terminfo/w/wy325-42w
f	664	994:993	1209	/home/woa23c1ro/.local/share/uv/python/cpython-3.11.14-linux-x86_64-gnu/share/terminfo/w/wy325-43w
f	664	994:993	1209	/home/woa23c1ro/.local/share/uv/python/cpython-3.11.14-linux-x86_64-gnu/share/terminfo/w/wy50-wvb
f	664	994:993	120951	/home/woa23c1ro/.local/share/uv/python/cpython-3.11.14-linux-x86_64-gnu/lib/python3.11/typing.py
f	664	994:993	12101	/home/woa23c1ro/.local/share/uv/python/cpython-3.11.14-linux-x86_64-gnu/lib/python3.11/site-packages/setuptools/_distutils/text_file.py
f	664	994:993	12108	/home/woa23c1ro/.local/share/uv/python/cpython-3.11.14-linux-x86_64-gnu/lib/python3.11/site-packages/pip/_internal/utils/logging.py
f	664	994:993	1211	/home/woa23c1ro/.local/share/uv/python/cpython-3.11.14-linux-x86_64-gnu/lib/python3.11/encodings/mbcs.py
f	664	994:993	1211	/home/woa23c1ro/.local/share/uv/python/cpython-3.11.14-linux-x86_64-gnu/lib/tcl8.6/msgs/pl.msg
f	664	994:993	1211	/home/woa23c1ro/.local/share/uv/python/cpython-3.11.14-linux-x86_64-gnu/share/terminfo/h/hpansi
f	664	994:993	1211	/home/woa23c1ro/.local/share/uv/python/cpython-3.11.14-linux-x86_64-gnu/share/terminfo/v/v5410
f	664	994:993	1211	/home/woa23c1ro/.local/share/uv/python/cpython-3.11.14-linux-x86_64-gnu/share/terminfo/w/wy325
f	664	994:993	12115	/home/woa23c1ro/.local/share/uv/python/cpython-3.11.14-linux-x86_64-gnu/lib/python3.11/idlelib/debugger_r.py
f	664	994:993	12115	/home/woa23c1ro/.local/share/uv/python/cpython-3.11.14-linux-x86_64-gnu/lib/python3.11/site-packages/pip/_vendor/pygments/lexers/__init__.py
f	664	994:993	1212	/home/woa23c1ro/.local/share/uv/python/cpython-3.11.14-linux-x86_64-gnu/include/python3.11/boolobject.h
f	664	994:993	1212	/home/woa23c1ro/.local/share/uv/python/cpython-3.11.14-linux-x86_64-gnu/share/terminfo/n/news-33-euc
f	664	994:993	1212	/home/woa23c1ro/.local/share/uv/python/cpython-3.11.14-linux-x86_64-gnu/share/terminfo/n/news-42-euc
f	664	994:993	1212	/home/woa23c1ro/.local/share/uv/python/cpython-3.11.14-linux-x86_64-gnu/share/terminfo/n/nsterm+acs
f	664	994:993	1212	/home/woa23c1ro/.local/share/uv/python/cpython-3.11.14-linux-x86_64-gnu/share/terminfo/n/nsterm-m
f	664	994:993	1213	/home/woa23c1ro/.local/share/uv/python/cpython-3.11.14-linux-x86_64-gnu/share/terminfo/x/xnuppc-80x25
f	664	994:993	1213	/home/woa23c1ro/.local/share/uv/python/cpython-3.11.14-linux-x86_64-gnu/share/terminfo/x/xnuppc-80x30
f	664	994:993	1213	/home/woa23c1ro/.local/share/uv/python/cpython-3.11.14-linux-x86_64-gnu/share/terminfo/x/xnuppc-90x30
f	664	994:993	12134	/home/woa23c1ro/.local/share/uv/python/cpython-3.11.14-linux-x86_64-gnu/lib/python3.11/multiprocessing/forkserver.py
f	664	994:993	12139	/home/woa23c1ro/.local/share/uv/python/cpython-3.11.14-linux-x86_64-gnu/lib/python3.11/multiprocessing/process.py
f	664	994:993	1214	/home/woa23c1ro/.local/share/uv/python/cpython-3.11.14-linux-x86_64-gnu/share/terminfo/h/hft-old
f	664	994:993	1214	/home/woa23c1ro/.local/share/uv/python/cpython-3.11.14-linux-x86_64-gnu/share/terminfo/n/news-33-sjis
f	664	994:993	1214	/home/woa23c1ro/.local/share/uv/python/cpython-3.11.14-linux-x86_64-gnu/share/terminfo/n/news-42-sjis
f	664	994:993	1215	/home/woa23c1ro/.local/share/uv/python/cpython-3.11.14-linux-x86_64-gnu/share/terminfo/x/xnuppc-b
f	664	994:993	12158	/home/woa23c1ro/.local/share/uv/python/cpython-3.11.14-linux-x86_64-gnu/include/python3.11/cpython/pytime.h
f	664	994:993	1216	/home/woa23c1ro/.local/share/uv/python/cpython-3.11.14-linux-x86_64-gnu/share/terminfo/n/ncr160wy60pp
f	664	994:993	1216	/home/woa23c1ro/.local/share/uv/python/cpython-3.11.14-linux-x86_64-gnu/share/terminfo/n/ncr260wy60pp
f	664	994:993	1217	/home/woa23c1ro/.local/share/uv/python/cpython-3.11.14-linux-x86_64-gnu/share/terminfo/x/xnuppc-100x37
f	664	994:993	1217	/home/woa23c1ro/.local/share/uv/python/cpython-3.11.14-linux-x86_64-gnu/share/terminfo/x/xnuppc-112x37
f	664	994:993	1217	/home/woa23c1ro/.local/share/uv/python/cpython-3.11.14-linux-x86_64-gnu/share/terminfo/x/xnuppc-128x40
f	664	994:993	1217	/home/woa23c1ro/.local/share/uv/python/cpython-3.11.14-linux-x86_64-gnu/share/terminfo/x/xnuppc-128x48
f	664	994:993	1217	/home/woa23c1ro/.local/share/uv/python/cpython-3.11.14-linux-x86_64-gnu/share/terminfo/x/xnuppc-144x48
f	664	994:993	1217	/home/woa23c1ro/.local/share/uv/python/cpython-3.11.14-linux-x86_64-gnu/share/terminfo/x/xnuppc-160x64
f	664	994:993	1217	/home/woa23c1ro/.local/share/uv/python/cpython-3.11.14-linux-x86_64-gnu/share/terminfo/x/xnuppc-200x64
f	664	994:993	1217	/home/woa23c1ro/.local/share/uv/python/cpython-3.11.14-linux-x86_64-gnu/share/terminfo/x/xnuppc-200x75
f	664	994:993	1217	/home/woa23c1ro/.local/share/uv/python/cpython-3.11.14-linux-x86_64-gnu/share/terminfo/x/xnuppc-256x96
f	664	994:993	1218	/home/woa23c1ro/.local/share/uv/python/cpython-3.11.14-linux-x86_64-gnu/share/terminfo/n/ncr160wy60wpp
f	664	994:993	1218	/home/woa23c1ro/.local/share/uv/python/cpython-3.11.14-linux-x86_64-gnu/share/terminfo/n/ncr260wy60wpp
f	664	994:993	1218	/home/woa23c1ro/.local/share/uv/python/cpython-3.11.14-linux-x86_64-gnu/share/terminfo/p/pc-minix
f	664	994:993	1219	/home/woa23c1ro/.local/share/uv/python/cpython-3.11.14-linux-x86_64-gnu/lib/tcl8.6/msgs/lv.msg
f	664	994:993	1219	/home/woa23c1ro/.local/share/uv/python/cpython-3.11.14-linux-x86_64-gnu/share/terminfo/z/z29
f	664	994:993	1220	/home/woa23c1ro/.local/share/uv/python/cpython-3.11.14-linux-x86_64-gnu/share/terminfo/n/news-29-euc
f	664	994:993	1221	/home/woa23c1ro/.local/share/uv/python/cpython-3.11.14-linux-x86_64-gnu/share/terminfo/h/hp150
f	664	994:993	12216	/home/woa23c1ro/.local/share/uv/python/cpython-3.11.14-linux-x86_64-gnu/lib/python3.11/site-packages/pip/_vendor/pyproject_hooks/_in_process/_in_process.py
f	664	994:993	1222	/home/woa23c1ro/.local/share/uv/python/cpython-3.11.14-linux-x86_64-gnu/lib/tcl8.6/msgs/de.msg
f	664	994:993	1222	/home/woa23c1ro/.local/share/uv/python/cpython-3.11.14-linux-x86_64-gnu/share/terminfo/n/news-29-sjis
f	664	994:993	1222	/home/woa23c1ro/.local/share/uv/python/cpython-3.11.14-linux-x86_64-gnu/share/terminfo/n/nsterm-m-acs
f	664	994:993	1223	/home/woa23c1ro/.local/share/uv/python/cpython-3.11.14-linux-x86_64-gnu/lib/tcl8.6/msgs/de_be.msg
f	664	994:993	1225	/home/woa23c1ro/.local/share/uv/python/cpython-3.11.14-linux-x86_64-gnu/lib/python3.11/lib2to3/PatternGrammar3.11.14.final.0.pickle
f	664	994:993	1225	/home/woa23c1ro/.local/share/uv/python/cpython-3.11.14-linux-x86_64-gnu/share/terminfo/i/ibm6155
f	664	994:993	1225	/home/woa23c1ro/.local/share/uv/python/cpython-3.11.14-linux-x86_64-gnu/share/terminfo/w/wy325-25
f	664	994:993	12255	/home/woa23c1ro/.local/share/uv/python/cpython-3.11.14-linux-x86_64-gnu/lib/python3.11/xml/sax/saxutils.py
f	664	994:993	1226	/home/woa23c1ro/.local/share/uv/python/cpython-3.11.14-linux-x86_64-gnu/include/python3.11/weakrefobject.h
f	664	994:993	1226	/home/woa23c1ro/.local/share/uv/python/cpython-3.11.14-linux-x86_64-gnu/lib/python3.11/lib2to3/fixes/fix_paren.py
f	664	994:993	1226	/home/woa23c1ro/.local/share/uv/python/cpython-3.11.14-linux-x86_64-gnu/share/terminfo/a/avt
f	664	994:993	1226	/home/woa23c1ro/.local/share/uv/python/cpython-3.11.14-linux-x86_64-gnu/share/terminfo/a/avt-w
f	664	994:993	1227	/home/woa23c1ro/.local/share/uv/python/cpython-3.11.14-linux-x86_64-gnu/share/terminfo/d/djgpp204
f	664	994:993	1227	/home/woa23c1ro/.local/share/uv/python/cpython-3.11.14-linux-x86_64-gnu/share/terminfo/x/xnuppc-f
f	664	994:993	12270	/home/woa23c1ro/.local/share/uv/python/cpython-3.11.14-linux-x86_64-gnu/lib/tk8.6/ttk/combobox.tcl
f	664	994:993	12285	/home/woa23c1ro/.local/share/uv/python/cpython-3.11.14-linux-x86_64-gnu/lib/python3.11/multiprocessing/synchronize.py
f	664	994:993	1229	/home/woa23c1ro/.local/share/uv/python/cpython-3.11.14-linux-x86_64-gnu/share/terminfo/w/wy325-w
f	664	994:993	123	/home/woa23c1ro/.local/share/uv/python/cpython-3.11.14-linux-x86_64-gnu/lib/python3.11/site-packages/setuptools/tests/text.py
f	664	994:993	1230	/home/woa23c1ro/.local/share/uv/python/cpython-3.11.14-linux-x86_64-gnu/share/terminfo/n/nsterm+mac
f	664	994:993	12300	/home/woa23c1ro/.local/share/uv/python/cpython-3.11.14-linux-x86_64-gnu/lib/python3.11/encodings/tis_620.py
f	664	994:993	1231	/home/woa23c1ro/.local/share/uv/python/cpython-3.11.14-linux-x86_64-gnu/lib/tcl8.6/msgs/eo.msg
f	664	994:993	1232	/home/woa23c1ro/.local/share/uv/python/cpython-3.11.14-linux-x86_64-gnu/share/terminfo/d/dg+color8
f	664	994:993	1232	/home/woa23c1ro/.local/share/uv/python/cpython-3.11.14-linux-x86_64-gnu/share/terminfo/h/hp2626
f	664	994:993	1233	/home/woa23c1ro/.local/share/uv/python/cpython-3.11.14-linux-x86_64-gnu/share/terminfo/w/wy325-vb
f	664	994:993	12335	/home/woa23c1ro/.local/share/uv/python/cpython-3.11.14-linux-x86_64-gnu/lib/python3.11/encodings/iso8859_11.py
f	664	994:993	1234	/home/woa23c1ro/.local/share/uv/python/cpython-3.11.14-linux-x86_64-gnu/share/terminfo/h/hazel
f	664	994:993	123419	/home/woa23c1ro/.local/share/uv/python/cpython-3.11.14-linux-x86_64-gnu/lib/python3.11/inspect.py
f	664	994:993	1235	/home/woa23c1ro/.local/share/uv/python/cpython-3.11.14-linux-x86_64-gnu/share/terminfo/x/xnuppc-f2
f	664	994:993	1236	/home/woa23c1ro/.local/share/uv/python/cpython-3.11.14-linux-x86_64-gnu/lib/python3.11/site-packages/pip/_vendor/rich/_loop.py
f	664	994:993	1237	/home/woa23c1ro/.local/share/uv/python/cpython-3.11.14-linux-x86_64-gnu/share/terminfo/a/aaa-60
f	664	994:993	1238	/home/woa23c1ro/.local/share/uv/python/cpython-3.11.14-linux-x86_64-gnu/share/terminfo/a/aaa+unk
f	664	994:993	12387	/home/woa23c1ro/.local/share/uv/python/cpython-3.11.14-linux-x86_64-gnu/lib/python3.11/xml/dom/xmlbuilder.py
f	664	994:993	1239	/home/woa23c1ro/.local/share/uv/python/cpython-3.11.14-linux-x86_64-gnu/include/python3.11/cpython/ceval.h
f	664	994:993	1239	/home/woa23c1ro/.local/share/uv/python/cpython-3.11.14-linux-x86_64-gnu/include/python3.11/internal/pycore_context.h
f	664	994:993	1239	/home/woa23c1ro/.local/share/uv/python/cpython-3.11.14-linux-x86_64-gnu/share/terminfo/i/ibm6153-40
f	664	994:993	1239	/home/woa23c1ro/.local/share/uv/python/cpython-3.11.14-linux-x86_64-gnu/share/terminfo/i/ibm6153-90
f	664	994:993	124	/home/woa23c1ro/.local/share/uv/python/cpython-3.11.14-linux-x86_64-gnu/lib/python3.11/asyncio/log.py
f	664	994:993	1240	/home/woa23c1ro/.local/share/uv/python/cpython-3.11.14-linux-x86_64-gnu/lib/python3.11/site-packages/setuptools/_distutils/tests/test_clean.py
f	664	994:993	1240	/home/woa23c1ro/.local/share/uv/python/cpython-3.11.14-linux-x86_64-gnu/lib/tcl8.6/msgs/it.msg
f	664	994:993	12406	/home/woa23c1ro/.local/share/uv/python/cpython-3.11.14-linux-x86_64-gnu/lib/python3.11/site-packages/setuptools/tests/config/test_pyprojecttoml.py
f	664	994:993	1241	/home/woa23c1ro/.local/share/uv/python/cpython-3.11.14-linux-x86_64-gnu/share/terminfo/w/wy325-42w-vb
f	664	994:993	1241	/home/woa23c1ro/.local/share/uv/python/cpython-3.11.14-linux-x86_64-gnu/share/terminfo/w/wy325-43w-vb
f	664	994:993	1242	/home/woa23c1ro/.local/share/uv/python/cpython-3.11.14-linux-x86_64-gnu/share/terminfo/h/hp2626-12
f	664	994:993	12421	/home/woa23c1ro/.local/share/uv/python/cpython-3.11.14-linux-x86_64-gnu/lib/python3.11/cgitb.py
f	664	994:993	12423	/home/woa23c1ro/.local/share/uv/python/cpython-3.11.14-linux-x86_64-gnu/lib/python3.11/encodings/cp856.py
f	664	994:993	1243	/home/woa23c1ro/.local/share/uv/python/cpython-3.11.14-linux-x86_64-gnu/share/terminfo/w/wy325-w-vb
f	664	994:993	12435	/home/woa23c1ro/.local/share/uv/python/cpython-3.11.14-linux-x86_64-gnu/lib/python3.11/distutils/sysconfig.py
f	664	994:993	1244	/home/woa23c1ro/.local/share/uv/python/cpython-3.11.14-linux-x86_64-gnu/share/terminfo/h/hp2626-x40
f	664	994:993	124451	/home/woa23c1ro/.local/share/uv/python/cpython-3.11.14-linux-x86_64-gnu/lib/python3.11/site-packages/pip/_vendor/pkg_resources/__init__.py
f	664	994:993	12447	/home/woa23c1ro/.local/share/uv/python/cpython-3.11.14-linux-x86_64-gnu/lib/python3.11/site-packages/pip/_vendor/rich/prompt.py
f	664	994:993	1245	/home/woa23c1ro/.local/share/uv/python/cpython-3.11.14-linux-x86_64-gnu/share/terminfo/d/dg460-ansi
f	664	994:993	12466	/home/woa23c1ro/.local/share/uv/python/cpython-3.11.14-linux-x86_64-gnu/lib/python3.11/encodings/cp1255.py
f	664	994:993	12468	/home/woa23c1ro/.local/share/uv/python/cpython-3.11.14-linux-x86_64-gnu/lib/python3.11/site-packages/pip/_vendor/rich/logging.py
f	664	994:993	1247	/home/woa23c1ro/.local/share/uv/python/cpython-3.11.14-linux-x86_64-gnu/share/terminfo/a/att510a
f	664	994:993	1247	/home/woa23c1ro/.local/share/uv/python/cpython-3.11.14-linux-x86_64-gnu/share/terminfo/a/avt-rv
f	664	994:993	12473	/home/woa23c1ro/.local/share/uv/python/cpython-3.11.14-linux-x86_64-gnu/lib/python3.11/json/decoder.py
f	664	994:993	1248	/home/woa23c1ro/.local/share/uv/python/cpython-3.11.14-linux-x86_64-gnu/include/python3.11/cpython/complexobject.h
f	664	994:993	1248	/home/woa23c1ro/.local/share/uv/python/cpython-3.11.14-linux-x86_64-gnu/lib/python3.11/encodings/ascii.py
f	664	994:993	1248	/home/woa23c1ro/.local/share/uv/python/cpython-3.11.14-linux-x86_64-gnu/share/terminfo/n/nwp513-a
f	664	994:993	12483	/home/woa23c1ro/.local/share/uv/python/cpython-3.11.14-linux-x86_64-gnu/lib/python3.11/distutils/text_file.py
f	664	994:993	1249	/home/woa23c1ro/.local/share/uv/python/cpython-3.11.14-linux-x86_64-gnu/share/terminfo/b/bsdos-pc-m
f	664	994:993	125	/home/woa23c1ro/.local/share/uv/python/cpython-3.11.14-linux-x86_64-gnu/lib/python3.11/idlelib/Icons/openfolder.gif
f	664	994:993	1251	/home/woa23c1ro/.local/share/uv/python/cpython-3.11.14-linux-x86_64-gnu/share/terminfo/i/ibm5151
f	664	994:993	1251	/home/woa23c1ro/.local/share/uv/python/cpython-3.11.14-linux-x86_64-gnu/share/terminfo/t/ts100
f	664	994:993	12514	/home/woa23c1ro/.local/share/uv/python/cpython-3.11.14-linux-x86_64-gnu/lib/python3.11/distutils/version.py
f	664	994:993	1252	/home/woa23c1ro/.local/share/uv/python/cpython-3.11.14-linux-x86_64-gnu/share/terminfo/c/cons30-m
f	664	994:993	1252	/home/woa23c1ro/.local/share/uv/python/cpython-3.11.14-linux-x86_64-gnu/share/terminfo/c/cons43-m
f	664	994:993	1252	/home/woa23c1ro/.local/share/uv/python/cpython-3.11.14-linux-x86_64-gnu/share/terminfo/c/cons60-m
f	664	994:993	1252	/home/woa23c1ro/.local/share/uv/python/cpython-3.11.14-linux-x86_64-gnu/share/terminfo/g/guru-24
f	664	994:993	1253	/home/woa23c1ro/.local/share/uv/python/cpython-3.11.14-linux-x86_64-gnu/share/terminfo/a/avt-w-rv
f	664	994:993	1253	/home/woa23c1ro/.local/share/uv/python/cpython-3.11.14-linux-x86_64-gnu/share/terminfo/g/guru-44
f	664	994:993	1253	/home/woa23c1ro/.local/share/uv/python/cpython-3.11.14-linux-x86_64-gnu/share/terminfo/u/uwin
f	664	994:993	1254	/home/woa23c1ro/.local/share/uv/python/cpython-3.11.14-linux-x86_64-gnu/share/terminfo/t/teken-2022
f	664	994:993	1255	/home/woa23c1ro/.local/share/uv/python/cpython-3.11.14-linux-x86_64-gnu/lib/tcl8.6/msgs/is.msg
f	664	994:993	1255	/home/woa23c1ro/.local/share/uv/python/cpython-3.11.14-linux-x86_64-gnu/lib/tcl8.6/msgs/lt.msg
f	664	994:993	1255	/home/woa23c1ro/.local/share/uv/python/cpython-3.11.14-linux-x86_64-gnu/share/terminfo/v/vip
f	664	994:993	1255	/home/woa23c1ro/.local/share/uv/python/cpython-3.11.14-linux-x86_64-gnu/share/terminfo/v/vt102-nsgr
f	664	994:993	1256	/home/woa23c1ro/.local/share/uv/python/cpython-3.11.14-linux-x86_64-gnu/include/python3.11/descrobject.h
f	664	994:993	1256	/home/woa23c1ro/.local/share/uv/python/cpython-3.11.14-linux-x86_64-gnu/lib/python3.11/lib2to3/fixes/fix_unicode.py
f	664	994:993	1256	/home/woa23c1ro/.local/share/uv/python/cpython-3.11.14-linux-x86_64-gnu/share/terminfo/a/ansi.sys-old
f	664	994:993	1256	/home/woa23c1ro/.local/share/uv/python/cpython-3.11.14-linux-x86_64-gnu/share/terminfo/h/hp2626-12x40
f	664	994:993	1256	/home/woa23c1ro/.local/share/uv/python/cpython-3.11.14-linux-x86_64-gnu/share/terminfo/n/nwp512
f	664	994:993	1256281	/home/woa23c1ro/.local/share/uv/python/cpython-3.11.14-linux-x86_64-gnu/lib/python3.11/ensurepip/_bundled/setuptools-79.0.1-py3-none-any.whl
f	664	994:993	1257	/home/woa23c1ro/.local/share/uv/python/cpython-3.11.14-linux-x86_64-gnu/share/terminfo/a/aaa-18
f	664	994:993	1257	/home/woa23c1ro/.local/share/uv/python/cpython-3.11.14-linux-x86_64-gnu/share/terminfo/a/aaa-20
f	664	994:993	1257	/home/woa23c1ro/.local/share/uv/python/cpython-3.11.14-linux-x86_64-gnu/share/terminfo/a/aaa-22
f	664	994:993	1257	/home/woa23c1ro/.local/share/uv/python/cpython-3.11.14-linux-x86_64-gnu/share/terminfo/a/aaa-24
f	664	994:993	1257	/home/woa23c1ro/.local/share/uv/python/cpython-3.11.14-linux-x86_64-gnu/share/terminfo/w/wy120
f	664	994:993	12575	/home/woa23c1ro/.local/share/uv/python/cpython-3.11.14-linux-x86_64-gnu/lib/python3.11/ctypes/_aix.py
f	664	994:993	1258	/home/woa23c1ro/.local/share/uv/python/cpython-3.11.14-linux-x86_64-gnu/lib/python3.11/site-packages/pip/_vendor/rich/styled.py
f	664	994:993	1258	/home/woa23c1ro/.local/share/uv/python/cpython-3.11.14-linux-x86_64-gnu/share/terminfo/g/guru-76-w
f	664	994:993	1259	/home/woa23c1ro/.local/share/uv/python/cpython-3.11.14-linux-x86_64-gnu/lib/python3.11/site-packages/setuptools/_vendor/more_itertools-10.3.0.dist-info/RECORD
f	664	994:993	1259	/home/woa23c1ro/.local/share/uv/python/cpython-3.11.14-linux-x86_64-gnu/share/terminfo/g/guru-76
f	664	994:993	12595	/home/woa23c1ro/.local/share/uv/python/cpython-3.11.14-linux-x86_64-gnu/lib/python3.11/encodings/cp874.py
f	664	994:993	12595	/home/woa23c1ro/.local/share/uv/python/cpython-3.11.14-linux-x86_64-gnu/lib/python3.11/site-packages/pkg_resources/api_tests.txt
f	664	994:993	1261	/home/woa23c1ro/.local/share/uv/python/cpython-3.11.14-linux-x86_64-gnu/lib/python3.11/site-packages/setuptools/logging.py
f	664	994:993	12619	/home/woa23c1ro/.local/share/uv/python/cpython-3.11.14-linux-x86_64-gnu/lib/python3.11/site-packages/setuptools/_distutils/version.py
f	664	994:993	126219	/home/woa23c1ro/.local/share/uv/python/cpython-3.11.14-linux-x86_64-gnu/lib/python3.11/site-packages/pkg_resources/__init__.py
f	664	994:993	12634	/home/woa23c1ro/.local/share/uv/python/cpython-3.11.14-linux-x86_64-gnu/lib/python3.11/site-packages/setuptools/_vendor/wheel/cli/convert.py
f	664	994:993	1264	/home/woa23c1ro/.local/share/uv/python/cpython-3.11.14-linux-x86_64-gnu/lib/python3.11/encodings/latin_1.py
f	664	994:993	1264	/home/woa23c1ro/.local/share/uv/python/cpython-3.11.14-linux-x86_64-gnu/share/terminfo/c/cons50-m
f	664	994:993	1264	/home/woa23c1ro/.local/share/uv/python/cpython-3.11.14-linux-x86_64-gnu/share/terminfo/p/pcvtXX
f	664	994:993	1265	/home/woa23c1ro/.local/share/uv/python/cpython-3.11.14-linux-x86_64-gnu/share/terminfo/h/hp2624
f	664	994:993	12653	/home/woa23c1ro/.local/share/uv/python/cpython-3.11.14-linux-x86_64-gnu/lib/itcl4.2.4/itclWidget.tcl
f	664	994:993	1267	/home/woa23c1ro/.local/share/uv/python/cpython-3.11.14-linux-x86_64-gnu/lib/tcl8.6/msgs/sq.msg
f	664	994:993	1267	/home/woa23c1ro/.local/share/uv/python/cpython-3.11.14-linux-x86_64-gnu/share/terminfo/i/ibm3162
f	664	994:993	1267	/home/woa23c1ro/.local/share/uv/python/cpython-3.11.14-linux-x86_64-gnu/share/terminfo/w/wy120-25-w
f	664	994:993	1267	/home/woa23c1ro/.local/share/uv/python/cpython-3.11.14-linux-x86_64-gnu/share/terminfo/w/wy120-w
f	664	994:993	1268	/home/woa23c1ro/.local/share/uv/python/cpython-3.11.14-linux-x86_64-gnu/share/terminfo/a/aaa-db
f	664	994:993	1268	/home/woa23c1ro/.local/share/uv/python/cpython-3.11.14-linux-x86_64-gnu/share/terminfo/n/nwp513
f	664	994:993	12682	/home/woa23c1ro/.local/share/uv/python/cpython-3.11.14-linux-x86_64-gnu/lib/python3.11/site-packages/pip/_internal/network/download.py
f	664	994:993	12684	/home/woa23c1ro/.local/share/uv/python/cpython-3.11.14-linux-x86_64-gnu/lib/python3.11/xml/sax/xmlreader.py
f	664	994:993	1269	/home/woa23c1ro/.local/share/uv/python/cpython-3.11.14-linux-x86_64-gnu/share/terminfo/a/aaa-26
f	664	994:993	1269	/home/woa23c1ro/.local/share/uv/python/cpython-3.11.14-linux-x86_64-gnu/share/terminfo/a/aaa-28
f	664	994:993	1269	/home/woa23c1ro/.local/share/uv/python/cpython-3.11.14-linux-x86_64-gnu/share/terminfo/a/aaa-36
f	664	994:993	1269	/home/woa23c1ro/.local/share/uv/python/cpython-3.11.14-linux-x86_64-gnu/share/terminfo/a/aaa-40
f	664	994:993	1269	/home/woa23c1ro/.local/share/uv/python/cpython-3.11.14-linux-x86_64-gnu/share/terminfo/a/aaa-48
f	664	994:993	1269	/home/woa23c1ro/.local/share/uv/python/cpython-3.11.14-linux-x86_64-gnu/share/terminfo/w/wy120-25
f	664	994:993	1270	/home/woa23c1ro/.local/share/uv/python/cpython-3.11.14-linux-x86_64-gnu/share/terminfo/c/cons50l1-m
f	664	994:993	1270	/home/woa23c1ro/.local/share/uv/python/cpython-3.11.14-linux-x86_64-gnu/share/terminfo/c/cons60l1-m
f	664	994:993	1271	/home/woa23c1ro/.local/share/uv/python/cpython-3.11.14-linux-x86_64-gnu/share/terminfo/e/eterm-color
f	664	994:993	1271	/home/woa23c1ro/.local/share/uv/python/cpython-3.11.14-linux-x86_64-gnu/share/terminfo/t/tvi920b-2p-mc
f	664	994:993	1271	/home/woa23c1ro/.local/share/uv/python/cpython-3.11.14-linux-x86_64-gnu/share/terminfo/w/wy99f
f	664	994:993	12714	/home/woa23c1ro/.local/share/uv/python/cpython-3.11.14-linux-x86_64-gnu/lib/python3.11/encodings/__pycache__/aliases.cpython-311.pyc
f	664	994:993	12717	/home/woa23c1ro/.local/share/uv/python/cpython-3.11.14-linux-x86_64-gnu/lib/python3.11/importlib/util.py
f	664	994:993	1272	/home/woa23c1ro/.local/share/uv/python/cpython-3.11.14-linux-x86_64-gnu/lib/python3.11/site-packages/setuptools/_distutils/command/install_headers.py
f	664	994:993	1272	/home/woa23c1ro/.local/share/uv/python/cpython-3.11.14-linux-x86_64-gnu/share/terminfo/n/nsterm-m-s
f	664	994:993	12724	/home/woa23c1ro/.local/share/uv/python/cpython-3.11.14-linux-x86_64-gnu/lib/python3.11/site-packages/setuptools/_distutils/command/config.py
f	664	994:993	1273	/home/woa23c1ro/.local/share/uv/python/cpython-3.11.14-linux-x86_64-gnu/share/terminfo/p/pccon0-m
f	664	994:993	1273	/home/woa23c1ro/.local/share/uv/python/cpython-3.11.14-linux-x86_64-gnu/share/terminfo/t/ts100-ctxt
f	664	994:993	12732	/home/woa23c1ro/.local/share/uv/python/cpython-3.11.14-linux-x86_64-gnu/lib/tk8.6/scrlbar.tcl
f	664	994:993	1274	/home/woa23c1ro/.local/share/uv/python/cpython-3.11.14-linux-x86_64-gnu/share/terminfo/g/guru
f	664	994:993	1276	/home/woa23c1ro/.local/share/uv/python/cpython-3.11.14-linux-x86_64-gnu/share/terminfo/v/vt102
f	664	994:993	1276	/home/woa23c1ro/.local/share/uv/python/cpython-3.11.14-linux-x86_64-gnu/share/terminfo/v/vt220-8bit
f	664	994:993	1277	/home/woa23c1ro/.local/share/uv/python/cpython-3.11.14-linux-x86_64-gnu/share/terminfo/w/wy99fa
f	664	994:993	1278	/home/woa23c1ro/.local/share/uv/python/cpython-3.11.14-linux-x86_64-gnu/share/terminfo/d/dec-vt100
f	664	994:993	1278	/home/woa23c1ro/.local/share/uv/python/cpython-3.11.14-linux-x86_64-gnu/share/terminfo/g/guru-rv
f	664	994:993	1278	/home/woa23c1ro/.local/share/uv/python/cpython-3.11.14-linux-x86_64-gnu/share/terminfo/v/vt125
f	664	994:993	12782	/home/woa23c1ro/.local/share/uv/python/cpython-3.11.14-linux-x86_64-gnu/include/python3.11/pyerrors.h
f	664	994:993	1280	/home/woa23c1ro/.local/share/uv/python/cpython-3.11.14-linux-x86_64-gnu/share/terminfo/g/guru-76-wm
f	664	994:993	1280	/home/woa23c1ro/.local/share/uv/python/cpython-3.11.14-linux-x86_64-gnu/share/terminfo/q/qnxt2
f	664	994:993	1281	/home/woa23c1ro/.local/share/uv/python/cpython-3.11.14-linux-x86_64-gnu/share/terminfo/g/guru-nctxt
f	664	994:993	1281	/home/woa23c1ro/.local/share/uv/python/cpython-3.11.14-linux-x86_64-gnu/share/terminfo/p/pcvt25
f	664	994:993	1281	/home/woa23c1ro/.local/share/uv/python/cpython-3.11.14-linux-x86_64-gnu/share/terminfo/p/pcvt28
f	664	994:993	1281	/home/woa23c1ro/.local/share/uv/python/cpython-3.11.14-linux-x86_64-gnu/share/terminfo/p/pcvt35
f	664	994:993	1281	/home/woa23c1ro/.local/share/uv/python/cpython-3.11.14-linux-x86_64-gnu/share/terminfo/p/pcvt40
f	664	994:993	1281	/home/woa23c1ro/.local/share/uv/python/cpython-3.11.14-linux-x86_64-gnu/share/terminfo/p/pcvt43
f	664	994:993	1281	/home/woa23c1ro/.local/share/uv/python/cpython-3.11.14-linux-x86_64-gnu/share/terminfo/p/pcvt50
f	664	994:993	1281	/home/woa23c1ro/.local/share/uv/python/cpython-3.11.14-linux-x86_64-gnu/share/terminfo/w/wy120-vb
f	664	994:993	12814	/home/woa23c1ro/.local/share/uv/python/cpython-3.11.14-linux-x86_64-gnu/lib/python3.11/encodings/cp1256.py
f	664	994:993	1282	/home/woa23c1ro/.local/share/uv/python/cpython-3.11.14-linux-x86_64-gnu/share/terminfo/b/beterm
f	664	994:993	1282	/home/woa23c1ro/.local/share/uv/python/cpython-3.11.14-linux-x86_64-gnu/share/terminfo/g/guru-76-lp
f	664	994:993	1282	/home/woa23c1ro/.local/share/uv/python/cpython-3.11.14-linux-x86_64-gnu/share/terminfo/v/vt100
f	664	994:993	1282	/home/woa23c1ro/.local/share/uv/python/cpython-3.11.14-linux-x86_64-gnu/share/terminfo/v/vt100nam
f	664	994:993	1283	/home/woa23c1ro/.local/share/uv/python/cpython-3.11.14-linux-x86_64-gnu/share/terminfo/a/aaa-60-rv
f	664	994:993	1283	/home/woa23c1ro/.local/share/uv/python/cpython-3.11.14-linux-x86_64-gnu/share/terminfo/d/d211
f	664	994:993	12832	/home/woa23c1ro/.local/share/uv/python/cpython-3.11.14-linux-x86_64-gnu/lib/python3.11/distutils/filelist.py
f	664	994:993	12834	/home/woa23c1ro/.local/share/uv/python/cpython-3.11.14-linux-x86_64-gnu/lib/python3.11/idlelib/squeezer.py
f	664	994:993	1284	/home/woa23c1ro/.local/share/uv/python/cpython-3.11.14-linux-x86_64-gnu/share/terminfo/d/dg+ccc
f	664	994:993	1284	/home/woa23c1ro/.local/share/uv/python/cpython-3.11.14-linux-x86_64-gnu/share/terminfo/n/nsterm-m-s-acs
f	664	994:993	12844	/home/woa23c1ro/.local/share/uv/python/cpython-3.11.14-linux-x86_64-gnu/lib/python3.11/encodings/iso8859_7.py
f	664	994:993	128442	/home/woa23c1ro/.local/share/uv/python/cpython-3.11.14-linux-x86_64-gnu/lib/tcl8.6/clock.tcl
f	664	994:993	1285	/home/woa23c1ro/.local/share/uv/python/cpython-3.11.14-linux-x86_64-gnu/share/terminfo/b/bsdos-pc
f	664	994:993	12854	/home/woa23c1ro/.local/share/uv/python/cpython-3.11.14-linux-x86_64-gnu/lib/python3.11/encodings/cp875.py
f	664	994:993	1286	/home/woa23c1ro/.local/share/uv/python/cpython-3.11.14-linux-x86_64-gnu/share/terminfo/i/ibm3151
f	664	994:993	1286	/home/woa23c1ro/.local/share/uv/python/cpython-3.11.14-linux-x86_64-gnu/share/terminfo/i/ibm3161-C
f	664	994:993	1286	/home/woa23c1ro/.local/share/uv/python/cpython-3.11.14-linux-x86_64-gnu/share/terminfo/p/pc3
f	664	994:993	1287	/home/woa23c1ro/.local/share/uv/python/cpython-3.11.14-linux-x86_64-gnu/share/terminfo/a/aaa-30-ctxt
f	664	994:993	1287	/home/woa23c1ro/.local/share/uv/python/cpython-3.11.14-linux-x86_64-gnu/share/terminfo/b/bsdos-ppc
f	664	994:993	1288	/home/woa23c1ro/.local/share/uv/python/cpython-3.11.14-linux-x86_64-gnu/lib/python3.11/site-packages/pip/_vendor/rich/constrain.py
f	664	994:993	12889	/home/woa23c1ro/.local/share/uv/python/cpython-3.11.14-linux-x86_64-gnu/lib/python3.11/idlelib/hyperparser.py
f	664	994:993	1289	/home/woa23c1ro/.local/share/uv/python/cpython-3.11.14-linux-x86_64-gnu/lib/python3.11/lib2to3/fixes/fix_zip.py
f	664	994:993	1289	/home/woa23c1ro/.local/share/uv/python/cpython-3.11.14-linux-x86_64-gnu/share/terminfo/a/aaa
f	664	994:993	1289	/home/woa23c1ro/.local/share/uv/python/cpython-3.11.14-linux-x86_64-gnu/share/terminfo/h/hp2624-10p
f	664	994:993	129	/home/woa23c1ro/.local/share/uv/python/cpython-3.11.14-linux-x86_64-gnu/lib/python3.11/contextvars.py
f	664	994:993	1291	/home/woa23c1ro/.local/share/uv/python/cpython-3.11.14-linux-x86_64-gnu/share/terminfo/v/vt100-putty
f	664	994:993	12917	/home/woa23c1ro/.local/share/uv/python/cpython-3.11.14-linux-x86_64-gnu/lib/python3.11/stringprep.py
f	664	994:993	1293	/home/woa23c1ro/.local/share/uv/python/cpython-3.11.14-linux-x86_64-gnu/share/terminfo/n/nsterm-7
f	664	994:993	1293	/home/woa23c1ro/.local/share/uv/python/cpython-3.11.14-linux-x86_64-gnu/share/terminfo/v/vip-Hw
f	664	994:993	1294	/home/woa23c1ro/.local/share/uv/python/cpython-3.11.14-linux-x86_64-gnu/share/terminfo/t/tvi920b-vb-mc
f	664	994:993	1295	/home/woa23c1ro/.local/share/uv/python/cpython-3.11.14-linux-x86_64-gnu/share/terminfo/l/lft
f	664	994:993	1295	/home/woa23c1ro/.local/share/uv/python/cpython-3.11.14-linux-x86_64-gnu/share/terminfo/p/pcvt25w
f	664	994:993	1295	/home/woa23c1ro/.local/share/uv/python/cpython-3.11.14-linux-x86_64-gnu/share/terminfo/p/pcvt28w
f	664	994:993	1295	/home/woa23c1ro/.local/share/uv/python/cpython-3.11.14-linux-x86_64-gnu/share/terminfo/p/pcvt35w
f	664	994:993	1295	/home/woa23c1ro/.local/share/uv/python/cpython-3.11.14-linux-x86_64-gnu/share/terminfo/p/pcvt40w
f	664	994:993	1295	/home/woa23c1ro/.local/share/uv/python/cpython-3.11.14-linux-x86_64-gnu/share/terminfo/p/pcvt43w
f	664	994:993	1295	/home/woa23c1ro/.local/share/uv/python/cpython-3.11.14-linux-x86_64-gnu/share/terminfo/p/pcvt50w
f	664	994:993	1295	/home/woa23c1ro/.local/share/uv/python/cpython-3.11.14-linux-x86_64-gnu/share/terminfo/v/vip-w
f	664	994:993	1295	/home/woa23c1ro/.local/share/uv/python/cpython-3.11.14-linux-x86_64-gnu/share/terminfo/v/vt100-w
f	664	994:993	1296	/home/woa23c1ro/.local/share/uv/python/cpython-3.11.14-linux-x86_64-gnu/lib/python3.11/tkinter/commondialog.py
f	664	994:993	1296	/home/woa23c1ro/.local/share/uv/python/cpython-3.11.14-linux-x86_64-gnu/share/terminfo/a/aaa-60-s
f	664	994:993	12974	/home/woa23c1ro/.local/share/uv/python/cpython-3.11.14-linux-x86_64-gnu/lib/python3.11/site-packages/pip/_internal/utils/unpacking.py
f	664	994:993	1298	/home/woa23c1ro/.local/share/uv/python/cpython-3.11.14-linux-x86_64-gnu/lib/python3.11/distutils/command/install_headers.py
f	664	994:993	1298	/home/woa23c1ro/.local/share/uv/python/cpython-3.11.14-linux-x86_64-gnu/share/terminfo/c/cons50r-m
f	664	994:993	1298	/home/woa23c1ro/.local/share/uv/python/cpython-3.11.14-linux-x86_64-gnu/share/terminfo/c/cons60r-m
f	664	994:993	1298	/home/woa23c1ro/.local/share/uv/python/cpython-3.11.14-linux-x86_64-gnu/share/terminfo/h/hp2624b-p
f	664	994:993	1298	/home/woa23c1ro/.local/share/uv/python/cpython-3.11.14-linux-x86_64-gnu/share/terminfo/h/hp2626-ns
f	664	994:993	1298	/home/woa23c1ro/.local/share/uv/python/cpython-3.11.14-linux-x86_64-gnu/share/terminfo/p/pccon-m
f	664	994:993	1298	/home/woa23c1ro/.local/share/uv/python/cpython-3.11.14-linux-x86_64-gnu/share/terminfo/v/vt102-w
f	664	994:993	12980	/home/woa23c1ro/.local/share/uv/python/cpython-3.11.14-linux-x86_64-gnu/include/python3.11/internal/pycore_global_strings.h
f	664	994:993	1299	/home/woa23c1ro/.local/share/uv/python/cpython-3.11.14-linux-x86_64-gnu/include/python3.11/cpython/odictobject.h
f	664	994:993	1299	/home/woa23c1ro/.local/share/uv/python/cpython-3.11.14-linux-x86_64-gnu/lib/python3.11/encodings/undefined.py
f	664	994:993	1299	/home/woa23c1ro/.local/share/uv/python/cpython-3.11.14-linux-x86_64-gnu/share/terminfo/v/vip-H
f	664	994:993	1299	/home/woa23c1ro/.local/share/uv/python/cpython-3.11.14-linux-x86_64-gnu/share/terminfo/w/wy120-w-vb
f	664	994:993	130	/home/woa23c1ro/.local/share/uv/python/cpython-3.11.14-linux-x86_64-gnu/share/terminfo/x/xterm+noalt
f	664	994:993	1300	/home/woa23c1ro/.local/share/uv/python/cpython-3.11.14-linux-x86_64-gnu/lib/tcl8.6/msgs/cs.msg
f	664	994:993	1300	/home/woa23c1ro/.local/share/uv/python/cpython-3.11.14-linux-x86_64-gnu/share/terminfo/b/bsdos-pc-nobold
f	664	994:993	1300	/home/woa23c1ro/.local/share/uv/python/cpython-3.11.14-linux-x86_64-gnu/share/terminfo/v/vt132
f	664	994:993	1301	/home/woa23c1ro/.local/share/uv/python/cpython-3.11.14-linux-x86_64-gnu/include/python3.11/patchlevel.h
f	664	994:993	1301	/home/woa23c1ro/.local/share/uv/python/cpython-3.11.14-linux-x86_64-gnu/share/terminfo/s/simpleterm
f	664	994:993	1301	/home/woa23c1ro/.local/share/uv/python/cpython-3.11.14-linux-x86_64-gnu/share/terminfo/x/xterm-r5
f	664	994:993	13015	/home/woa23c1ro/.local/share/uv/python/cpython-3.11.14-linux-x86_64-gnu/lib/python3.11/encodings/iso8859_5.py
f	664	994:993	1302	/home/woa23c1ro/.local/share/uv/python/cpython-3.11.14-linux-x86_64-gnu/share/terminfo/h/hp2624b-10p-p
f	664	994:993	1302	/home/woa23c1ro/.local/share/uv/python/cpython-3.11.14-linux-x86_64-gnu/share/terminfo/v/vt100-vb
f	664	994:993	1303	/home/woa23c1ro/.local/share/uv/python/cpython-3.11.14-linux-x86_64-gnu/lib/python3.11/site-packages/setuptools/_vendor/typeguard/_memo.py
f	664	994:993	1303	/home/woa23c1ro/.local/share/uv/python/cpython-3.11.14-linux-x86_64-gnu/share/terminfo/a/aaa-18-rv
f	664	994:993	1303	/home/woa23c1ro/.local/share/uv/python/cpython-3.11.14-linux-x86_64-gnu/share/terminfo/a/aaa-24-rv
f	664	994:993	1303	/home/woa23c1ro/.local/share/uv/python/cpython-3.11.14-linux-x86_64-gnu/share/terminfo/e/emu-220
f	664	994:993	1304	/home/woa23c1ro/.local/share/uv/python/cpython-3.11.14-linux-x86_64-gnu/lib/python3.11/encodings/unicode_escape.py
f	664	994:993	1304	/home/woa23c1ro/.local/share/uv/python/cpython-3.11.14-linux-x86_64-gnu/share/terminfo/v/vwmterm
f	664	994:993	130423	/home/woa23c1ro/.local/share/uv/python/cpython-3.11.14-linux-x86_64-gnu/lib/tcl8.6/encoding/cp949.enc
f	664	994:993	1305	/home/woa23c1ro/.local/share/uv/python/cpython-3.11.14-linux-x86_64-gnu/include/python3.11/cpython/bytearrayobject.h
f	664	994:993	1305	/home/woa23c1ro/.local/share/uv/python/cpython-3.11.14-linux-x86_64-gnu/lib/python3.11/lib2to3/pygram.py
f	664	994:993	1307	/home/woa23c1ro/.local/share/uv/python/cpython-3.11.14-linux-x86_64-gnu/include/python3.11/internal/pycore_floatobject.h
f	664	994:993	1308	/home/woa23c1ro/.local/share/uv/python/cpython-3.11.14-linux-x86_64-gnu/lib/python3.11/site-packages/setuptools/_vendor/autocommand-2.2.2.dist-info/RECORD
f	664	994:993	1308	/home/woa23c1ro/.local/share/uv/python/cpython-3.11.14-linux-x86_64-gnu/share/terminfo/a/apollo_15P
f	664	994:993	1308	/home/woa23c1ro/.local/share/uv/python/cpython-3.11.14-linux-x86_64-gnu/share/terminfo/a/apollo_19L
f	664	994:993	1308	/home/woa23c1ro/.local/share/uv/python/cpython-3.11.14-linux-x86_64-gnu/share/terminfo/a/apollo_color
f	664	994:993	13089	/home/woa23c1ro/.local/share/uv/python/cpython-3.11.14-linux-x86_64-gnu/lib/python3.11/encodings/iso8859_3.py
f	664	994:993	13094	/home/woa23c1ro/.local/share/uv/python/cpython-3.11.14-linux-x86_64-gnu/lib/python3.11/encodings/cp1253.py
f	664	994:993	131	/home/woa23c1ro/.local/share/uv/python/cpython-3.11.14-linux-x86_64-gnu/lib/python3.11/site-packages/pip/_internal/cli/__init__.py
f	664	994:993	13105	/home/woa23c1ro/.local/share/uv/python/cpython-3.11.14-linux-x86_64-gnu/lib/python3.11/encodings/cp1140.py
f	664	994:993	13113	/home/woa23c1ro/.local/share/uv/python/cpython-3.11.14-linux-x86_64-gnu/lib/python3.11/encodings/cp1026.py
f	664	994:993	13117	/home/woa23c1ro/.local/share/uv/python/cpython-3.11.14-linux-x86_64-gnu/lib/python3.11/distutils/command/config.py
f	664	994:993	13121	/home/woa23c1ro/.local/share/uv/python/cpython-3.11.14-linux-x86_64-gnu/lib/python3.11/encodings/cp037.py
f	664	994:993	13121	/home/woa23c1ro/.local/share/uv/python/cpython-3.11.14-linux-x86_64-gnu/lib/python3.11/encodings/cp500.py
f	664	994:993	1313	/home/woa23c1ro/.local/share/uv/python/cpython-3.11.14-linux-x86_64-gnu/share/terminfo/v/vt100-w-nam
f	664	994:993	1314	/home/woa23c1ro/.local/share/uv/python/cpython-3.11.14-linux-x86_64-gnu/lib/python3.11/site-packages/setuptools/_vendor/importlib_metadata/_compat.py
f	664	994:993	1315	/home/woa23c1ro/.local/share/uv/python/cpython-3.11.14-linux-x86_64-gnu/lib/python3.11/email/mime/message.py
f	664	994:993	1315	/home/woa23c1ro/.local/share/uv/python/cpython-3.11.14-linux-x86_64-gnu/share/terminfo/a/aaa-36-rv
f	664	994:993	1315	/home/woa23c1ro/.local/share/uv/python/cpython-3.11.14-linux-x86_64-gnu/share/terminfo/a/aaa-40-rv
f	664	994:993	1315	/home/woa23c1ro/.local/share/uv/python/cpython-3.11.14-linux-x86_64-gnu/share/terminfo/a/aaa-48-rv
f	664	994:993	1315	/home/woa23c1ro/.local/share/uv/python/cpython-3.11.14-linux-x86_64-gnu/share/terminfo/w/wy50-mc
f	664	994:993	13156	/home/woa23c1ro/.local/share/uv/python/cpython-3.11.14-linux-x86_64-gnu/lib/python3.11/encodings/iso8859_9.py
f	664	994:993	13159	/home/woa23c1ro/.local/share/uv/python/cpython-3.11.14-linux-x86_64-gnu/lib/python3.11/runpy.py
f	664	994:993	13176	/home/woa23c1ro/.local/share/uv/python/cpython-3.11.14-linux-x86_64-gnu/lib/python3.11/encodings/iso8859_1.py
f	664	994:993	1318	/home/woa23c1ro/.local/share/uv/python/cpython-3.11.14-linux-x86_64-gnu/share/terminfo/a/apollo+vt132
f	664	994:993	13193	/home/woa23c1ro/.local/share/uv/python/cpython-3.11.14-linux-x86_64-gnu/lib/python3.11/encodings/koi8_t.py
f	664	994:993	132	/home/woa23c1ro/.local/share/uv/python/cpython-3.11.14-linux-x86_64-gnu/share/terminfo/x/xterm+focus
f	664	994:993	1320	/home/woa23c1ro/.local/share/uv/python/cpython-3.11.14-linux-x86_64-gnu/lib/python3.11/site-packages/pip/_vendor/truststore/__init__.py
f	664	994:993	1321	/home/woa23c1ro/.local/share/uv/python/cpython-3.11.14-linux-x86_64-gnu/lib/python3.11/email/mime/application.py
f	664	994:993	1321	/home/woa23c1ro/.local/share/uv/python/cpython-3.11.14-linux-x86_64-gnu/share/terminfo/d/d414-unix
f	664	994:993	13212	/home/woa23c1ro/.local/share/uv/python/cpython-3.11.14-linux-x86_64-gnu/lib/python3.11/encodings/iso8859_15.py
f	664	994:993	1323	/home/woa23c1ro/.local/share/uv/python/cpython-3.11.14-linux-x86_64-gnu/share/terminfo/e/emu
f	664	994:993	13239	/home/woa23c1ro/.local/share/uv/python/cpython-3.11.14-linux-x86_64-gnu/lib/python3.11/site-packages/pip/_vendor/idna/core.py
f	664	994:993	1324	/home/woa23c1ro/.local/share/uv/python/cpython-3.11.14-linux-x86_64-gnu/share/terminfo/t/teken-sc
f	664	994:993	1325	/home/woa23c1ro/.local/share/uv/python/cpython-3.11.14-linux-x86_64-gnu/lib/python3.11/pydoc_data/_pydoc.css
f	664	994:993	1325	/home/woa23c1ro/.local/share/uv/python/cpython-3.11.14-linux-x86_64-gnu/share/terminfo/a/aaa-30-rv
f	664	994:993	1325	/home/woa23c1ro/.local/share/uv/python/cpython-3.11.14-linux-x86_64-gnu/share/terminfo/i/ibmpc3
f	664	994:993	132509	/home/woa23c1ro/.local/share/uv/python/cpython-3.11.14-linux-x86_64-gnu/lib/tcl8.6/encoding/cp936.enc
f	664	994:993	1326	/home/woa23c1ro/.local/share/uv/python/cpython-3.11.14-linux-x86_64-gnu/lib/python3.11/asyncio/constants.py
f	664	994:993	1327	/home/woa23c1ro/.local/share/uv/python/cpython-3.11.14-linux-x86_64-gnu/lib/tcl8.6/msgs/hu.msg
f	664	994:993	13271	/home/woa23c1ro/.local/share/uv/python/cpython-3.11.14-linux-x86_64-gnu/lib/python3.11/encodings/iso8859_13.py
f	664	994:993	13277	/home/woa23c1ro/.local/share/uv/python/cpython-3.11.14-linux-x86_64-gnu/lib/python3.11/lzma.py
f	664	994:993	1331	/home/woa23c1ro/.local/share/uv/python/cpython-3.11.14-linux-x86_64-gnu/lib/python3.11/site-packages/pip-25.3.dist-info/licenses/src/pip/_vendor/pygments/LICENSE
f	664	994:993	1331	/home/woa23c1ro/.local/share/uv/python/cpython-3.11.14-linux-x86_64-gnu/lib/python3.11/site-packages/pip/_vendor/pygments/LICENSE
f	664	994:993	1332	/home/woa23c1ro/.local/share/uv/python/cpython-3.11.14-linux-x86_64-gnu/lib/python3.11/encodings/raw_unicode_escape.py
f	664	994:993	1332	/home/woa23c1ro/.local/share/uv/python/cpython-3.11.14-linux-x86_64-gnu/share/terminfo/o/opus3n1+
f	664	994:993	1333	/home/woa23c1ro/.local/share/uv/python/cpython-3.11.14-linux-x86_64-gnu/share/terminfo/d/d210
f	664	994:993	1335	/home/woa23c1ro/.local/share/uv/python/cpython-3.11.14-linux-x86_64-gnu/lib/python3.11/site-packages/setuptools/_vendor/jaraco/text/Lorem ipsum.txt
f	664	994:993	1335	/home/woa23c1ro/.local/share/uv/python/cpython-3.11.14-linux-x86_64-gnu/share/terminfo/d/d413-unix
f	664	994:993	13361	/home/woa23c1ro/.local/share/uv/python/cpython-3.11.14-linux-x86_64-gnu/lib/python3.11/encodings/cp1251.py
f	664	994:993	13364	/home/woa23c1ro/.local/share/uv/python/cpython-3.11.14-linux-x86_64-gnu/lib/python3.11/encodings/cp1258.py
f	664	994:993	1337	/home/woa23c1ro/.local/share/uv/python/cpython-3.11.14-linux-x86_64-gnu/share/terminfo/a/aaa-30-rv-ctxt
f	664	994:993	1337	/home/woa23c1ro/.local/share/uv/python/cpython-3.11.14-linux-x86_64-gnu/share/terminfo/g/guru-44-s
f	664	994:993	13374	/home/woa23c1ro/.local/share/uv/python/cpython-3.11.14-linux-x86_64-gnu/lib/python3.11/encodings/cp1257.py
f	664	994:993	13376	/home/woa23c1ro/.local/share/uv/python/cpython-3.11.14-linux-x86_64-gnu/lib/python3.11/encodings/iso8859_4.py
f	664	994:993	1338	/home/woa23c1ro/.local/share/uv/python/cpython-3.11.14-linux-x86_64-gnu/share/terminfo/g/guru-76-s
f	664	994:993	1339	/home/woa23c1ro/.local/share/uv/python/cpython-3.11.14-linux-x86_64-gnu/lib/python3.11/turtledemo/colormixer.py
f	664	994:993	1339	/home/woa23c1ro/.local/share/uv/python/cpython-3.11.14-linux-x86_64-gnu/share/terminfo/m/mach-gnu-color
f	664	994:993	134	/home/woa23c1ro/.local/share/uv/python/cpython-3.11.14-linux-x86_64-gnu/share/terminfo/a/att610+cvis
f	664	994:993	13404	/home/woa23c1ro/.local/share/uv/python/cpython-3.11.14-linux-x86_64-gnu/lib/python3.11/encodings/iso8859_2.py
f	664	994:993	1341	/home/woa23c1ro/.local/share/uv/python/cpython-3.11.14-linux-x86_64-gnu/share/terminfo/d/d414-unix-25
f	664	994:993	1341	/home/woa23c1ro/.local/share/uv/python/cpython-3.11.14-linux-x86_64-gnu/share/terminfo/d/d414-unix-w
f	664	994:993	13412	/home/woa23c1ro/.local/share/uv/python/cpython-3.11.14-linux-x86_64-gnu/lib/python3.11/site-packages/setuptools/_vendor/zipp/__init__.py
f	664	994:993	1343	/home/woa23c1ro/.local/share/uv/python/cpython-3.11.14-linux-x86_64-gnu/lib/python3.11/site-packages/setuptools/command/test.py
f	664	994:993	1343	/home/woa23c1ro/.local/share/uv/python/cpython-3.11.14-linux-x86_64-gnu/share/terminfo/g/guru-s
f	664	994:993	13437	/home/woa23c1ro/.local/share/uv/python/cpython-3.11.14-linux-x86_64-gnu/lib/python3.11/site-packages/pip/_internal/resolution/resolvelib/resolver.py
f	664	994:993	1344	/home/woa23c1ro/.local/share/uv/python/cpython-3.11.14-linux-x86_64-gnu/lib/python3.11/site-packages/pip-25.3.dist-info/licenses/src/pip/_vendor/packaging/LICENSE.BSD
f	664	994:993	1344	/home/woa23c1ro/.local/share/uv/python/cpython-3.11.14-linux-x86_64-gnu/lib/python3.11/site-packages/pip/_vendor/packaging/LICENSE.BSD
f	664	994:993	1344	/home/woa23c1ro/.local/share/uv/python/cpython-3.11.14-linux-x86_64-gnu/lib/python3.11/site-packages/setuptools/_vendor/packaging-24.2.dist-info/LICENSE.BSD
f	664	994:993	1344	/home/woa23c1ro/.local/share/uv/python/cpython-3.11.14-linux-x86_64-gnu/lib/python3.11/site-packages/setuptools/_vendor/wheel/vendored/packaging/LICENSE.BSD
f	664	994:993	1344	/home/woa23c1ro/.local/share/uv/python/cpython-3.11.14-linux-x86_64-gnu/share/terminfo/a/aaa-60-s-rv
f	664	994:993	1344	/home/woa23c1ro/.local/share/uv/python/cpython-3.11.14-linux-x86_64-gnu/share/terminfo/v/vt100-s-bot
f	664	994:993	134451	/home/woa23c1ro/.local/share/uv/python/cpython-3.11.14-linux-x86_64-gnu/lib/python3.11/site-packages/setuptools/_vendor/typing_extensions.py
f	664	994:993	1345	/home/woa23c1ro/.local/share/uv/python/cpython-3.11.14-linux-x86_64-gnu/share/terminfo/g/guru-76-w-s
f	664	994:993	1345	/home/woa23c1ro/.local/share/uv/python/cpython-3.11.14-linux-x86_64-gnu/share/terminfo/i/ibm3164
f	664	994:993	13454	/home/woa23c1ro/.local/share/uv/python/cpython-3.11.14-linux-x86_64-gnu/lib/python3.11/encodings/mac_cyrillic.py
f	664	994:993	1347	/home/woa23c1ro/.local/share/uv/python/cpython-3.11.14-linux-x86_64-gnu/share/terminfo/d/d412-unix
f	664	994:993	1347	/home/woa23c1ro/.local/share/uv/python/cpython-3.11.14-linux-x86_64-gnu/share/terminfo/t/tw52
f	664	994:993	13475	/home/woa23c1ro/.local/share/uv/python/cpython-3.11.14-linux-x86_64-gnu/lib/python3.11/encodings/hp_roman8.py
f	664	994:993	13480	/home/woa23c1ro/.local/share/uv/python/cpython-3.11.14-linux-x86_64-gnu/lib/python3.11/encodings/mac_roman.py
f	664	994:993	13498	/home/woa23c1ro/.local/share/uv/python/cpython-3.11.14-linux-x86_64-gnu/lib/python3.11/encodings/mac_iceland.py
f	664	994:993	135	/home/woa23c1ro/.local/share/uv/python/cpython-3.11.14-linux-x86_64-gnu/lib/python3.11/site-packages/pip/_internal/metadata/importlib/__init__.py
f	664	994:993	135	/home/woa23c1ro/.local/share/uv/python/cpython-3.11.14-linux-x86_64-gnu/lib/python3.11/site-packages/setuptools/tests/compat/py39.py
f	664	994:993	1350	/home/woa23c1ro/.local/share/uv/python/cpython-3.11.14-linux-x86_64-gnu/share/terminfo/w/wy160
f	664	994:993	13501	/home/woa23c1ro/.local/share/uv/python/cpython-3.11.14-linux-x86_64-gnu/lib/python3.11/shlex.py
f	664	994:993	13502	/home/woa23c1ro/.local/share/uv/python/cpython-3.11.14-linux-x86_64-gnu/lib/python3.11/encodings/cp1254.py
f	664	994:993	13511	/home/woa23c1ro/.local/share/uv/python/cpython-3.11.14-linux-x86_64-gnu/lib/python3.11/encodings/cp1252.py
f	664	994:993	13512	/home/woa23c1ro/.local/share/uv/python/cpython-3.11.14-linux-x86_64-gnu/lib/python3.11/unittest/suite.py
f	664	994:993	13513	/home/woa23c1ro/.local/share/uv/python/cpython-3.11.14-linux-x86_64-gnu/lib/python3.11/encodings/mac_turkish.py
f	664	994:993	13514	/home/woa23c1ro/.local/share/uv/python/cpython-3.11.14-linux-x86_64-gnu/lib/python3.11/site-packages/pip/_internal/commands/list.py
f	664	994:993	13519	/home/woa23c1ro/.local/share/uv/python/cpython-3.11.14-linux-x86_64-gnu/lib/python3.11/encodings/palmos.py
f	664	994:993	1352	/home/woa23c1ro/.local/share/uv/python/cpython-3.11.14-linux-x86_64-gnu/include/python3.11/internal/pycore_list.h
f	664	994:993	1352	/home/woa23c1ro/.local/share/uv/python/cpython-3.11.14-linux-x86_64-gnu/share/terminfo/c/cit101e-rv
f	664	994:993	1353	/home/woa23c1ro/.local/share/uv/python/cpython-3.11.14-linux-x86_64-gnu/share/terminfo/a/att605
f	664	994:993	1353	/home/woa23c1ro/.local/share/uv/python/cpython-3.11.14-linux-x86_64-gnu/share/terminfo/w/wy160-43
f	664	994:993	1354	/home/woa23c1ro/.local/share/uv/python/cpython-3.11.14-linux-x86_64-gnu/lib/python3.11/site-packages/setuptools/_vendor/typeguard/_union_transformer.py
f	664	994:993	1354	/home/woa23c1ro/.local/share/uv/python/cpython-3.11.14-linux-x86_64-gnu/share/terminfo/n/nsterm-s-7
f	664	994:993	1355	/home/woa23c1ro/.local/share/uv/python/cpython-3.11.14-linux-x86_64-gnu/share/terminfo/d/d413-unix-25
f	664	994:993	1355	/home/woa23c1ro/.local/share/uv/python/cpython-3.11.14-linux-x86_64-gnu/share/terminfo/d/d413-unix-w
f	664	994:993	13557	/home/woa23c1ro/.local/share/uv/python/cpython-3.11.14-linux-x86_64-gnu/lib/python3.11/encodings/iso8859_16.py
f	664	994:993	1356	/home/woa23c1ro/.local/share/uv/python/cpython-3.11.14-linux-x86_64-gnu/share/terminfo/w/wy160-25
f	664	994:993	13564	/home/woa23c1ro/.local/share/uv/python/cpython-3.11.14-linux-x86_64-gnu/lib/python3.11/site-packages/setuptools/config/_validate_pyproject/formats.py
f	664	994:993	13568	/home/woa23c1ro/.local/share/uv/python/cpython-3.11.14-linux-x86_64-gnu/lib/python3.11/encodings/cp1006.py
f	664	994:993	1358	/home/woa23c1ro/.local/share/uv/python/cpython-3.11.14-linux-x86_64-gnu/share/terminfo/h/hp2626-s
f	664	994:993	1358	/home/woa23c1ro/.local/share/uv/python/cpython-3.11.14-linux-x86_64-gnu/share/terminfo/w/wy160-43-w
f	664	994:993	13589	/home/woa23c1ro/.local/share/uv/python/cpython-3.11.14-linux-x86_64-gnu/lib/python3.11/encodings/iso8859_10.py
f	664	994:993	1360	/home/woa23c1ro/.local/share/uv/python/cpython-3.11.14-linux-x86_64-gnu/lib/python3.11/site-packages/setuptools/_vendor/backports.tarfile-1.2.0.dist-info/RECORD
f	664	994:993	1360	/home/woa23c1ro/.local/share/uv/python/cpython-3.11.14-linux-x86_64-gnu/share/terminfo/v/vt100-s
f	664	994:993	1361	/home/woa23c1ro/.local/share/uv/python/cpython-3.11.14-linux-x86_64-gnu/lib/python3.11/turtledemo/rosette.py
f	664	994:993	1361	/home/woa23c1ro/.local/share/uv/python/cpython-3.11.14-linux-x86_64-gnu/share/terminfo/w/wy160-25-w
f	664	994:993	1362	/home/woa23c1ro/.local/share/uv/python/cpython-3.11.14-linux-x86_64-gnu/share/terminfo/a/aaa-30-s
f	664	994:993	13633	/home/woa23c1ro/.local/share/uv/python/cpython-3.11.14-linux-x86_64-gnu/lib/python3.11/encodings/mac_croatian.py
f	664	994:993	1364	/home/woa23c1ro/.local/share/uv/python/cpython-3.11.14-linux-x86_64-gnu/lib/python3.11/site-packages/pip/_internal/distributions/wheel.py
f	664	994:993	1365	/home/woa23c1ro/.local/share/uv/python/cpython-3.11.14-linux-x86_64-gnu/lib/python3.11/site-packages/setuptools/tests/test_setopt.py
f	664	994:993	1365	/home/woa23c1ro/.local/share/uv/python/cpython-3.11.14-linux-x86_64-gnu/share/terminfo/h/hp2
f	664	994:993	1365	/home/woa23c1ro/.local/share/uv/python/cpython-3.11.14-linux-x86_64-gnu/share/terminfo/q/qnx
f	664	994:993	13652	/home/woa23c1ro/.local/share/uv/python/cpython-3.11.14-linux-x86_64-gnu/lib/python3.11/encodings/iso8859_14.py
f	664	994:993	13661	/home/woa23c1ro/.local/share/uv/python/cpython-3.11.14-linux-x86_64-gnu/lib/python3.11/encodings/mac_romanian.py
f	664	994:993	1367	/home/woa23c1ro/.local/share/uv/python/cpython-3.11.14-linux-x86_64-gnu/share/terminfo/d/d412-unix-w
f	664	994:993	1367	/home/woa23c1ro/.local/share/uv/python/cpython-3.11.14-linux-x86_64-gnu/share/terminfo/w/wy160-w
f	664	994:993	1368	/home/woa23c1ro/.local/share/uv/python/cpython-3.11.14-linux-x86_64-gnu/share/terminfo/w/wy160-vb
f	664	994:993	13686	/home/woa23c1ro/.local/share/uv/python/cpython-3.11.14-linux-x86_64-gnu/lib/python3.11/encodings/cp1250.py
f	664	994:993	13686	/home/woa23c1ro/.local/share/uv/python/cpython-3.11.14-linux-x86_64-gnu/lib/python3.11/encodings/cp720.py
f	664	994:993	1369	/home/woa23c1ro/.local/share/uv/python/cpython-3.11.14-linux-x86_64-gnu/share/terminfo/q/qnxt
f	664	994:993	1370	/home/woa23c1ro/.local/share/uv/python/cpython-3.11.14-linux-x86_64-gnu/share/terminfo/a/ansi-m
f	664	994:993	1371	/home/woa23c1ro/.local/share/uv/python/cpython-3.11.14-linux-x86_64-gnu/share/terminfo/d/d412-unix-25
f	664	994:993	1372	/home/woa23c1ro/.local/share/uv/python/cpython-3.11.14-linux-x86_64-gnu/share/terminfo/a/aaa-s-ctxt
f	664	994:993	1372	/home/woa23c1ro/.local/share/uv/python/cpython-3.11.14-linux-x86_64-gnu/share/terminfo/d/d211-7b
f	664	994:993	13721	/home/woa23c1ro/.local/share/uv/python/cpython-3.11.14-linux-x86_64-gnu/lib/python3.11/encodings/mac_greek.py
f	664	994:993	13723	/home/woa23c1ro/.local/share/uv/python/cpython-3.11.14-linux-x86_64-gnu/lib/python3.11/encodings/kz1048.py
f	664	994:993	1373	/home/woa23c1ro/.local/share/uv/python/cpython-3.11.14-linux-x86_64-gnu/share/terminfo/w/wy160-42
f	664	994:993	1376	/home/woa23c1ro/.local/share/uv/python/cpython-3.11.14-linux-x86_64-gnu/share/terminfo/h/hp2626-12-s
f	664	994:993	13762	/home/woa23c1ro/.local/share/uv/python/cpython-3.11.14-linux-x86_64-gnu/lib/python3.11/encodings/koi8_u.py
f	664	994:993	13779	/home/woa23c1ro/.local/share/uv/python/cpython-3.11.14-linux-x86_64-gnu/lib/python3.11/encodings/koi8_r.py
f	664	994:993	1378	/home/woa23c1ro/.local/share/uv/python/cpython-3.11.14-linux-x86_64-gnu/share/terminfo/d/djgpp
f	664	994:993	1378	/home/woa23c1ro/.local/share/uv/python/cpython-3.11.14-linux-x86_64-gnu/share/terminfo/w/wy160-42-w
f	664	994:993	1379	/home/woa23c1ro/.local/share/uv/python/cpython-3.11.14-linux-x86_64-gnu/lib/tk8.6/demos/label.tcl
f	664	994:993	1379	/home/woa23c1ro/.local/share/uv/python/cpython-3.11.14-linux-x86_64-gnu/share/terminfo/a/att605-w
f	664	994:993	13799	/home/woa23c1ro/.local/share/uv/python/cpython-3.11.14-linux-x86_64-gnu/lib/python3.11/site-packages/pip/_internal/cli/req_command.py
f	664	994:993	138	/home/woa23c1ro/.local/share/uv/python/cpython-3.11.14-linux-x86_64-gnu/lib/python3.11/site-packages/setuptools/script.tmpl
f	664	994:993	1380	/home/woa23c1ro/.local/share/uv/python/cpython-3.11.14-linux-x86_64-gnu/lib/python3.11/site-packages/setuptools/_reqs.py
f	664	994:993	1380	/home/woa23c1ro/.local/share/uv/python/cpython-3.11.14-linux-x86_64-gnu/share/terminfo/a/att4415-nl
f	664	994:993	1381	/home/woa23c1ro/.local/share/uv/python/cpython-3.11.14-linux-x86_64-gnu/include/python3.11/sysmodule.h
f	664	994:993	1381	/home/woa23c1ro/.local/share/uv/python/cpython-3.11.14-linux-x86_64-gnu/share/terminfo/n/nsterm-acs
f	664	994:993	13824	/home/woa23c1ro/.local/share/uv/python/cpython-3.11.14-linux-x86_64-gnu/lib/python3.11/site-packages/setuptools/cli-arm64.exe
f	664	994:993	13824	/home/woa23c1ro/.local/share/uv/python/cpython-3.11.14-linux-x86_64-gnu/lib/python3.11/site-packages/setuptools/gui-arm64.exe
f	664	994:993	13830	/home/woa23c1ro/.local/share/uv/python/cpython-3.11.14-linux-x86_64-gnu/lib/python3.11/lib2to3/pgen2/pgen.py
f	664	994:993	1384	/home/woa23c1ro/.local/share/uv/python/cpython-3.11.14-linux-x86_64-gnu/share/terminfo/a/att4415
f	664	994:993	1386	/home/woa23c1ro/.local/share/uv/python/cpython-3.11.14-linux-x86_64-gnu/lib/python3.11/site-packages/pip/_vendor/cachecontrol/caches/redis_cache.py
f	664	994:993	1386	/home/woa23c1ro/.local/share/uv/python/cpython-3.11.14-linux-x86_64-gnu/share/terminfo/a/att510d
f	664	994:993	1387	/home/woa23c1ro/.local/share/uv/python/cpython-3.11.14-linux-x86_64-gnu/include/python3.11/cpython/pyctype.h
f	664	994:993	1387	/home/woa23c1ro/.local/share/uv/python/cpython-3.11.14-linux-x86_64-gnu/share/terminfo/h/hpterm
f	664	994:993	1387	/home/woa23c1ro/.local/share/uv/python/cpython-3.11.14-linux-x86_64-gnu/share/terminfo/n/nsterm-old
f	664	994:993	1388	/home/woa23c1ro/.local/share/uv/python/cpython-3.11.14-linux-x86_64-gnu/include/python3.11/structseq.h
f	664	994:993	1388	/home/woa23c1ro/.local/share/uv/python/cpython-3.11.14-linux-x86_64-gnu/lib/python3.11/idlelib/Icons/idle_48.gif
f	664	994:993	1389	/home/woa23c1ro/.local/share/uv/python/cpython-3.11.14-linux-x86_64-gnu/share/terminfo/q/qnxtmono
f	664	994:993	139	/home/woa23c1ro/.local/share/uv/python/cpython-3.11.14-linux-x86_64-gnu/lib/python3.11/distutils/debug.py
f	664	994:993	139	/home/woa23c1ro/.local/share/uv/python/cpython-3.11.14-linux-x86_64-gnu/lib/python3.11/site-packages/setuptools/_distutils/debug.py
f	664	994:993	139	/home/woa23c1ro/.local/share/uv/python/cpython-3.11.14-linux-x86_64-gnu/share/terminfo/a/ansi+sgrso
f	664	994:993	1390	/home/woa23c1ro/.local/share/uv/python/cpython-3.11.14-linux-x86_64-gnu/share/terminfo/a/att4415-w
f	664	994:993	1391	/home/woa23c1ro/.local/share/uv/python/cpython-3.11.14-linux-x86_64-gnu/lib/python3.11/site-packages/pip/_vendor/rich/protocol.py
f	664	994:993	13922	/home/woa23c1ro/.local/share/uv/python/cpython-3.11.14-linux-x86_64-gnu/lib/python3.11/site-packages/pip/_vendor/urllib3/contrib/_securetransport/low_level.py
f	664	994:993	1393	/home/woa23c1ro/.local/share/uv/python/cpython-3.11.14-linux-x86_64-gnu/share/terminfo/w/wy160-w-vb
f	664	994:993	13936	/home/woa23c1ro/.local/share/uv/python/cpython-3.11.14-linux-x86_64-gnu/lib/python3.11/LICENSE.txt
f	664	994:993	13936	/home/woa23c1ro/.local/share/uv/python/cpython-3.11.14-linux-x86_64-gnu/lib/python3.11/site-packages/setuptools/_vendor/typing_extensions-4.12.2.dist-info/LICENSE
f	664	994:993	1394	/home/woa23c1ro/.local/share/uv/python/cpython-3.11.14-linux-x86_64-gnu/lib/python3.11/site-packages/pip/_vendor/rich/_null_file.py
f	664	994:993	1395	/home/woa23c1ro/.local/share/uv/python/cpython-3.11.14-linux-x86_64-gnu/share/terminfo/d/d414-unix-sr
f	664	994:993	13959	/home/woa23c1ro/.local/share/uv/python/cpython-3.11.14-linux-x86_64-gnu/lib/python3.11/ctypes/util.py
f	664	994:993	1396	/home/woa23c1ro/.local/share/uv/python/cpython-3.11.14-linux-x86_64-gnu/lib/python3.11/site-packages/setuptools/_distutils/tests/test_bdist.py
f	664	994:993	1396	/home/woa23c1ro/.local/share/uv/python/cpython-3.11.14-linux-x86_64-gnu/share/terminfo/a/att4415-rv
f	664	994:993	1396	/home/woa23c1ro/.local/share/uv/python/cpython-3.11.14-linux-x86_64-gnu/share/terminfo/a/att4415-w-nl
f	664	994:993	1396	/home/woa23c1ro/.local/share/uv/python/cpython-3.11.14-linux-x86_64-gnu/share/terminfo/d/dg+color
f	664	994:993	13997	/home/woa23c1ro/.local/share/uv/python/cpython-3.11.14-linux-x86_64-gnu/lib/python3.11/xml/etree/ElementPath.py
f	664	994:993	1400	/home/woa23c1ro/.local/share/uv/python/cpython-3.11.14-linux-x86_64-gnu/share/terminfo/v/vt220-base
f	664	994:993	14004	/home/woa23c1ro/.local/share/uv/python/cpython-3.11.14-linux-x86_64-gnu/lib/python3.11/site-packages/pip/_vendor/rich/layout.py
f	664	994:993	1401	/home/woa23c1ro/.local/share/uv/python/cpython-3.11.14-linux-x86_64-gnu/lib/tk8.6/demos/entry1.tcl
f	664	994:993	1401	/home/woa23c1ro/.local/share/uv/python/cpython-3.11.14-linux-x86_64-gnu/share/terminfo/s/sun-color
f	664	994:993	1401	/home/woa23c1ro/.local/share/uv/python/cpython-3.11.14-linux-x86_64-gnu/share/terminfo/x/x68k
f	664	994:993	14015	/home/woa23c1ro/.local/share/uv/python/cpython-3.11.14-linux-x86_64-gnu/lib/python3.11/encodings/ptcp154.py
f	664	994:993	1402	/home/woa23c1ro/.local/share/uv/python/cpython-3.11.14-linux-x86_64-gnu/share/terminfo/a/att4415-w-rv
f	664	994:993	1402	/home/woa23c1ro/.local/share/uv/python/cpython-3.11.14-linux-x86_64-gnu/share/terminfo/v/vt220
f	664	994:993	14020	/home/woa23c1ro/.local/share/uv/python/cpython-3.11.14-linux-x86_64-gnu/lib/python3.11/json/__init__.py
f	664	994:993	140235	/home/woa23c1ro/.local/share/uv/python/cpython-3.11.14-linux-x86_64-gnu/lib/python3.11/site-packages/pip/_vendor/rich/_emoji_codes.py
f	664	994:993	1403	/home/woa23c1ro/.local/share/uv/python/cpython-3.11.14-linux-x86_64-gnu/share/terminfo/d/d413-unix-sr
f	664	994:993	1403	/home/woa23c1ro/.local/share/uv/python/cpython-3.11.14-linux-x86_64-gnu/share/terminfo/d/d414-unix-s
f	664	994:993	1404	/home/woa23c1ro/.local/share/uv/python/cpython-3.11.14-linux-x86_64-gnu/share/terminfo/a/att4415-rv-nl
f	664	994:993	1409	/home/woa23c1ro/.local/share/uv/python/cpython-3.11.14-linux-x86_64-gnu/share/terminfo/d/d413-unix-s
f	664	994:993	141	/home/woa23c1ro/.local/share/uv/python/cpython-3.11.14-linux-x86_64-gnu/share/terminfo/k/kitty+setal
f	664	994:993	1410	/home/woa23c1ro/.local/share/uv/python/cpython-3.11.14-linux-x86_64-gnu/share/terminfo/a/aaa-30-s-rv
f	664	994:993	1410	/home/woa23c1ro/.local/share/uv/python/cpython-3.11.14-linux-x86_64-gnu/share/terminfo/a/att4415-w-rv-n
f	664	994:993	1411	/home/woa23c1ro/.local/share/uv/python/cpython-3.11.14-linux-x86_64-gnu/lib/tk8.6/demos/bitmap.tcl
f	664	994:993	14118	/home/woa23c1ro/.local/share/uv/python/cpython-3.11.14-linux-x86_64-gnu/lib/python3.11/encodings/mac_latin2.py
f	664	994:993	14132	/home/woa23c1ro/.local/share/uv/python/cpython-3.11.14-linux-x86_64-gnu/lib/python3.11/encodings/cp273.py
f	664	994:993	1417	/home/woa23c1ro/.local/share/uv/python/cpython-3.11.14-linux-x86_64-gnu/lib/python3.11/site-packages/pip/_vendor/cachecontrol/wrapper.py
f	664	994:993	1417	/home/woa23c1ro/.local/share/uv/python/cpython-3.11.14-linux-x86_64-gnu/lib/python3.11/site-packages/pip/_vendor/urllib3/packages/backports/makefile.py
f	664	994:993	1417	/home/woa23c1ro/.local/share/uv/python/cpython-3.11.14-linux-x86_64-gnu/share/terminfo/d/d412-unix-sr
f	664	994:993	14185	/home/woa23c1ro/.local/share/uv/python/cpython-3.11.14-linux-x86_64-gnu/lib/python3.11/site-packages/pip/_internal/locations/__init__.py
f	664	994:993	14186	/home/woa23c1ro/.local/share/uv/python/cpython-3.11.14-linux-x86_64-gnu/lib/python3.11/site-packages/setuptools/tests/test_build_py.py
f	664	994:993	1419	/home/woa23c1ro/.local/share/uv/python/cpython-3.11.14-linux-x86_64-gnu/share/terminfo/m/mvterm
f	664	994:993	1420	/home/woa23c1ro/.local/share/uv/python/cpython-3.11.14-linux-x86_64-gnu/lib/tk8.6/demos/ttkscale.tcl
f	664	994:993	1420	/home/woa23c1ro/.local/share/uv/python/cpython-3.11.14-linux-x86_64-gnu/share/terminfo/a/aaa-s-rv-ctxt
f	664	994:993	1420	/home/woa23c1ro/.local/share/uv/python/cpython-3.11.14-linux-x86_64-gnu/share/terminfo/a/att6386
f	664	994:993	1420	/home/woa23c1ro/.local/share/uv/python/cpython-3.11.14-linux-x86_64-gnu/share/terminfo/d/dec-vt220
f	664	994:993	14201	/home/woa23c1ro/.local/share/uv/python/cpython-3.11.14-linux-x86_64-gnu/lib/python3.11/site-packages/pip/_internal/build_env.py
f	664	994:993	1421	/home/woa23c1ro/.local/share/uv/python/cpython-3.11.14-linux-x86_64-gnu/lib/python3.11/site-packages/pip/_internal/operations/build/metadata.py
f	664	994:993	1421	/home/woa23c1ro/.local/share/uv/python/cpython-3.11.14-linux-x86_64-gnu/lib/tcl8.6/msgs/vi.msg
f	664	994:993	1421	/home/woa23c1ro/.local/share/uv/python/cpython-3.11.14-linux-x86_64-gnu/share/terminfo/m/ms-vt100-color
f	664	994:993	14212	/home/woa23c1ro/.local/share/uv/python/cpython-3.11.14-linux-x86_64-gnu/lib/python3.11/asyncio/futures.py
f	664	994:993	1423	/home/woa23c1ro/.local/share/uv/python/cpython-3.11.14-linux-x86_64-gnu/share/terminfo/d/d412-unix-s
f	664	994:993	1424	/home/woa23c1ro/.local/share/uv/python/cpython-3.11.14-linux-x86_64-gnu/include/python3.11/internal/pycore_bytesobject.h
f	664	994:993	1424	/home/woa23c1ro/.local/share/uv/python/cpython-3.11.14-linux-x86_64-gnu/share/terminfo/z/z29a
f	664	994:993	1426	/home/woa23c1ro/.local/share/uv/python/cpython-3.11.14-linux-x86_64-gnu/include/python3.11/cpython/pythread.h
f	664	994:993	1426	/home/woa23c1ro/.local/share/uv/python/cpython-3.11.14-linux-x86_64-gnu/share/terminfo/v/vt220-w
f	664	994:993	14261	/home/woa23c1ro/.local/share/uv/python/cpython-3.11.14-linux-x86_64-gnu/lib/python3.11/multiprocessing/util.py
f	664	994:993	14296	/home/woa23c1ro/.local/share/uv/python/cpython-3.11.14-linux-x86_64-gnu/lib/python3.11/site-packages/pip/_vendor/urllib3/util/url.py
f	664	994:993	143	/home/woa23c1ro/.local/share/uv/python/cpython-3.11.14-linux-x86_64-gnu/lib/python3.11/lib2to3/pgen2/__init__.py
f	664	994:993	143	/home/woa23c1ro/.local/share/uv/python/cpython-3.11.14-linux-x86_64-gnu/share/terminfo/a/ansi+sgrul
f	664	994:993	1430	/home/woa23c1ro/.local/share/uv/python/cpython-3.11.14-linux-x86_64-gnu/share/terminfo/t/tw100
f	664	994:993	1431	/home/woa23c1ro/.local/share/uv/python/cpython-3.11.14-linux-x86_64-gnu/lib/python3.11/site-packages/pip/_vendor/packaging/_structures.py
f	664	994:993	1431	/home/woa23c1ro/.local/share/uv/python/cpython-3.11.14-linux-x86_64-gnu/lib/python3.11/site-packages/setuptools/_vendor/packaging/_structures.py
f	664	994:993	1431	/home/woa23c1ro/.local/share/uv/python/cpython-3.11.14-linux-x86_64-gnu/lib/python3.11/site-packages/setuptools/_vendor/wheel/vendored/packaging/_structures.py
f	664	994:993	1431	/home/woa23c1ro/.local/share/uv/python/cpython-3.11.14-linux-x86_64-gnu/lib/tk8.6/demos/clrpick.tcl
f	664	994:993	1432	/home/woa23c1ro/.local/share/uv/python/cpython-3.11.14-linux-x86_64-gnu/share/terminfo/a/aaa-60-dec-rv
f	664	994:993	1433	/home/woa23c1ro/.local/share/uv/python/cpython-3.11.14-linux-x86_64-gnu/share/terminfo/i/iris-color
f	664	994:993	14336	/home/woa23c1ro/.local/share/uv/python/cpython-3.11.14-linux-x86_64-gnu/lib/python3.11/site-packages/setuptools/cli-64.exe
f	664	994:993	14336	/home/woa23c1ro/.local/share/uv/python/cpython-3.11.14-linux-x86_64-gnu/lib/python3.11/site-packages/setuptools/gui-64.exe
f	664	994:993	1434	/home/woa23c1ro/.local/share/uv/python/cpython-3.11.14-linux-x86_64-gnu/share/terminfo/n/nsterm-s
f	664	994:993	1435	/home/woa23c1ro/.local/share/uv/python/cpython-3.11.14-linux-x86_64-gnu/lib/python3.11/email/mime/text.py
f	664	994:993	1435	/home/woa23c1ro/.local/share/uv/python/cpython-3.11.14-linux-x86_64-gnu/lib/python3.11/site-packages/setuptools/command/bdist_rpm.py
f	664	994:993	14351	/home/woa23c1ro/.local/share/uv/python/cpython-3.11.14-linux-x86_64-gnu/include/python3.11/cpython/pystate.h
f	664	994:993	1436	/home/woa23c1ro/.local/share/uv/python/cpython-3.11.14-linux-x86_64-gnu/include/python3.11/internal/pycore_global_objects.h
f	664	994:993	1439	/home/woa23c1ro/.local/share/uv/python/cpython-3.11.14-linux-x86_64-gnu/share/terminfo/t/tws2103-sna
f	664	994:993	144	/home/woa23c1ro/.local/share/uv/python/cpython-3.11.14-linux-x86_64-gnu/share/terminfo/x/xterm+alt1049
f	664	994:993	1441	/home/woa23c1ro/.local/share/uv/python/cpython-3.11.14-linux-x86_64-gnu/share/terminfo/t/tws2102-sna
f	664	994:993	1442	/home/woa23c1ro/.local/share/uv/python/cpython-3.11.14-linux-x86_64-gnu/share/terminfo/t/ti916-8-132
f	664	994:993	1442	/home/woa23c1ro/.local/share/uv/python/cpython-3.11.14-linux-x86_64-gnu/share/terminfo/u/uniterm
f	664	994:993	1443	/home/woa23c1ro/.local/share/uv/python/cpython-3.11.14-linux-x86_64-gnu/share/terminfo/z/z29a-kc-uc
f	664	994:993	144360	/home/woa23c1ro/.local/share/uv/python/cpython-3.11.14-linux-x86_64-gnu/lib/python3.11/turtle.py
f	664	994:993	1444	/home/woa23c1ro/.local/share/uv/python/cpython-3.11.14-linux-x86_64-gnu/share/terminfo/n/nsterm-s-acs
f	664	994:993	1444	/home/woa23c1ro/.local/share/uv/python/cpython-3.11.14-linux-x86_64-gnu/share/terminfo/p/pccon0
f	664	994:993	1446	/home/woa23c1ro/.local/share/uv/python/cpython-3.11.14-linux-x86_64-gnu/share/terminfo/z/z29a-nkc-bc
f	664	994:993	1447	/home/woa23c1ro/.local/share/uv/python/cpython-3.11.14-linux-x86_64-gnu/share/terminfo/t/teken
f	664	994:993	1449	/home/woa23c1ro/.local/share/uv/python/cpython-3.11.14-linux-x86_64-gnu/share/terminfo/d/dku7102-old
f	664	994:993	145	/home/woa23c1ro/.local/share/uv/python/cpython-3.11.14-linux-x86_64-gnu/lib/python3.11/venv/__main__.py
f	664	994:993	1450	/home/woa23c1ro/.local/share/uv/python/cpython-3.11.14-linux-x86_64-gnu/lib/python3.11/site-packages/pip/__pip-runner__.py
f	664	994:993	1452	/home/woa23c1ro/.local/share/uv/python/cpython-3.11.14-linux-x86_64-gnu/share/terminfo/t/tws2103
f	664	994:993	1452	/home/woa23c1ro/.local/share/uv/python/cpython-3.11.14-linux-x86_64-gnu/share/terminfo/z/z29a-nkc-uc
f	664	994:993	14531	/home/woa23c1ro/.local/share/uv/python/cpython-3.11.14-linux-x86_64-gnu/lib/python3.11/site-packages/pip-25.3.dist-info/licenses/src/pip/_vendor/distlib/LICENSE.txt
f	664	994:993	14531	/home/woa23c1ro/.local/share/uv/python/cpython-3.11.14-linux-x86_64-gnu/lib/python3.11/site-packages/pip/_vendor/distlib/LICENSE.txt
f	664	994:993	1454	/home/woa23c1ro/.local/share/uv/python/cpython-3.11.14-linux-x86_64-gnu/share/terminfo/o/opennt-35-nti
f	664	994:993	1454	/home/woa23c1ro/.local/share/uv/python/cpython-3.11.14-linux-x86_64-gnu/share/terminfo/o/opennt-50-nti
f	664	994:993	1454	/home/woa23c1ro/.local/share/uv/python/cpython-3.11.14-linux-x86_64-gnu/share/terminfo/o/opennt-60-nti
f	664	994:993	1456	/home/woa23c1ro/.local/share/uv/python/cpython-3.11.14-linux-x86_64-gnu/share/terminfo/a/amiga-vnc
f	664	994:993	1456	/home/woa23c1ro/.local/share/uv/python/cpython-3.11.14-linux-x86_64-gnu/share/terminfo/t/ti916-132
f	664	994:993	1456	/home/woa23c1ro/.local/share/uv/python/cpython-3.11.14-linux-x86_64-gnu/share/terminfo/t/ti916-8
f	664	994:993	14568	/home/woa23c1ro/.local/share/uv/python/cpython-3.11.14-linux-x86_64-gnu/lib/python3.11/site-packages/pip/_internal/configuration.py
f	664	994:993	1458	/home/woa23c1ro/.local/share/uv/python/cpython-3.11.14-linux-x86_64-gnu/share/terminfo/n/ncsa-m-ns
f	664	994:993	1458	/home/woa23c1ro/.local/share/uv/python/cpython-3.11.14-linux-x86_64-gnu/share/terminfo/o/opennt-100-nti
f	664	994:993	1459	/home/woa23c1ro/.local/share/uv/python/cpython-3.11.14-linux-x86_64-gnu/share/terminfo/c/cons25w
f	664	994:993	1460	/home/woa23c1ro/.local/share/uv/python/cpython-3.11.14-linux-x86_64-gnu/share/terminfo/m/minix
f	664	994:993	1461	/home/woa23c1ro/.local/share/uv/python/cpython-3.11.14-linux-x86_64-gnu/lib/python3.11/site-packages/pip/_internal/utils/retry.py
f	664	994:993	1462	/home/woa23c1ro/.local/share/uv/python/cpython-3.11.14-linux-x86_64-gnu/include/python3.11/bytearrayobject.h
f	664	994:993	1462	/home/woa23c1ro/.local/share/uv/python/cpython-3.11.14-linux-x86_64-gnu/share/terminfo/o/opennt-35
f	664	994:993	1462	/home/woa23c1ro/.local/share/uv/python/cpython-3.11.14-linux-x86_64-gnu/share/terminfo/o/opennt-50
f	664	994:993	1462	/home/woa23c1ro/.local/share/uv/python/cpython-3.11.14-linux-x86_64-gnu/share/terminfo/o/opennt-60
f	664	994:993	1462	/home/woa23c1ro/.local/share/uv/python/cpython-3.11.14-linux-x86_64-gnu/share/terminfo/v/vt320nam
f	664	994:993	1464	/home/woa23c1ro/.local/share/uv/python/cpython-3.11.14-linux-x86_64-gnu/share/terminfo/n/ncsa-m
f	664	994:993	1464	/home/woa23c1ro/.local/share/uv/python/cpython-3.11.14-linux-x86_64-gnu/share/terminfo/q/qnxw
f	664	994:993	14642	/home/woa23c1ro/.local/share/uv/python/cpython-3.11.14-linux-x86_64-gnu/lib/python3.11/site-packages/setuptools/_distutils/compilers/C/tests/test_unix.py
f	664	994:993	14653	/home/woa23c1ro/.local/share/uv/python/cpython-3.11.14-linux-x86_64-gnu/lib/python3.11/_markupbase.py
f	664	994:993	1466	/home/woa23c1ro/.local/share/uv/python/cpython-3.11.14-linux-x86_64-gnu/share/terminfo/o/opennt-100
f	664	994:993	1466	/home/woa23c1ro/.local/share/uv/python/cpython-3.11.14-linux-x86_64-gnu/share/terminfo/t/tws-generic
f	664	994:993	1467	/home/woa23c1ro/.local/share/uv/python/cpython-3.11.14-linux-x86_64-gnu/share/terminfo/p/pccon
f	664	994:993	1468	/home/woa23c1ro/.local/share/uv/python/cpython-3.11.14-linux-x86_64-gnu/share/terminfo/o/opennt-35-w
f	664	994:993	1468	/home/woa23c1ro/.local/share/uv/python/cpython-3.11.14-linux-x86_64-gnu/share/terminfo/o/opennt-50-w
f	664	994:993	1468	/home/woa23c1ro/.local/share/uv/python/cpython-3.11.14-linux-x86_64-gnu/share/terminfo/o/opennt-60-w
f	664	994:993	1468	/home/woa23c1ro/.local/share/uv/python/cpython-3.11.14-linux-x86_64-gnu/share/terminfo/v/vt220-nam
f	664	994:993	1469	/home/woa23c1ro/.local/share/uv/python/cpython-3.11.14-linux-x86_64-gnu/share/terminfo/w/wy350
f	664	994:993	14695	/home/woa23c1ro/.local/share/uv/python/cpython-3.11.14-linux-x86_64-gnu/lib/tk8.6/listbox.tcl
f	664	994:993	1470	/home/woa23c1ro/.local/share/uv/python/cpython-3.11.14-linux-x86_64-gnu/share/terminfo/d/d578
f	664	994:993	1470	/home/woa23c1ro/.local/share/uv/python/cpython-3.11.14-linux-x86_64-gnu/share/terminfo/i/interix-nti
f	664	994:993	1474	/home/woa23c1ro/.local/share/uv/python/cpython-3.11.14-linux-x86_64-gnu/lib/python3.11/idlelib/statusbar.py
f	664	994:993	1474	/home/woa23c1ro/.local/share/uv/python/cpython-3.11.14-linux-x86_64-gnu/share/terminfo/a/arm100
f	664	994:993	1474	/home/woa23c1ro/.local/share/uv/python/cpython-3.11.14-linux-x86_64-gnu/share/terminfo/q/qnxm
f	664	994:993	1475	/home/woa23c1ro/.local/share/uv/python/cpython-3.11.14-linux-x86_64-gnu/share/terminfo/h/hpterm-color
f	664	994:993	1476	/home/woa23c1ro/.local/share/uv/python/cpython-3.11.14-linux-x86_64-gnu/share/terminfo/c/cons25l1-m
f	664	994:993	1476	/home/woa23c1ro/.local/share/uv/python/cpython-3.11.14-linux-x86_64-gnu/share/terminfo/d/d555
f	664	994:993	1476	/home/woa23c1ro/.local/share/uv/python/cpython-3.11.14-linux-x86_64-gnu/share/terminfo/d/d577
f	664	994:993	1476	/home/woa23c1ro/.local/share/uv/python/cpython-3.11.14-linux-x86_64-gnu/share/terminfo/t/ti916
f	664	994:993	1477	/home/woa23c1ro/.local/share/uv/python/cpython-3.11.14-linux-x86_64-gnu/lib/tk8.6/demos/vscale.tcl
f	664	994:993	1477	/home/woa23c1ro/.local/share/uv/python/cpython-3.11.14-linux-x86_64-gnu/share/terminfo/a/att610-w
f	664	994:993	1477	/home/woa23c1ro/.local/share/uv/python/cpython-3.11.14-linux-x86_64-gnu/share/terminfo/w/wy350-w
f	664	994:993	1477	/home/woa23c1ro/.local/share/uv/python/cpython-3.11.14-linux-x86_64-gnu/share/terminfo/x/xtermm
f	664	994:993	1478	/home/woa23c1ro/.local/share/uv/python/cpython-3.11.14-linux-x86_64-gnu/lib/python3.11/site-packages/pip/_internal/operations/build/wheel_editable.py
f	664	994:993	1478	/home/woa23c1ro/.local/share/uv/python/cpython-3.11.14-linux-x86_64-gnu/share/terminfo/a/arm100-w
f	664	994:993	1478	/home/woa23c1ro/.local/share/uv/python/cpython-3.11.14-linux-x86_64-gnu/share/terminfo/c/cons25-m
f	664	994:993	14783	/home/woa23c1ro/.local/share/uv/python/cpython-3.11.14-linux-x86_64-gnu/lib/python3.11/idlelib/colorizer.py
f	664	994:993	1479	/home/woa23c1ro/.local/share/uv/python/cpython-3.11.14-linux-x86_64-gnu/share/terminfo/a/att610
f	664	994:993	148	/home/woa23c1ro/.local/share/uv/python/cpython-3.11.14-linux-x86_64-gnu/lib/python3.11/tkinter/__main__.py
f	664	994:993	1481	/home/woa23c1ro/.local/share/uv/python/cpython-3.11.14-linux-x86_64-gnu/share/terminfo/a/ansi
f	664	994:993	14818	/home/woa23c1ro/.local/share/uv/python/cpython-3.11.14-linux-x86_64-gnu/lib/python3.11/distutils/unixccompiler.py
f	664	994:993	1482	/home/woa23c1ro/.local/share/uv/python/cpython-3.11.14-linux-x86_64-gnu/share/terminfo/d/d230c-dg
f	664	994:993	148370	/home/woa23c1ro/.local/share/uv/python/cpython-3.11.14-linux-x86_64-gnu/lib/python3.11/site-packages/setuptools/_vendor/more_itertools/more.py
f	664	994:993	1484	/home/woa23c1ro/.local/share/uv/python/cpython-3.11.14-linux-x86_64-gnu/share/terminfo/o/opennt-w
f	664	994:993	1485	/home/woa23c1ro/.local/share/uv/python/cpython-3.11.14-linux-x86_64-gnu/lib/python3.11/site-packages/setuptools/_distutils/tests/__init__.py
f	664	994:993	1486	/home/woa23c1ro/.local/share/uv/python/cpython-3.11.14-linux-x86_64-gnu/share/terminfo/d/d220-dg
f	664	994:993	1486	/home/woa23c1ro/.local/share/uv/python/cpython-3.11.14-linux-x86_64-gnu/share/terminfo/i/interix
f	664	994:993	1487	/home/woa23c1ro/.local/share/uv/python/cpython-3.11.14-linux-x86_64-gnu/share/terminfo/w/wy350-vb
f	664	994:993	14873	/home/woa23c1ro/.local/share/uv/python/cpython-3.11.14-linux-x86_64-gnu/lib/python3.11/cmd.py
f	664	994:993	1488	/home/woa23c1ro/.local/share/uv/python/cpython-3.11.14-linux-x86_64-gnu/share/terminfo/n/ncrvt100an
f	664	994:993	1489	/home/woa23c1ro/.local/share/uv/python/cpython-3.11.14-linux-x86_64-gnu/share/terminfo/x/xterm-mono
f	664	994:993	14894	/home/woa23c1ro/.local/share/uv/python/cpython-3.11.14-linux-x86_64-gnu/lib/python3.11/distutils/bcppcompiler.py
f	664	994:993	149	/home/woa23c1ro/.local/share/uv/python/cpython-3.11.14-linux-x86_64-gnu/lib/python3.11/site-packages/setuptools/_vendor/more_itertools/__init__.py
f	664	994:993	1491	/home/woa23c1ro/.local/share/uv/python/cpython-3.11.14-linux-x86_64-gnu/share/terminfo/w/wy350-wvb
f	664	994:993	1491	/home/woa23c1ro/.local/share/uv/python/cpython-3.11.14-linux-x86_64-gnu/share/terminfo/x/xterm-r6
f	664	994:993	1492	/home/woa23c1ro/.local/share/uv/python/cpython-3.11.14-linux-x86_64-gnu/share/terminfo/i/ibm6153
f	664	994:993	1493	/home/woa23c1ro/.local/share/uv/python/cpython-3.11.14-linux-x86_64-gnu/lib/python3.11/site-packages/setuptools/_vendor/platformdirs/__main__.py
f	664	994:993	1493	/home/woa23c1ro/.local/share/uv/python/cpython-3.11.14-linux-x86_64-gnu/lib/python3.11/tkinter/constants.py
f	664	994:993	1493	/home/woa23c1ro/.local/share/uv/python/cpython-3.11.14-linux-x86_64-gnu/share/terminfo/x/xterm-old
f	664	994:993	14936	/home/woa23c1ro/.local/share/uv/python/cpython-3.11.14-linux-x86_64-gnu/lib/python3.11/site-packages/pip/_vendor/pyproject_hooks/_impl.py
f	664	994:993	14947	/home/woa23c1ro/.local/share/uv/python/cpython-3.11.14-linux-x86_64-gnu/lib/python3.11/tkinter/filedialog.py
f	664	994:993	1495	/home/woa23c1ro/.local/share/uv/python/cpython-3.11.14-linux-x86_64-gnu/lib/python3.11/site-packages/pip/_vendor/requests/_internal_utils.py
f	664	994:993	1495	/home/woa23c1ro/.local/share/uv/python/cpython-3.11.14-linux-x86_64-gnu/share/terminfo/j/jaixterm-m
f	664	994:993	1496	/home/woa23c1ro/.local/share/uv/python/cpython-3.11.14-linux-x86_64-gnu/share/terminfo/c/cons30
f	664	994:993	1496	/home/woa23c1ro/.local/share/uv/python/cpython-3.11.14-linux-x86_64-gnu/share/terminfo/c/cons43
f	664	994:993	1496	/home/woa23c1ro/.local/share/uv/python/cpython-3.11.14-linux-x86_64-gnu/share/terminfo/c/cons60
f	664	994:993	1497	/home/woa23c1ro/.local/share/uv/python/cpython-3.11.14-linux-x86_64-gnu/lib/tk8.6/demos/hscale.tcl
f	664	994:993	1497	/home/woa23c1ro/.local/share/uv/python/cpython-3.11.14-linux-x86_64-gnu/share/terminfo/v/vt220-old
f	664	994:993	1498	/home/woa23c1ro/.local/share/uv/python/cpython-3.11.14-linux-x86_64-gnu/share/terminfo/o/opennt-w-vt
f	664	994:993	1499	/home/woa23c1ro/.local/share/uv/python/cpython-3.11.14-linux-x86_64-gnu/lib/python3.11/site-packages/setuptools/config/__init__.py
f	664	994:993	150	/home/woa23c1ro/.local/share/uv/python/cpython-3.11.14-linux-x86_64-gnu/lib/tk8.6/pkgIndex.tcl
f	664	994:993	150	/home/woa23c1ro/.local/share/uv/python/cpython-3.11.14-linux-x86_64-gnu/share/terminfo/x/xterm+titlestack
f	664	994:993	1500	/home/woa23c1ro/.local/share/uv/python/cpython-3.11.14-linux-x86_64-gnu/lib/python3.11/site-packages/setuptools/_vendor/jaraco.text-3.12.1.dist-info/RECORD
f	664	994:993	1500	/home/woa23c1ro/.local/share/uv/python/cpython-3.11.14-linux-x86_64-gnu/share/terminfo/d/dku7202
f	664	994:993	15006	/home/woa23c1ro/.local/share/uv/python/cpython-3.11.14-linux-x86_64-gnu/lib/python3.11/site-packages/setuptools/_vendor/autocommand-2.2.2.dist-info/METADATA
f	664	994:993	1502	/home/woa23c1ro/.local/share/uv/python/cpython-3.11.14-linux-x86_64-gnu/share/terminfo/c/cons25
f	664	994:993	1502	/home/woa23c1ro/.local/share/uv/python/cpython-3.11.14-linux-x86_64-gnu/share/terminfo/c/cons50
f	664	994:993	1502	/home/woa23c1ro/.local/share/uv/python/cpython-3.11.14-linux-x86_64-gnu/share/terminfo/d/d410
f	664	994:993	1504	/home/woa23c1ro/.local/share/uv/python/cpython-3.11.14-linux-x86_64-gnu/lib/tk8.6/demos/button.tcl
f	664	994:993	1505	/home/woa23c1ro/.local/share/uv/python/cpython-3.11.14-linux-x86_64-gnu/lib/python3.11/site-packages/pip/_vendor/platformdirs/__main__.py
f	664	994:993	15062	/home/woa23c1ro/.local/share/uv/python/cpython-3.11.14-linux-x86_64-gnu/lib/python3.11/site-packages/setuptools/_distutils/tests/test_sdist.py
f	664	994:993	15067	/home/woa23c1ro/.local/share/uv/python/cpython-3.11.14-linux-x86_64-gnu/lib/python3.11/idlelib/query.py
f	664	994:993	1507	/home/woa23c1ro/.local/share/uv/python/cpython-3.11.14-linux-x86_64-gnu/share/terminfo/d/d555-w
f	664	994:993	1507	/home/woa23c1ro/.local/share/uv/python/cpython-3.11.14-linux-x86_64-gnu/share/terminfo/d/d577-w
f	664	994:993	1508	/home/woa23c1ro/.local/share/uv/python/cpython-3.11.14-linux-x86_64-gnu/lib/python3.11/encodings/hex_codec.py
f	664	994:993	1508	/home/woa23c1ro/.local/share/uv/python/cpython-3.11.14-linux-x86_64-gnu/share/terminfo/c/cons50r
f	664	994:993	1508	/home/woa23c1ro/.local/share/uv/python/cpython-3.11.14-linux-x86_64-gnu/share/terminfo/c/cons60r
f	664	994:993	1509	/home/woa23c1ro/.local/share/uv/python/cpython-3.11.14-linux-x86_64-gnu/lib/python3.11/site-packages/pip/_internal/operations/build/metadata_editable.py
f	664	994:993	1509	/home/woa23c1ro/.local/share/uv/python/cpython-3.11.14-linux-x86_64-gnu/share/terminfo/n/ncrvt100wan
f	664	994:993	15097	/home/woa23c1ro/.local/share/uv/python/cpython-3.11.14-linux-x86_64-gnu/lib/python3.11/wsgiref/validate.py
f	664	994:993	151	/home/woa23c1ro/.local/share/uv/python/cpython-3.11.14-linux-x86_64-gnu/lib/python3.11/site-packages/distutils-precedence.pth
f	664	994:993	1510	/home/woa23c1ro/.local/share/uv/python/cpython-3.11.14-linux-x86_64-gnu/share/terminfo/c/cons25l1
f	664	994:993	1510	/home/woa23c1ro/.local/share/uv/python/cpython-3.11.14-linux-x86_64-gnu/share/terminfo/c/cons25r
f	664	994:993	1513	/home/woa23c1ro/.local/share/uv/python/cpython-3.11.14-linux-x86_64-gnu/include/python3.11/cpython/tupleobject.h
f	664	994:993	1513	/home/woa23c1ro/.local/share/uv/python/cpython-3.11.14-linux-x86_64-gnu/share/terminfo/c/ctrm
f	664	994:993	1517	/home/woa23c1ro/.local/share/uv/python/cpython-3.11.14-linux-x86_64-gnu/share/terminfo/w/wy99-ansi
f	664	994:993	15170	/home/woa23c1ro/.local/share/uv/python/cpython-3.11.14-linux-x86_64-gnu/lib/python3.11/encodings/mac_farsi.py
f	664	994:993	1518	/home/woa23c1ro/.local/share/uv/python/cpython-3.11.14-linux-x86_64-gnu/share/terminfo/c/cons60l1
f	664	994:993	1518	/home/woa23c1ro/.local/share/uv/python/cpython-3.11.14-linux-x86_64-gnu/share/terminfo/c/cygwin
f	664	994:993	15180	/home/woa23c1ro/.local/share/uv/python/cpython-3.11.14-linux-x86_64-gnu/lib/python3.11/site-packages/pip/_vendor/rich/live.py
f	664	994:993	1519	/home/woa23c1ro/.local/share/uv/python/cpython-3.11.14-linux-x86_64-gnu/share/terminfo/b/bq300-8-pc-w
f	664	994:993	1519	/home/woa23c1ro/.local/share/uv/python/cpython-3.11.14-linux-x86_64-gnu/share/terminfo/c/cons25-debian
f	664	994:993	15198	/home/woa23c1ro/.local/share/uv/python/cpython-3.11.14-linux-x86_64-gnu/lib/python3.11/poplib.py
f	664	994:993	152	/home/woa23c1ro/.local/share/uv/python/cpython-3.11.14-linux-x86_64-gnu/share/terminfo/q/qdss
f	664	994:993	152	/home/woa23c1ro/.local/share/uv/python/cpython-3.11.14-linux-x86_64-gnu/share/terminfo/x/xterm+alt47
f	664	994:993	15206	/home/woa23c1ro/.local/share/uv/python/cpython-3.11.14-linux-x86_64-gnu/lib/python3.11/lib2to3/fixer_util.py
f	664	994:993	1522	/home/woa23c1ro/.local/share/uv/python/cpython-3.11.14-linux-x86_64-gnu/share/terminfo/c/cons50l1
f	664	994:993	1523	/home/woa23c1ro/.local/share/uv/python/cpython-3.11.14-linux-x86_64-gnu/share/terminfo/d/decansi
f	664	994:993	15230	/home/woa23c1ro/.local/share/uv/python/cpython-3.11.14-linux-x86_64-gnu/lib/python3.11/idlelib/config_key.py
f	664	994:993	1524	/home/woa23c1ro/.local/share/uv/python/cpython-3.11.14-linux-x86_64-gnu/share/terminfo/c/cons25r-m
f	664	994:993	1524	/home/woa23c1ro/.local/share/uv/python/cpython-3.11.14-linux-x86_64-gnu/share/terminfo/g/gnome-rh62
f	664	994:993	1525	/home/woa23c1ro/.local/share/uv/python/cpython-3.11.14-linux-x86_64-gnu/lib/python3.11/encodings/quopri_codec.py
f	664	994:993	1525	/home/woa23c1ro/.local/share/uv/python/cpython-3.11.14-linux-x86_64-gnu/share/terminfo/t/teken-2018
f	664	994:993	1526	/home/woa23c1ro/.local/share/uv/python/cpython-3.11.14-linux-x86_64-gnu/include/python3.11/cpython/import.h
f	664	994:993	1529	/home/woa23c1ro/.local/share/uv/python/cpython-3.11.14-linux-x86_64-gnu/share/terminfo/a/att605-pc
f	664	994:993	1529	/home/woa23c1ro/.local/share/uv/python/cpython-3.11.14-linux-x86_64-gnu/share/terminfo/b/bq300-8-pc
f	664	994:993	1530	/home/woa23c1ro/.local/share/uv/python/cpython-3.11.14-linux-x86_64-gnu/include/python3.11/floatobject.h
f	664	994:993	1530	/home/woa23c1ro/.local/share/uv/python/cpython-3.11.14-linux-x86_64-gnu/share/terminfo/a/aixterm-m-old
f	664	994:993	1530	/home/woa23c1ro/.local/share/uv/python/cpython-3.11.14-linux-x86_64-gnu/share/terminfo/c/cygwinDBG
f	664	994:993	1531	/home/woa23c1ro/.local/share/uv/python/cpython-3.11.14-linux-x86_64-gnu/share/terminfo/b/bq300-8-pc-w-rv
f	664	994:993	15313	/home/woa23c1ro/.local/share/uv/python/cpython-3.11.14-linux-x86_64-gnu/lib/python3.11/lib2to3/Grammar3.11.14.final.0.pickle
f	664	994:993	1532	/home/woa23c1ro/.local/share/uv/python/cpython-3.11.14-linux-x86_64-gnu/share/terminfo/k/kvt
f	664	994:993	1533	/home/woa23c1ro/.local/share/uv/python/cpython-3.11.14-linux-x86_64-gnu/lib/python3.11/encodings/base64_codec.py
f	664	994:993	1533	/home/woa23c1ro/.local/share/uv/python/cpython-3.11.14-linux-x86_64-gnu/share/terminfo/b/bq300-8-pc-rv
f	664	994:993	1533	/home/woa23c1ro/.local/share/uv/python/cpython-3.11.14-linux-x86_64-gnu/share/terminfo/d/d578-7b
f	664	994:993	1533	/home/woa23c1ro/.local/share/uv/python/cpython-3.11.14-linux-x86_64-gnu/share/terminfo/x/xterm-24
f	664	994:993	15337	/home/woa23c1ro/.local/share/uv/python/cpython-3.11.14-linux-x86_64-gnu/lib/python3.11/site-packages/setuptools/_distutils/filelist.py
f	664	994:993	1535	/home/woa23c1ro/.local/share/uv/python/cpython-3.11.14-linux-x86_64-gnu/lib/python3.11/tkinter/dialog.py
f	664	994:993	1535	/home/woa23c1ro/.local/share/uv/python/cpython-3.11.14-linux-x86_64-gnu/share/terminfo/w/wy99a-ansi
f	664	994:993	1536	/home/woa23c1ro/.local/share/uv/python/cpython-3.11.14-linux-x86_64-gnu/lib/tk8.6/demos/ttkprogress.tcl
f	664	994:993	1538	/home/woa23c1ro/.local/share/uv/python/cpython-3.11.14-linux-x86_64-gnu/share/terminfo/a/aixterm-m
f	664	994:993	1539	/home/woa23c1ro/.local/share/uv/python/cpython-3.11.14-linux-x86_64-gnu/share/terminfo/d/d555-7b
f	664	994:993	1539	/home/woa23c1ro/.local/share/uv/python/cpython-3.11.14-linux-x86_64-gnu/share/terminfo/d/d577-7b
f	664	994:993	1539	/home/woa23c1ro/.local/share/uv/python/cpython-3.11.14-linux-x86_64-gnu/share/terminfo/m/mostlike
f	664	994:993	154	/home/woa23c1ro/.local/share/uv/python/cpython-3.11.14-linux-x86_64-gnu/lib/python3.11/ctypes/macholib/__init__.py
f	664	994:993	1541	/home/woa23c1ro/.local/share/uv/python/cpython-3.11.14-linux-x86_64-gnu/lib/python3.11/site-packages/pip-25.3.dist-info/licenses/src/pip/_vendor/idna/LICENSE.md
f	664	994:993	1541	/home/woa23c1ro/.local/share/uv/python/cpython-3.11.14-linux-x86_64-gnu/lib/python3.11/site-packages/pip/_vendor/idna/LICENSE.md
f	664	994:993	1541	/home/woa23c1ro/.local/share/uv/python/cpython-3.11.14-linux-x86_64-gnu/share/terminfo/d/d410-w
f	664	994:993	1543	/home/woa23c1ro/.local/share/uv/python/cpython-3.11.14-linux-x86_64-gnu/include/python3.11/setobject.h
f	664	994:993	1543	/home/woa23c1ro/.local/share/uv/python/cpython-3.11.14-linux-x86_64-gnu/lib/python3.11/site-packages/pip/_vendor/resolvelib/resolvers/abstract.py
f	664	994:993	1543	/home/woa23c1ro/.local/share/uv/python/cpython-3.11.14-linux-x86_64-gnu/share/terminfo/b/bq300-8w
f	664	994:993	1548	/home/woa23c1ro/.local/share/uv/python/cpython-3.11.14-linux-x86_64-gnu/lib/python3.11/lib2to3/fixes/fix_itertools.py
f	664	994:993	1548	/home/woa23c1ro/.local/share/uv/python/cpython-3.11.14-linux-x86_64-gnu/share/terminfo/b/bq300-8
f	664	994:993	1550	/home/woa23c1ro/.local/share/uv/python/cpython-3.11.14-linux-x86_64-gnu/share/terminfo/v/vt320
f	664	994:993	1551	/home/woa23c1ro/.local/share/uv/python/cpython-3.11.14-linux-x86_64-gnu/share/terminfo/x/xterm-color
f	664	994:993	155138	/home/woa23c1ro/.local/share/uv/python/cpython-3.11.14-linux-x86_64-gnu/lib/python3.11/config-3.11-x86_64-linux-gnu/Makefile
f	664	994:993	1552	/home/woa23c1ro/.local/share/uv/python/cpython-3.11.14-linux-x86_64-gnu/share/terminfo/d/d430c-dg
f	664	994:993	1553	/home/woa23c1ro/.local/share/uv/python/cpython-3.11.14-linux-x86_64-gnu/share/terminfo/p/pcvt25-color
f	664	994:993	15534	/home/woa23c1ro/.local/share/uv/python/cpython-3.11.14-linux-x86_64-gnu/lib/python3.11/email/_policybase.py
f	664	994:993	15539	/home/woa23c1ro/.local/share/uv/python/cpython-3.11.14-linux-x86_64-gnu/lib/python3.11/site-packages/setuptools/command/build_py.py
f	664	994:993	1556	/home/woa23c1ro/.local/share/uv/python/cpython-3.11.14-linux-x86_64-gnu/share/terminfo/b/bq300-8rv
f	664	994:993	1556	/home/woa23c1ro/.local/share/uv/python/cpython-3.11.14-linux-x86_64-gnu/share/terminfo/e/emx-base
f	664	994:993	1557	/home/woa23c1ro/.local/share/uv/python/cpython-3.11.14-linux-x86_64-gnu/include/python3.11/pystrtod.h
f	664	994:993	1557	/home/woa23c1ro/.local/share/uv/python/cpython-3.11.14-linux-x86_64-gnu/share/terminfo/d/d470c-dg
f	664	994:993	1557	/home/woa23c1ro/.local/share/uv/python/cpython-3.11.14-linux-x86_64-gnu/share/terminfo/d/dtterm
f	664	994:993	1558	/home/woa23c1ro/.local/share/uv/python/cpython-3.11.14-linux-x86_64-gnu/lib/python3.11/concurrent/futures/__init__.py
f	664	994:993	1559	/home/woa23c1ro/.local/share/uv/python/cpython-3.11.14-linux-x86_64-gnu/share/terminfo/b/bq300-w-8rv
f	664	994:993	1559	/home/woa23c1ro/.local/share/uv/python/cpython-3.11.14-linux-x86_64-gnu/share/terminfo/v/vt220d
f	664	994:993	156	/home/woa23c1ro/.local/share/uv/python/cpython-3.11.14-linux-x86_64-gnu/lib/python3.11/lib2to3/__init__.py
f	664	994:993	1560	/home/woa23c1ro/.local/share/uv/python/cpython-3.11.14-linux-x86_64-gnu/share/terminfo/t/tvi9065
f	664	994:993	1560	/home/woa23c1ro/.local/share/uv/python/cpython-3.11.14-linux-x86_64-gnu/share/terminfo/v/vt320-w
f	664	994:993	15617	/home/woa23c1ro/.local/share/uv/python/cpython-3.11.14-linux-x86_64-gnu/lib/python3.11/xml/sax/handler.py
f	664	994:993	1562	/home/woa23c1ro/.local/share/uv/python/cpython-3.11.14-linux-x86_64-gnu/share/terminfo/z/z340
f	664	994:993	1564	/home/woa23c1ro/.local/share/uv/python/cpython-3.11.14-linux-x86_64-gnu/share/terminfo/d/d555-7b-w
f	664	994:993	1564	/home/woa23c1ro/.local/share/uv/python/cpython-3.11.14-linux-x86_64-gnu/share/terminfo/d/d577-7b-w
f	664	994:993	1565	/home/woa23c1ro/.local/share/uv/python/cpython-3.11.14-linux-x86_64-gnu/include/python3.11/internal/pycore_gil.h
f	664	994:993	1565	/home/woa23c1ro/.local/share/uv/python/cpython-3.11.14-linux-x86_64-gnu/share/terminfo/w/wy60
f	664	994:993	1566	/home/woa23c1ro/.local/share/uv/python/cpython-3.11.14-linux-x86_64-gnu/lib/tcl8.6/msgs/ko.msg
f	664	994:993	1566	/home/woa23c1ro/.local/share/uv/python/cpython-3.11.14-linux-x86_64-gnu/share/terminfo/x/xiterm
f	664	994:993	15677	/home/woa23c1ro/.local/share/uv/python/cpython-3.11.14-linux-x86_64-gnu/lib/python3.11/encodings/aliases.py
f	664	994:993	1569	/home/woa23c1ro/.local/share/uv/python/cpython-3.11.14-linux-x86_64-gnu/share/terminfo/w/wy60-25
f	664	994:993	1570	/home/woa23c1ro/.local/share/uv/python/cpython-3.11.14-linux-x86_64-gnu/include/python3.11/fileobject.h
f	664	994:993	1570	/home/woa23c1ro/.local/share/uv/python/cpython-3.11.14-linux-x86_64-gnu/share/terminfo/a/ansi.sys
f	664	994:993	15714	/home/woa23c1ro/.local/share/uv/python/cpython-3.11.14-linux-x86_64-gnu/lib/python3.11/fileinput.py
f	664	994:993	1572	/home/woa23c1ro/.local/share/uv/python/cpython-3.11.14-linux-x86_64-gnu/share/terminfo/x/xgterm
f	664	994:993	1573	/home/woa23c1ro/.local/share/uv/python/cpython-3.11.14-linux-x86_64-gnu/share/terminfo/w/wy60-43
f	664	994:993	1575	/home/woa23c1ro/.local/share/uv/python/cpython-3.11.14-linux-x86_64-gnu/share/terminfo/d/d410-7b
f	664	994:993	1575	/home/woa23c1ro/.local/share/uv/python/cpython-3.11.14-linux-x86_64-gnu/share/terminfo/s/scoansi
f	664	994:993	1575	/home/woa23c1ro/.local/share/uv/python/cpython-3.11.14-linux-x86_64-gnu/share/terminfo/w/wy60-25-w
f	664	994:993	15777	/home/woa23c1ro/.local/share/uv/python/cpython-3.11.14-linux-x86_64-gnu/lib/python3.11/idlelib/format.py
f	664	994:993	1578	/home/woa23c1ro/.local/share/uv/python/cpython-3.11.14-linux-x86_64-gnu/lib/python3.11/site-packages/setuptools/_shutil.py
f	664	994:993	1578	/home/woa23c1ro/.local/share/uv/python/cpython-3.11.14-linux-x86_64-gnu/share/terminfo/v/vt320-w-nam
f	664	994:993	1579	/home/woa23c1ro/.local/share/uv/python/cpython-3.11.14-linux-x86_64-gnu/share/terminfo/w/wy60-w
f	664	994:993	1581	/home/woa23c1ro/.local/share/uv/python/cpython-3.11.14-linux-x86_64-gnu/share/terminfo/n/nsterm-7-c
f	664	994:993	1581	/home/woa23c1ro/.local/share/uv/python/cpython-3.11.14-linux-x86_64-gnu/share/terminfo/w/wy60-vb
f	664	994:993	1582	/home/woa23c1ro/.local/share/uv/python/cpython-3.11.14-linux-x86_64-gnu/lib/python3.11/lib2to3/fixes/fix_throw.py
f	664	994:993	1583	/home/woa23c1ro/.local/share/uv/python/cpython-3.11.14-linux-x86_64-gnu/share/terminfo/w/wy60-43-w
f	664	994:993	1585	/home/woa23c1ro/.local/share/uv/python/cpython-3.11.14-linux-x86_64-gnu/share/terminfo/c/crt
f	664	994:993	1586	/home/woa23c1ro/.local/share/uv/python/cpython-3.11.14-linux-x86_64-gnu/lib/tk8.6/optMenu.tcl
f	664	994:993	1587	/home/woa23c1ro/.local/share/uv/python/cpython-3.11.14-linux-x86_64-gnu/share/terminfo/h/hurd
f	664	994:993	1587	/home/woa23c1ro/.local/share/uv/python/cpython-3.11.14-linux-x86_64-gnu/share/terminfo/s/scoansi-old
f	664	994:993	1588	/home/woa23c1ro/.local/share/uv/python/cpython-3.11.14-linux-x86_64-gnu/share/terminfo/t/teraterm4.59
f	664	994:993	1588	/home/woa23c1ro/.local/share/uv/python/cpython-3.11.14-linux-x86_64-gnu/share/terminfo/v/vt320-nam
f	664	994:993	15889	/home/woa23c1ro/.local/share/uv/python/cpython-3.11.14-linux-x86_64-gnu/lib/python3.11/re/__init__.py
f	664	994:993	159	/home/woa23c1ro/.local/share/uv/python/cpython-3.11.14-linux-x86_64-gnu/lib/python3.11/idlelib/__main__.py
f	664	994:993	159	/home/woa23c1ro/.local/share/uv/python/cpython-3.11.14-linux-x86_64-gnu/share/terminfo/r/report+version
f	664	994:993	1590	/home/woa23c1ro/.local/share/uv/python/cpython-3.11.14-linux-x86_64-gnu/share/terminfo/n/ncr160vt100an
f	664	994:993	1590	/home/woa23c1ro/.local/share/uv/python/cpython-3.11.14-linux-x86_64-gnu/share/terminfo/n/ncr260vt100an
f	664	994:993	1590	/home/woa23c1ro/.local/share/uv/python/cpython-3.11.14-linux-x86_64-gnu/share/terminfo/z/z340-nam
f	664	994:993	1591	/home/woa23c1ro/.local/share/uv/python/cpython-3.11.14-linux-x86_64-gnu/lib/python3.11/site-packages/pip/_vendor/rich/screen.py
f	664	994:993	1592	/home/woa23c1ro/.local/share/uv/python/cpython-3.11.14-linux-x86_64-gnu/share/terminfo/w/wy85-8bit
f	664	994:993	1592	/home/woa23c1ro/.local/share/uv/python/cpython-3.11.14-linux-x86_64-gnu/share/terminfo/x/xterm-bold
f	664	994:993	1593	/home/woa23c1ro/.local/share/uv/python/cpython-3.11.14-linux-x86_64-gnu/share/terminfo/w/wy60-42
f	664	994:993	15930	/home/woa23c1ro/.local/share/uv/python/cpython-3.11.14-linux-x86_64-gnu/include/python3.11/internal/pycore_code.h
f	664	994:993	15949	/home/woa23c1ro/.local/share/uv/python/cpython-3.11.14-linux-x86_64-gnu/lib/tk8.6/spinbox.tcl
f	664	994:993	1596	/home/woa23c1ro/.local/share/uv/python/cpython-3.11.14-linux-x86_64-gnu/share/terminfo/n/ncr160vt100wan
f	664	994:993	1596	/home/woa23c1ro/.local/share/uv/python/cpython-3.11.14-linux-x86_64-gnu/share/terminfo/n/ncr260vt100wan
f	664	994:993	1596	/home/woa23c1ro/.local/share/uv/python/cpython-3.11.14-linux-x86_64-gnu/share/terminfo/t/teraterm2.3
f	664	994:993	1598	/home/woa23c1ro/.local/share/uv/python/cpython-3.11.14-linux-x86_64-gnu/lib/python3.11/multiprocessing/dummy/connection.py
f	664	994:993	1599	/home/woa23c1ro/.local/share/uv/python/cpython-3.11.14-linux-x86_64-gnu/share/terminfo/w/wy99gt
f	664	994:993	16	/home/woa23c1ro/.local/share/uv/python/cpython-3.11.14-linux-x86_64-gnu/lib/python3.11/site-packages/setuptools/_vendor/wheel/vendored/vendor.txt
f	664	994:993	160	/home/woa23c1ro/.local/share/uv/python/cpython-3.11.14-linux-x86_64-gnu/lib/python3.11/site-packages/setuptools/_vendor/inflect/compat/py38.py
f	664	994:993	160	/home/woa23c1ro/.local/share/uv/python/cpython-3.11.14-linux-x86_64-gnu/lib/python3.11/turtledemo/turtle.cfg
f	664	994:993	1600	/home/woa23c1ro/.local/share/uv/python/cpython-3.11.14-linux-x86_64-gnu/lib/python3.11/site-packages/setuptools/_distutils/tests/test_install_scripts.py
f	664	994:993	1601	/home/woa23c1ro/.local/share/uv/python/cpython-3.11.14-linux-x86_64-gnu/lib/python3.11/site-packages/pip/_internal/utils/packaging.py
f	664	994:993	1601	/home/woa23c1ro/.local/share/uv/python/cpython-3.11.14-linux-x86_64-gnu/lib/python3.11/site-packages/pip/_internal/utils/urls.py
f	664	994:993	1603	/home/woa23c1ro/.local/share/uv/python/cpython-3.11.14-linux-x86_64-gnu/share/terminfo/w/wy60-42-w
f	664	994:993	1603	/home/woa23c1ro/.local/share/uv/python/cpython-3.11.14-linux-x86_64-gnu/share/terminfo/w/wy99gt-25
f	664	994:993	16030	/home/woa23c1ro/.local/share/uv/python/cpython-3.11.14-linux-x86_64-gnu/lib/python3.11/csv.py
f	664	994:993	1604	/home/woa23c1ro/.local/share/uv/python/cpython-3.11.14-linux-x86_64-gnu/share/terminfo/n/ncr260vt100pp
f	664	994:993	16041	/home/woa23c1ro/.local/share/uv/python/cpython-3.11.14-linux-x86_64-gnu/lib/python3.11/site-packages/setuptools/config/expand.py
f	664	994:993	1605	/home/woa23c1ro/.local/share/uv/python/cpython-3.11.14-linux-x86_64-gnu/lib/python3.11/site-packages/pip/_vendor/urllib3/util/proxy.py
f	664	994:993	1605	/home/woa23c1ro/.local/share/uv/python/cpython-3.11.14-linux-x86_64-gnu/lib/python3.11/xml/etree/__init__.py
f	664	994:993	1605	/home/woa23c1ro/.local/share/uv/python/cpython-3.11.14-linux-x86_64-gnu/share/terminfo/a/att615-w
f	664	994:993	1605	/home/woa23c1ro/.local/share/uv/python/cpython-3.11.14-linux-x86_64-gnu/share/terminfo/w/wy60-w-vb
f	664	994:993	1605	/home/woa23c1ro/.local/share/uv/python/cpython-3.11.14-linux-x86_64-gnu/share/terminfo/w/wy99gt-25-w
f	664	994:993	1606	/home/woa23c1ro/.local/share/uv/python/cpython-3.11.14-linux-x86_64-gnu/share/terminfo/a/att5425
f	664	994:993	1606	/home/woa23c1ro/.local/share/uv/python/cpython-3.11.14-linux-x86_64-gnu/share/terminfo/d/d410-7b-w
f	664	994:993	1606	/home/woa23c1ro/.local/share/uv/python/cpython-3.11.14-linux-x86_64-gnu/share/terminfo/n/ncr160vt100pp
f	664	994:993	1606	/home/woa23c1ro/.local/share/uv/python/cpython-3.11.14-linux-x86_64-gnu/share/terminfo/n/netbsd6
f	664	994:993	1606	/home/woa23c1ro/.local/share/uv/python/cpython-3.11.14-linux-x86_64-gnu/share/terminfo/w/wsvt25
f	664	994:993	1607	/home/woa23c1ro/.local/share/uv/python/cpython-3.11.14-linux-x86_64-gnu/share/terminfo/a/att615
f	664	994:993	1607	/home/woa23c1ro/.local/share/uv/python/cpython-3.11.14-linux-x86_64-gnu/share/terminfo/s/screen
f	664	994:993	1607	/home/woa23c1ro/.local/share/uv/python/cpython-3.11.14-linux-x86_64-gnu/share/terminfo/s/screen.xterm-r6
f	664	994:993	16070	/home/woa23c1ro/.local/share/uv/python/cpython-3.11.14-linux-x86_64-gnu/lib/python3.11/json/encoder.py
f	664	994:993	16071	/home/woa23c1ro/.local/share/uv/python/cpython-3.11.14-linux-x86_64-gnu/lib/python3.11/site-packages/setuptools/config/setuptools.schema.json
f	664	994:993	1608	/home/woa23c1ro/.local/share/uv/python/cpython-3.11.14-linux-x86_64-gnu/lib/python3.11/lib2to3/fixes/fix_isinstance.py
f	664	994:993	1608	/home/woa23c1ro/.local/share/uv/python/cpython-3.11.14-linux-x86_64-gnu/share/terminfo/c/color_xterm
f	664	994:993	1609	/home/woa23c1ro/.local/share/uv/python/cpython-3.11.14-linux-x86_64-gnu/lib/python3.11/site-packages/setuptools/_distutils/command/_framework_compat.py
f	664	994:993	1609	/home/woa23c1ro/.local/share/uv/python/cpython-3.11.14-linux-x86_64-gnu/share/terminfo/w/wy99gt-w
f	664	994:993	161	/home/woa23c1ro/.local/share/uv/python/cpython-3.11.14-linux-x86_64-gnu/lib/python3.11/site-packages/setuptools/version.py
f	664	994:993	161	/home/woa23c1ro/.local/share/uv/python/cpython-3.11.14-linux-x86_64-gnu/share/terminfo/s/synertek
f	664	994:993	1610	/home/woa23c1ro/.local/share/uv/python/cpython-3.11.14-linux-x86_64-gnu/lib/python3.11/site-packages/setuptools/command/develop.py
f	664	994:993	1612	/home/woa23c1ro/.local/share/uv/python/cpython-3.11.14-linux-x86_64-gnu/lib/python3.11/site-packages/setuptools/config/_validate_pyproject/fastjsonschema_exceptions.py
f	664	994:993	1612	/home/woa23c1ro/.local/share/uv/python/cpython-3.11.14-linux-x86_64-gnu/share/terminfo/n/ncr160vt100wpp
f	664	994:993	1612	/home/woa23c1ro/.local/share/uv/python/cpython-3.11.14-linux-x86_64-gnu/share/terminfo/n/ncr260vt100wpp
f	664	994:993	1612	/home/woa23c1ro/.local/share/uv/python/cpython-3.11.14-linux-x86_64-gnu/share/terminfo/n/ncr260wy350pp
f	664	994:993	1613	/home/woa23c1ro/.local/share/uv/python/cpython-3.11.14-linux-x86_64-gnu/include/python3.11/tupleobject.h
f	664	994:993	1613	/home/woa23c1ro/.local/share/uv/python/cpython-3.11.14-linux-x86_64-gnu/share/terminfo/s/screen-base
f	664	994:993	1613	/home/woa23c1ro/.local/share/uv/python/cpython-3.11.14-linux-x86_64-gnu/share/terminfo/s/screen4
f	664	994:993	1614	/home/woa23c1ro/.local/share/uv/python/cpython-3.11.14-linux-x86_64-gnu/share/terminfo/l/linux-basic
f	664	994:993	1614	/home/woa23c1ro/.local/share/uv/python/cpython-3.11.14-linux-x86_64-gnu/share/terminfo/n/ncr260wy350wpp
f	664	994:993	1615	/home/woa23c1ro/.local/share/uv/python/cpython-3.11.14-linux-x86_64-gnu/lib/tk8.6/images/pwrdLogo100.gif
f	664	994:993	1615	/home/woa23c1ro/.local/share/uv/python/cpython-3.11.14-linux-x86_64-gnu/share/terminfo/k/kon
f	664	994:993	1615	/home/woa23c1ro/.local/share/uv/python/cpython-3.11.14-linux-x86_64-gnu/share/terminfo/w/wy99gt-vb
f	664	994:993	16159	/home/woa23c1ro/.local/share/uv/python/cpython-3.11.14-linux-x86_64-gnu/lib/python3.11/idlelib/iomenu.py
f	664	994:993	1616	/home/woa23c1ro/.local/share/uv/python/cpython-3.11.14-linux-x86_64-gnu/share/terminfo/a/att620
f	664	994:993	1616	/home/woa23c1ro/.local/share/uv/python/cpython-3.11.14-linux-x86_64-gnu/share/terminfo/w/wsvt25m
f	664	994:993	1618	/home/woa23c1ro/.local/share/uv/python/cpython-3.11.14-linux-x86_64-gnu/share/terminfo/g/gnome-rh72
f	664	994:993	16185	/home/woa23c1ro/.local/share/uv/python/cpython-3.11.14-linux-x86_64-gnu/lib/python3.11/site-packages/pip/_internal/index/collector.py
f	664	994:993	1619	/home/woa23c1ro/.local/share/uv/python/cpython-3.11.14-linux-x86_64-gnu/lib/python3.11/email/mime/multipart.py
f	664	994:993	1619	/home/woa23c1ro/.local/share/uv/python/cpython-3.11.14-linux-x86_64-gnu/share/terminfo/n/ncr260wy325pp
f	664	994:993	1619	/home/woa23c1ro/.local/share/uv/python/cpython-3.11.14-linux-x86_64-gnu/share/terminfo/s/screen-bce
f	664	994:993	162	/home/woa23c1ro/.local/share/uv/python/cpython-3.11.14-linux-x86_64-gnu/share/terminfo/x/xterm+tmux2
f	664	994:993	1620	/home/woa23c1ro/.local/share/uv/python/cpython-3.11.14-linux-x86_64-gnu/share/terminfo/a/att620-w
f	664	994:993	1620	/home/woa23c1ro/.local/share/uv/python/cpython-3.11.14-linux-x86_64-gnu/share/terminfo/j/jfbterm
f	664	994:993	1621	/home/woa23c1ro/.local/share/uv/python/cpython-3.11.14-linux-x86_64-gnu/share/terminfo/n/ncr260wy325wpp
f	664	994:993	16211	/home/woa23c1ro/.local/share/uv/python/cpython-3.11.14-linux-x86_64-gnu/lib/python3.11/xml/sax/expatreader.py
f	664	994:993	1623	/home/woa23c1ro/.local/share/uv/python/cpython-3.11.14-linux-x86_64-gnu/share/terminfo/s/screen-w
f	664	994:993	1623	/home/woa23c1ro/.local/share/uv/python/cpython-3.11.14-linux-x86_64-gnu/share/terminfo/s/screen5
f	664	994:993	16234	/home/woa23c1ro/.local/share/uv/python/cpython-3.11.14-linux-x86_64-gnu/lib/python3.11/site-packages/setuptools/_vendor/wheel/vendored/packaging/version.py
f	664	994:993	1625	/home/woa23c1ro/.local/share/uv/python/cpython-3.11.14-linux-x86_64-gnu/share/terminfo/c/cygwinB19
f	664	994:993	1625	/home/woa23c1ro/.local/share/uv/python/cpython-3.11.14-linux-x86_64-gnu/share/terminfo/m/minitel1-nb
f	664	994:993	16250	/home/woa23c1ro/.local/share/uv/python/cpython-3.11.14-linux-x86_64-gnu/lib/python3.11/site-packages/setuptools/_vendor/jaraco/text/__init__.py
f	664	994:993	1632	/home/woa23c1ro/.local/share/uv/python/cpython-3.11.14-linux-x86_64-gnu/share/terminfo/n/nansi.sys
f	664	994:993	1632	/home/woa23c1ro/.local/share/uv/python/cpython-3.11.14-linux-x86_64-gnu/share/terminfo/n/nsterm-c-s-7
f	664	994:993	1634	/home/woa23c1ro/.local/share/uv/python/cpython-3.11.14-linux-x86_64-gnu/share/terminfo/a/att5425-nl
f	664	994:993	1634	/home/woa23c1ro/.local/share/uv/python/cpython-3.11.14-linux-x86_64-gnu/share/terminfo/a/att5425-w
f	664	994:993	1635	/home/woa23c1ro/.local/share/uv/python/cpython-3.11.14-linux-x86_64-gnu/lib/python3.11/lib2to3/pgen2/literals.py
f	664	994:993	1635	/home/woa23c1ro/.local/share/uv/python/cpython-3.11.14-linux-x86_64-gnu/share/terminfo/b/bq300-pc
f	664	994:993	1635	/home/woa23c1ro/.local/share/uv/python/cpython-3.11.14-linux-x86_64-gnu/share/terminfo/b/bq300-pc-w
f	664	994:993	16359	/home/woa23c1ro/.local/share/uv/python/cpython-3.11.14-linux-x86_64-gnu/lib/tk8.6/msgbox.tcl
f	664	994:993	1637	/home/woa23c1ro/.local/share/uv/python/cpython-3.11.14-linux-x86_64-gnu/share/terminfo/w/wy99gt-w-vb
f	664	994:993	1638	/home/woa23c1ro/.local/share/uv/python/cpython-3.11.14-linux-x86_64-gnu/share/terminfo/a/att5420_2
f	664	994:993	16380	/home/woa23c1ro/.local/share/uv/python/cpython-3.11.14-linux-x86_64-gnu/lib/python3.11/distutils/cygwinccompiler.py
f	664	994:993	1639	/home/woa23c1ro/.local/share/uv/python/cpython-3.11.14-linux-x86_64-gnu/share/terminfo/b/bq300-pc-rv
f	664	994:993	164	/home/woa23c1ro/.local/share/uv/python/cpython-3.11.14-linux-x86_64-gnu/share/terminfo/x/xterm+kbs
f	664	994:993	1641	/home/woa23c1ro/.local/share/uv/python/cpython-3.11.14-linux-x86_64-gnu/share/terminfo/s/screen-s
f	664	994:993	1642	/home/woa23c1ro/.local/share/uv/python/cpython-3.11.14-linux-x86_64-gnu/include/python3.11/cpython/descrobject.h
f	664	994:993	1642	/home/woa23c1ro/.local/share/uv/python/cpython-3.11.14-linux-x86_64-gnu/lib/python3.11/site-packages/setuptools/_vendor/platformdirs-4.2.2.dist-info/RECORD
f	664	994:993	1643	/home/woa23c1ro/.local/share/uv/python/cpython-3.11.14-linux-x86_64-gnu/share/terminfo/b/bq300-pc-w-rv
f	664	994:993	1644	/home/woa23c1ro/.local/share/uv/python/cpython-3.11.14-linux-x86_64-gnu/share/terminfo/x/xtermc
f	664	994:993	1645	/home/woa23c1ro/.local/share/uv/python/cpython-3.11.14-linux-x86_64-gnu/lib/tcl8.6/msgs/ja.msg
f	664	994:993	1646	/home/woa23c1ro/.local/share/uv/python/cpython-3.11.14-linux-x86_64-gnu/share/terminfo/n/ncsa
f	664	994:993	16483	/home/woa23c1ro/.local/share/uv/python/cpython-3.11.14-linux-x86_64-gnu/lib/python3.11/idlelib/tree.py
f	664	994:993	1649	/home/woa23c1ro/.local/share/uv/python/cpython-3.11.14-linux-x86_64-gnu/share/terminfo/h/hds200
f	664	994:993	1650	/home/woa23c1ro/.local/share/uv/python/cpython-3.11.14-linux-x86_64-gnu/share/terminfo/a/att5420_2-w
f	664	994:993	1652	/home/woa23c1ro/.local/share/uv/python/cpython-3.11.14-linux-x86_64-gnu/lib/python3.11/site-packages/pkg_resources/tests/test_integration_zope_interface.py
f	664	994:993	1652	/home/woa23c1ro/.local/share/uv/python/cpython-3.11.14-linux-x86_64-gnu/share/terminfo/n/ncsa-ns
f	664	994:993	1652	/home/woa23c1ro/.local/share/uv/python/cpython-3.11.14-linux-x86_64-gnu/share/terminfo/n/nwp517
f	664	994:993	1652	/home/woa23c1ro/.local/share/uv/python/cpython-3.11.14-linux-x86_64-gnu/share/terminfo/w/wy85
f	664	994:993	1653	/home/woa23c1ro/.local/share/uv/python/cpython-3.11.14-linux-x86_64-gnu/share/terminfo/g/gnome-rh80
f	664	994:993	1653	/home/woa23c1ro/.local/share/uv/python/cpython-3.11.14-linux-x86_64-gnu/share/terminfo/m/ms-vt-utf8
f	664	994:993	1653	/home/woa23c1ro/.local/share/uv/python/cpython-3.11.14-linux-x86_64-gnu/share/terminfo/m/ms-vt100+
f	664	994:993	16531	/home/woa23c1ro/.local/share/uv/python/cpython-3.11.14-linux-x86_64-gnu/lib/python3.11/site-packages/setuptools/_distutils/compilers/C/unix.py
f	664	994:993	1656	/home/woa23c1ro/.local/share/uv/python/cpython-3.11.14-linux-x86_64-gnu/include/python3.11/cpython/classobject.h
f	664	994:993	1656	/home/woa23c1ro/.local/share/uv/python/cpython-3.11.14-linux-x86_64-gnu/share/terminfo/s/screen.minitel1-nb
f	664	994:993	16572	/home/woa23c1ro/.local/share/uv/python/cpython-3.11.14-linux-x86_64-gnu/lib/python3.11/site-packages/setuptools/_vendor/wheel/macosx_libfile.py
f	664	994:993	1658	/home/woa23c1ro/.local/share/uv/python/cpython-3.11.14-linux-x86_64-gnu/share/terminfo/x/xterm-pcolor
f	664	994:993	166	/home/woa23c1ro/.local/share/uv/python/cpython-3.11.14-linux-x86_64-gnu/lib/python3.11/site-packages/pip/_vendor/rich/region.py
f	664	994:993	166	/home/woa23c1ro/.local/share/uv/python/cpython-3.11.14-linux-x86_64-gnu/share/terminfo/a/ansi+idl1
f	664	994:993	166	/home/woa23c1ro/.local/share/uv/python/cpython-3.11.14-linux-x86_64-gnu/share/terminfo/l/linux+kbs
f	664	994:993	1661	/home/woa23c1ro/.local/share/uv/python/cpython-3.11.14-linux-x86_64-gnu/share/terminfo/n/nsterm-c
f	664	994:993	1662	/home/woa23c1ro/.local/share/uv/python/cpython-3.11.14-linux-x86_64-gnu/share/terminfo/w/wy75
f	664	994:993	1664	/home/woa23c1ro/.local/share/uv/python/cpython-3.11.14-linux-x86_64-gnu/lib/tcl8.6/msgs/fa.msg
f	664	994:993	16642	/home/woa23c1ro/.local/share/uv/python/cpython-3.11.14-linux-x86_64-gnu/lib/python3.11/site-packages/setuptools/_vendor/jaraco/functools/__init__.py
f	664	994:993	1667	/home/woa23c1ro/.local/share/uv/python/cpython-3.11.14-linux-x86_64-gnu/share/terminfo/b/bq300-w
f	664	994:993	16676	/home/woa23c1ro/.local/share/uv/python/cpython-3.11.14-linux-x86_64-gnu/lib/python3.11/site-packages/setuptools/_vendor/packaging/version.py
f	664	994:993	16688	/home/woa23c1ro/.local/share/uv/python/cpython-3.11.14-linux-x86_64-gnu/lib/python3.11/site-packages/pip/_vendor/packaging/version.py
f	664	994:993	16696	/home/woa23c1ro/.local/share/uv/python/cpython-3.11.14-linux-x86_64-gnu/lib/python3.11/site-packages/setuptools/_distutils/command/build_py.py
f	664	994:993	167	/home/woa23c1ro/.local/share/uv/python/cpython-3.11.14-linux-x86_64-gnu/lib/python3.11/site-packages/setuptools/_distutils/compat/numpy.py
f	664	994:993	167	/home/woa23c1ro/.local/share/uv/python/cpython-3.11.14-linux-x86_64-gnu/lib/python3.11/xml/parsers/__init__.py
f	664	994:993	1670	/home/woa23c1ro/.local/share/uv/python/cpython-3.11.14-linux-x86_64-gnu/lib/tk8.6/images/logo64.gif
f	664	994:993	1670	/home/woa23c1ro/.local/share/uv/python/cpython-3.11.14-linux-x86_64-gnu/share/terminfo/n/ncsa-vt220
f	664	994:993	1671	/home/woa23c1ro/.local/share/uv/python/cpython-3.11.14-linux-x86_64-gnu/share/terminfo/n/nsterm-c-acs
f	664	994:993	1674	/home/woa23c1ro/.local/share/uv/python/cpython-3.11.14-linux-x86_64-gnu/share/terminfo/l/linux-vt
f	664	994:993	1674	/home/woa23c1ro/.local/share/uv/python/cpython-3.11.14-linux-x86_64-gnu/share/terminfo/s/screen.minitel1
f	664	994:993	1674	/home/woa23c1ro/.local/share/uv/python/cpython-3.11.14-linux-x86_64-gnu/share/terminfo/w/wy85-vb
f	664	994:993	16741	/home/woa23c1ro/.local/share/uv/python/cpython-3.11.14-linux-x86_64-gnu/lib/tk8.6/iconlist.tcl
f	664	994:993	1675	/home/woa23c1ro/.local/share/uv/python/cpython-3.11.14-linux-x86_64-gnu/share/terminfo/b/bq300-rv
f	664	994:993	1676	/home/woa23c1ro/.local/share/uv/python/cpython-3.11.14-linux-x86_64-gnu/share/terminfo/w/wy85-w
f	664	994:993	1677	/home/woa23c1ro/.local/share/uv/python/cpython-3.11.14-linux-x86_64-gnu/share/terminfo/m/minitel1
f	664	994:993	1679	/home/woa23c1ro/.local/share/uv/python/cpython-3.11.14-linux-x86_64-gnu/lib/python3.11/site-packages/pip/_internal/commands/hash.py
f	664	994:993	1681	/home/woa23c1ro/.local/share/uv/python/cpython-3.11.14-linux-x86_64-gnu/lib/python3.11/site-packages/pip/_internal/utils/appdirs.py
f	664	994:993	1681	/home/woa23c1ro/.local/share/uv/python/cpython-3.11.14-linux-x86_64-gnu/share/terminfo/k/kterm-color
f	664	994:993	1683	/home/woa23c1ro/.local/share/uv/python/cpython-3.11.14-linux-x86_64-gnu/lib/python3.11/site-packages/pip/_vendor/rich/file_proxy.py
f	664	994:993	1683	/home/woa23c1ro/.local/share/uv/python/cpython-3.11.14-linux-x86_64-gnu/share/terminfo/b/bq300-w-rv
f	664	994:993	1683	/home/woa23c1ro/.local/share/uv/python/cpython-3.11.14-linux-x86_64-gnu/share/terminfo/t/teraterm
f	664	994:993	1684	/home/woa23c1ro/.local/share/uv/python/cpython-3.11.14-linux-x86_64-gnu/share/terminfo/n/nwp517-w
f	664	994:993	1684	/home/woa23c1ro/.local/share/uv/python/cpython-3.11.14-linux-x86_64-gnu/share/terminfo/w/wy75-vb
f	664	994:993	1684	/home/woa23c1ro/.local/share/uv/python/cpython-3.11.14-linux-x86_64-gnu/share/terminfo/w/wy75-w
f	664	994:993	168448	/home/woa23c1ro/.local/share/uv/python/cpython-3.11.14-linux-x86_64-gnu/lib/python3.11/site-packages/pip/_vendor/distlib/w64-arm.exe
f	664	994:993	1685	/home/woa23c1ro/.local/share/uv/python/cpython-3.11.14-linux-x86_64-gnu/share/terminfo/b/bq300
f	664	994:993	1688	/home/woa23c1ro/.local/share/uv/python/cpython-3.11.14-linux-x86_64-gnu/share/terminfo/w/wy520-24
f	664	994:993	169	/home/woa23c1ro/.local/share/uv/python/cpython-3.11.14-linux-x86_64-gnu/lib/python3.11/site-packages/pip/_vendor/tomli_w/__init__.py
f	664	994:993	1690	/home/woa23c1ro/.local/share/uv/python/cpython-3.11.14-linux-x86_64-gnu/share/terminfo/w/wy85-wvb
f	664	994:993	1691	/home/woa23c1ro/.local/share/uv/python/cpython-3.11.14-linux-x86_64-gnu/share/terminfo/k/kterm
f	664	994:993	1692	/home/woa23c1ro/.local/share/uv/python/cpython-3.11.14-linux-x86_64-gnu/share/terminfo/w/wy520
f	664	994:993	1694	/home/woa23c1ro/.local/share/uv/python/cpython-3.11.14-linux-x86_64-gnu/share/terminfo/w/wy520-36
f	664	994:993	1694	/home/woa23c1ro/.local/share/uv/python/cpython-3.11.14-linux-x86_64-gnu/share/terminfo/w/wy520-48
f	664	994:993	16948	/home/woa23c1ro/.local/share/uv/python/cpython-3.11.14-linux-x86_64-gnu/lib/python3.11/site-packages/setuptools/command/bdist_egg.py
f	664	994:993	1695	/home/woa23c1ro/.local/share/uv/python/cpython-3.11.14-linux-x86_64-gnu/share/terminfo/a/att610-103k-w
f	664	994:993	1695	/home/woa23c1ro/.local/share/uv/python/cpython-3.11.14-linux-x86_64-gnu/share/terminfo/a/att615-103k-w
f	664	994:993	1695	/home/woa23c1ro/.local/share/uv/python/cpython-3.11.14-linux-x86_64-gnu/share/terminfo/t/teraterm4.97
f	664	994:993	1697	/home/woa23c1ro/.local/share/uv/python/cpython-3.11.14-linux-x86_64-gnu/lib/python3.11/lib2to3/fixes/fix_set_literal.py
f	664	994:993	1697	/home/woa23c1ro/.local/share/uv/python/cpython-3.11.14-linux-x86_64-gnu/share/terminfo/a/att610-103k
f	664	994:993	1697	/home/woa23c1ro/.local/share/uv/python/cpython-3.11.14-linux-x86_64-gnu/share/terminfo/a/att615-103k
f	664	994:993	16979	/home/woa23c1ro/.local/share/uv/python/cpython-3.11.14-linux-x86_64-gnu/include/python3.11/internal/pycore_atomic.h
f	664	994:993	1698	/home/woa23c1ro/.local/share/uv/python/cpython-3.11.14-linux-x86_64-gnu/share/terminfo/w/wy75-wvb
f	664	994:993	170	/home/woa23c1ro/.local/share/uv/python/cpython-3.11.14-linux-x86_64-gnu/share/terminfo/c/cad68-3
f	664	994:993	1700	/home/woa23c1ro/.local/share/uv/python/cpython-3.11.14-linux-x86_64-gnu/share/terminfo/s/screen.teraterm
f	664	994:993	1700	/home/woa23c1ro/.local/share/uv/python/cpython-3.11.14-linux-x86_64-gnu/share/terminfo/w/wy185-24
f	664	994:993	1706	/home/woa23c1ro/.local/share/uv/python/cpython-3.11.14-linux-x86_64-gnu/share/terminfo/a/att620-103k
f	664	994:993	1706	/home/woa23c1ro/.local/share/uv/python/cpython-3.11.14-linux-x86_64-gnu/share/terminfo/w/wy75-mc
f	664	994:993	1708	/home/woa23c1ro/.local/share/uv/python/cpython-3.11.14-linux-x86_64-gnu/share/terminfo/l/linux-c-nc
f	664	994:993	17081	/home/woa23c1ro/.local/share/uv/python/cpython-3.11.14-linux-x86_64-gnu/lib/python3.11/site-packages/pip/_vendor/urllib3/contrib/pyopenssl.py
f	664	994:993	1709	/home/woa23c1ro/.local/share/uv/python/cpython-3.11.14-linux-x86_64-gnu/lib/python3.11/site-packages/pip/_vendor/dependency_groups/__main__.py
f	664	994:993	1709	/home/woa23c1ro/.local/share/uv/python/cpython-3.11.14-linux-x86_64-gnu/lib/python3.11/venv/scripts/common/activate
f	664	994:993	1709	/home/woa23c1ro/.local/share/uv/python/cpython-3.11.14-linux-x86_64-gnu/share/terminfo/s/screen.putty-m2
f	664	994:993	1710	/home/woa23c1ro/.local/share/uv/python/cpython-3.11.14-linux-x86_64-gnu/lib/python3.11/site-packages/pip/_vendor/dependency_groups/_lint_dependency_groups.py
f	664	994:993	1710	/home/woa23c1ro/.local/share/uv/python/cpython-3.11.14-linux-x86_64-gnu/lib/tk8.6/demos/fontchoose.tcl
f	664	994:993	1710	/home/woa23c1ro/.local/share/uv/python/cpython-3.11.14-linux-x86_64-gnu/share/terminfo/a/att620-103k-w
f	664	994:993	1710	/home/woa23c1ro/.local/share/uv/python/cpython-3.11.14-linux-x86_64-gnu/share/terminfo/n/nsterm-c-s
f	664	994:993	1710	/home/woa23c1ro/.local/share/uv/python/cpython-3.11.14-linux-x86_64-gnu/share/terminfo/w/wy185
f	664	994:993	1710	/home/woa23c1ro/.local/share/uv/python/cpython-3.11.14-linux-x86_64-gnu/share/terminfo/w/wy520-48w
f	664	994:993	1711	/home/woa23c1ro/.local/share/uv/python/cpython-3.11.14-linux-x86_64-gnu/share/terminfo/v/vt420
f	664	994:993	1711	/home/woa23c1ro/.local/share/uv/python/cpython-3.11.14-linux-x86_64-gnu/share/terminfo/v/vt510
f	664	994:993	17111	/home/woa23c1ro/.local/share/uv/python/cpython-3.11.14-linux-x86_64-gnu/lib/python3.11/site-packages/pkg_resources/tests/test_pkg_resources.py
f	664	994:993	17118	/home/woa23c1ro/.local/share/uv/python/cpython-3.11.14-linux-x86_64-gnu/lib/python3.11/email/charset.py
f	664	994:993	1713	/home/woa23c1ro/.local/share/uv/python/cpython-3.11.14-linux-x86_64-gnu/share/terminfo/a/ansi-color-3-emx
f	664	994:993	1714	/home/woa23c1ro/.local/share/uv/python/cpython-3.11.14-linux-x86_64-gnu/share/terminfo/w/wy520-36w
f	664	994:993	1714	/home/woa23c1ro/.local/share/uv/python/cpython-3.11.14-linux-x86_64-gnu/share/terminfo/w/wy520-w
f	664	994:993	1715	/home/woa23c1ro/.local/share/uv/python/cpython-3.11.14-linux-x86_64-gnu/share/terminfo/d/dvtm
f	664	994:993	1716	/home/woa23c1ro/.local/share/uv/python/cpython-3.11.14-linux-x86_64-gnu/include/python3.11/internal/pycore_unicodeobject.h
f	664	994:993	1716	/home/woa23c1ro/.local/share/uv/python/cpython-3.11.14-linux-x86_64-gnu/share/terminfo/a/ansi-color-2-emx
f	664	994:993	1716	/home/woa23c1ro/.local/share/uv/python/cpython-3.11.14-linux-x86_64-gnu/share/terminfo/a/att700
f	664	994:993	1717	/home/woa23c1ro/.local/share/uv/python/cpython-3.11.14-linux-x86_64-gnu/lib/python3.11/wsgiref/types.py
f	664	994:993	1718	/home/woa23c1ro/.local/share/uv/python/cpython-3.11.14-linux-x86_64-gnu/lib/python3.11/site-packages/pip/_vendor/pygments/console.py
f	664	994:993	1718	/home/woa23c1ro/.local/share/uv/python/cpython-3.11.14-linux-x86_64-gnu/share/terminfo/a/ansi-emx
f	664	994:993	1719	/home/woa23c1ro/.local/share/uv/python/cpython-3.11.14-linux-x86_64-gnu/share/terminfo/t/teken-16color
f	664	994:993	17190	/home/woa23c1ro/.local/share/uv/python/cpython-3.11.14-linux-x86_64-gnu/lib/python3.11/distutils/command/build_py.py
f	664	994:993	17199	/home/woa23c1ro/.local/share/uv/python/cpython-3.11.14-linux-x86_64-gnu/lib/python3.11/posixpath.py
f	664	994:993	172	/home/woa23c1ro/.local/share/uv/python/cpython-3.11.14-linux-x86_64-gnu/share/terminfo/a/adm+sgr
f	664	994:993	1720	/home/woa23c1ro/.local/share/uv/python/cpython-3.11.14-linux-x86_64-gnu/share/terminfo/s/screen.minitel1b-nb
f	664	994:993	1720	/home/woa23c1ro/.local/share/uv/python/cpython-3.11.14-linux-x86_64-gnu/share/terminfo/w/wy185-vb
f	664	994:993	1722	/home/woa23c1ro/.local/share/uv/python/cpython-3.11.14-linux-x86_64-gnu/share/terminfo/n/nsterm-c-s-acs
f	664	994:993	17222	/home/woa23c1ro/.local/share/uv/python/cpython-3.11.14-linux-x86_64-gnu/lib/python3.11/email/utils.py
f	664	994:993	1724	/home/woa23c1ro/.local/share/uv/python/cpython-3.11.14-linux-x86_64-gnu/share/terminfo/l/linux2.6
f	664	994:993	1725	/home/woa23c1ro/.local/share/uv/python/cpython-3.11.14-linux-x86_64-gnu/include/python3.11/pycapsule.h
f	664	994:993	1728	/home/woa23c1ro/.local/share/uv/python/cpython-3.11.14-linux-x86_64-gnu/share/terminfo/l/linux2.6.26
f	664	994:993	172803	/home/woa23c1ro/.local/share/uv/python/cpython-3.11.14-linux-x86_64-gnu/lib/python3.11/tkinter/__init__.py
f	664	994:993	1729	/home/woa23c1ro/.local/share/uv/python/cpython-3.11.14-linux-x86_64-gnu/share/terminfo/d/d430c-unix-ccc
f	664	994:993	1730	/home/woa23c1ro/.local/share/uv/python/cpython-3.11.14-linux-x86_64-gnu/share/terminfo/d/d430c-unix
f	664	994:993	1730	/home/woa23c1ro/.local/share/uv/python/cpython-3.11.14-linux-x86_64-gnu/share/terminfo/l/linux-m
f	664	994:993	1730	/home/woa23c1ro/.local/share/uv/python/cpython-3.11.14-linux-x86_64-gnu/share/terminfo/l/linux2.2
f	664	994:993	1732	/home/woa23c1ro/.local/share/uv/python/cpython-3.11.14-linux-x86_64-gnu/share/terminfo/w/wy185-wvb
f	664	994:993	1732	/home/woa23c1ro/.local/share/uv/python/cpython-3.11.14-linux-x86_64-gnu/share/terminfo/w/wy520-epc-24
f	664	994:993	1734	/home/woa23c1ro/.local/share/uv/python/cpython-3.11.14-linux-x86_64-gnu/share/terminfo/w/wy185-w
f	664	994:993	1734	/home/woa23c1ro/.local/share/uv/python/cpython-3.11.14-linux-x86_64-gnu/share/terminfo/w/wy520-36pc
f	664	994:993	1734	/home/woa23c1ro/.local/share/uv/python/cpython-3.11.14-linux-x86_64-gnu/share/terminfo/w/wy520-48pc
f	664	994:993	1736	/home/woa23c1ro/.local/share/uv/python/cpython-3.11.14-linux-x86_64-gnu/share/terminfo/s/screen.minitel1b
f	664	994:993	1736	/home/woa23c1ro/.local/share/uv/python/cpython-3.11.14-linux-x86_64-gnu/share/terminfo/w/wy520-vb
f	664	994:993	17365	/home/woa23c1ro/.local/share/uv/python/cpython-3.11.14-linux-x86_64-gnu/lib/tk8.6/ttk/entry.tcl
f	664	994:993	1737	/home/woa23c1ro/.local/share/uv/python/cpython-3.11.14-linux-x86_64-gnu/lib/python3.11/site-packages/pip/_vendor/cachecontrol/_cmd.py
f	664	994:993	1737	/home/woa23c1ro/.local/share/uv/python/cpython-3.11.14-linux-x86_64-gnu/share/terminfo/s/screen.putty-m1b
f	664	994:993	1738	/home/woa23c1ro/.local/share/uv/python/cpython-3.11.14-linux-x86_64-gnu/lib/tcl8.6/msgs/hi.msg
f	664	994:993	1738	/home/woa23c1ro/.local/share/uv/python/cpython-3.11.14-linux-x86_64-gnu/share/terminfo/w/wy520-epc
f	664	994:993	174	/home/woa23c1ro/.local/share/uv/python/cpython-3.11.14-linux-x86_64-gnu/lib/python3.11/site-packages/setuptools/tests/indexes/test_links_priority/simple/foobar/index.html
f	664	994:993	1740	/home/woa23c1ro/.local/share/uv/python/cpython-3.11.14-linux-x86_64-gnu/share/terminfo/l/linux
f	664	994:993	1742	/home/woa23c1ro/.local/share/uv/python/cpython-3.11.14-linux-x86_64-gnu/lib/python3.11/site-packages/setuptools/_distutils/tests/test_build.py
f	664	994:993	1745	/home/woa23c1ro/.local/share/uv/python/cpython-3.11.14-linux-x86_64-gnu/share/terminfo/v/vt520
f	664	994:993	1745	/home/woa23c1ro/.local/share/uv/python/cpython-3.11.14-linux-x86_64-gnu/share/terminfo/v/vt525
f	664	994:993	1746	/home/woa23c1ro/.local/share/uv/python/cpython-3.11.14-linux-x86_64-gnu/share/terminfo/l/linux3.0
f	664	994:993	17460	/home/woa23c1ro/.local/share/uv/python/cpython-3.11.14-linux-x86_64-gnu/lib/python3.11/site-packages/pip/_vendor/urllib3/util/ssl_.py
f	664	994:993	1747	/home/woa23c1ro/.local/share/uv/python/cpython-3.11.14-linux-x86_64-gnu/share/terminfo/s/screen-256color
f	664	994:993	1748	/home/woa23c1ro/.local/share/uv/python/cpython-3.11.14-linux-x86_64-gnu/share/terminfo/d/d430c-unix-w
f	664	994:993	1748	/home/woa23c1ro/.local/share/uv/python/cpython-3.11.14-linux-x86_64-gnu/share/terminfo/w/wy520-wvb
f	664	994:993	1749	/home/woa23c1ro/.local/share/uv/python/cpython-3.11.14-linux-x86_64-gnu/share/terminfo/d/d430c-unix-25-ccc
f	664	994:993	1749	/home/woa23c1ro/.local/share/uv/python/cpython-3.11.14-linux-x86_64-gnu/share/terminfo/d/d430c-unix-w-ccc
f	664	994:993	1750	/home/woa23c1ro/.local/share/uv/python/cpython-3.11.14-linux-x86_64-gnu/share/terminfo/d/d430c-unix-25
f	664	994:993	1752	/home/woa23c1ro/.local/share/uv/python/cpython-3.11.14-linux-x86_64-gnu/lib/python3.11/asyncio/exceptions.py
f	664	994:993	1752	/home/woa23c1ro/.local/share/uv/python/cpython-3.11.14-linux-x86_64-gnu/lib/python3.11/config-3.11-x86_64-linux-gnu/config.c.in
f	664	994:993	1752	/home/woa23c1ro/.local/share/uv/python/cpython-3.11.14-linux-x86_64-gnu/share/terminfo/w/wy520-36wpc
f	664	994:993	1752	/home/woa23c1ro/.local/share/uv/python/cpython-3.11.14-linux-x86_64-gnu/share/terminfo/w/wy520-48wpc
f	664	994:993	1754	/home/woa23c1ro/.local/share/uv/python/cpython-3.11.14-linux-x86_64-gnu/share/terminfo/f/fbterm
f	664	994:993	1754	/home/woa23c1ro/.local/share/uv/python/cpython-3.11.14-linux-x86_64-gnu/share/terminfo/s/screen-bce.linux
f	664	994:993	1754	/home/woa23c1ro/.local/share/uv/python/cpython-3.11.14-linux-x86_64-gnu/share/terminfo/s/screen.linux
f	664	994:993	1756	/home/woa23c1ro/.local/share/uv/python/cpython-3.11.14-linux-x86_64-gnu/share/terminfo/w/wy75ap
f	664	994:993	1758	/home/woa23c1ro/.local/share/uv/python/cpython-3.11.14-linux-x86_64-gnu/share/terminfo/s/screen.minitel1b-80
f	664	994:993	1759	/home/woa23c1ro/.local/share/uv/python/cpython-3.11.14-linux-x86_64-gnu/share/terminfo/s/screen-256color-bce
f	664	994:993	176	/home/woa23c1ro/.local/share/uv/python/cpython-3.11.14-linux-x86_64-gnu/share/terminfo/x/xterm+tmux
f	664	994:993	1760	/home/woa23c1ro/.local/share/uv/python/cpython-3.11.14-linux-x86_64-gnu/share/terminfo/w/wy520-epc-w
f	664	994:993	17632	/home/woa23c1ro/.local/share/uv/python/cpython-3.11.14-linux-x86_64-gnu/lib/python3.11/site-packages/pip/_vendor/urllib3/contrib/_securetransport/bindings.py
f	664	994:993	1764	/home/woa23c1ro/.local/share/uv/python/cpython-3.11.14-linux-x86_64-gnu/lib/python3.11/email/__init__.py
f	664	994:993	1765	/home/woa23c1ro/.local/share/uv/python/cpython-3.11.14-linux-x86_64-gnu/share/terminfo/s/screen.putty-m1
f	664	994:993	1767	/home/woa23c1ro/.local/share/uv/python/cpython-3.11.14-linux-x86_64-gnu/share/terminfo/l/linux-m1b
f	664	994:993	1768	/home/woa23c1ro/.local/share/uv/python/cpython-3.11.14-linux-x86_64-gnu/lib/python3.11/site-packages/pip/_vendor/resolvelib/resolvers/criterion.py
f	664	994:993	1768	/home/woa23c1ro/.local/share/uv/python/cpython-3.11.14-linux-x86_64-gnu/lib/python3.11/site-packages/pip/_vendor/resolvelib/resolvers/exceptions.py
f	664	994:993	1768	/home/woa23c1ro/.local/share/uv/python/cpython-3.11.14-linux-x86_64-gnu/share/terminfo/l/linux-koi8
f	664	994:993	1769	/home/woa23c1ro/.local/share/uv/python/cpython-3.11.14-linux-x86_64-gnu/include/python3.11/cpython/listobject.h
f	664	994:993	177	/home/woa23c1ro/.local/share/uv/python/cpython-3.11.14-linux-x86_64-gnu/lib/python3.11/idlelib/idle.bat
f	664	994:993	1772	/home/woa23c1ro/.local/share/uv/python/cpython-3.11.14-linux-x86_64-gnu/share/terminfo/l/linux-nic
f	664	994:993	1774	/home/woa23c1ro/.local/share/uv/python/cpython-3.11.14-linux-x86_64-gnu/lib/python3.11/lib2to3/fixes/fix_types.py
f	664	994:993	1774	/home/woa23c1ro/.local/share/uv/python/cpython-3.11.14-linux-x86_64-gnu/share/terminfo/l/linux-koi8r
f	664	994:993	1775	/home/woa23c1ro/.local/share/uv/python/cpython-3.11.14-linux-x86_64-gnu/share/terminfo/s/screen-256color-s
f	664	994:993	17777	/home/woa23c1ro/.local/share/uv/python/cpython-3.11.14-linux-x86_64-gnu/lib/tk8.6/fontchooser.tcl
f	664	994:993	1778	/home/woa23c1ro/.local/share/uv/python/cpython-3.11.14-linux-x86_64-gnu/lib/python3.11/email/encoders.py
f	664	994:993	17784	/home/woa23c1ro/.local/share/uv/python/cpython-3.11.14-linux-x86_64-gnu/lib/python3.11/distutils/fancy_getopt.py
f	664	994:993	1779	/home/woa23c1ro/.local/share/uv/python/cpython-3.11.14-linux-x86_64-gnu/share/terminfo/h/hp2397a
f	664	994:993	1780	/home/woa23c1ro/.local/share/uv/python/cpython-3.11.14-linux-x86_64-gnu/include/python3.11/errcode.h
f	664	994:993	1780	/home/woa23c1ro/.local/share/uv/python/cpython-3.11.14-linux-x86_64-gnu/include/python3.11/listobject.h
f	664	994:993	1780	/home/woa23c1ro/.local/share/uv/python/cpython-3.11.14-linux-x86_64-gnu/share/terminfo/w/wy520-epc-vb
f	664	994:993	1782	/home/woa23c1ro/.local/share/uv/python/cpython-3.11.14-linux-x86_64-gnu/share/terminfo/l/linux-lat
f	664	994:993	17821	/home/woa23c1ro/.local/share/uv/python/cpython-3.11.14-linux-x86_64-gnu/lib/python3.11/email/_parseaddr.py
f	664	994:993	1784	/home/woa23c1ro/.local/share/uv/python/cpython-3.11.14-linux-x86_64-gnu/share/terminfo/i/ibm5154
f	664	994:993	1787	/home/woa23c1ro/.local/share/uv/python/cpython-3.11.14-linux-x86_64-gnu/share/terminfo/h/hpterm-color2
f	664	994:993	1789	/home/woa23c1ro/.local/share/uv/python/cpython-3.11.14-linux-x86_64-gnu/share/terminfo/h/hft-c-old
f	664	994:993	1789	/home/woa23c1ro/.local/share/uv/python/cpython-3.11.14-linux-x86_64-gnu/share/terminfo/s/screen-256color-bce-s
f	664	994:993	17895	/home/woa23c1ro/.local/share/uv/python/cpython-3.11.14-linux-x86_64-gnu/lib/python3.11/site-packages/setuptools/_distutils/fancy_getopt.py
f	664	994:993	17902	/home/woa23c1ro/.local/share/uv/python/cpython-3.11.14-linux-x86_64-gnu/lib/python3.11/ctypes/__init__.py
f	664	994:993	1792	/home/woa23c1ro/.local/share/uv/python/cpython-3.11.14-linux-x86_64-gnu/share/terminfo/w/wy520-epc-wvb
f	664	994:993	1793	/home/woa23c1ro/.local/share/uv/python/cpython-3.11.14-linux-x86_64-gnu/share/terminfo/l/linux-m1
f	664	994:993	1796	/home/woa23c1ro/.local/share/uv/python/cpython-3.11.14-linux-x86_64-gnu/share/terminfo/n/nsterm-build309
f	664	994:993	17993	/home/woa23c1ro/.local/share/uv/python/cpython-3.11.14-linux-x86_64-gnu/lib/python3.11/site-packages/pip/_vendor/truststore/_windows.py
f	664	994:993	18	/home/woa23c1ro/.local/share/uv/python/cpython-3.11.14-linux-x86_64-gnu/lib/python3.11/site-packages/setuptools/tests/script-with-bom.py
f	664	994:993	180	/home/woa23c1ro/.local/share/uv/python/cpython-3.11.14-linux-x86_64-gnu/share/terminfo/a/ansi+idc1
f	664	994:993	180	/home/woa23c1ro/.local/share/uv/python/cpython-3.11.14-linux-x86_64-gnu/share/terminfo/g/guru+rv
f	664	994:993	1800	/home/woa23c1ro/.local/share/uv/python/cpython-3.11.14-linux-x86_64-gnu/share/terminfo/h/hft-c
f	664	994:993	1800	/home/woa23c1ro/.local/share/uv/python/cpython-3.11.14-linux-x86_64-gnu/share/terminfo/n/ncr160vt200wan
f	664	994:993	1800	/home/woa23c1ro/.local/share/uv/python/cpython-3.11.14-linux-x86_64-gnu/share/terminfo/n/ncr260vt200wan
f	664	994:993	1801	/home/woa23c1ro/.local/share/uv/python/cpython-3.11.14-linux-x86_64-gnu/lib/python3.11/site-packages/setuptools/_vendor/importlib_metadata/_meta.py
f	664	994:993	1802	/home/woa23c1ro/.local/share/uv/python/cpython-3.11.14-linux-x86_64-gnu/share/terminfo/h/hp98550-color
f	664	994:993	1802	/home/woa23c1ro/.local/share/uv/python/cpython-3.11.14-linux-x86_64-gnu/share/terminfo/n/ncr160vt200an
f	664	994:993	1802	/home/woa23c1ro/.local/share/uv/python/cpython-3.11.14-linux-x86_64-gnu/share/terminfo/n/ncr260vt200an
f	664	994:993	1802	/home/woa23c1ro/.local/share/uv/python/cpython-3.11.14-linux-x86_64-gnu/share/terminfo/t/terminator
f	664	994:993	1803	/home/woa23c1ro/.local/share/uv/python/cpython-3.11.14-linux-x86_64-gnu/share/terminfo/d/d430c-unix-sr-ccc
f	664	994:993	1804	/home/woa23c1ro/.local/share/uv/python/cpython-3.11.14-linux-x86_64-gnu/lib/python3.11/turtledemo/round_dance.py
f	664	994:993	1804	/home/woa23c1ro/.local/share/uv/python/cpython-3.11.14-linux-x86_64-gnu/share/terminfo/d/d430c-unix-sr
f	664	994:993	18047	/home/woa23c1ro/.local/share/uv/python/cpython-3.11.14-linux-x86_64-gnu/lib/python3.11/tracemalloc.py
f	664	994:993	1806	/home/woa23c1ro/.local/share/uv/python/cpython-3.11.14-linux-x86_64-gnu/share/terminfo/i/ibm5081
f	664	994:993	1807	/home/woa23c1ro/.local/share/uv/python/cpython-3.11.14-linux-x86_64-gnu/lib/tcl8.6/msgs/mr.msg
f	664	994:993	18079	/home/woa23c1ro/.local/share/uv/python/cpython-3.11.14-linux-x86_64-gnu/lib/python3.11/distutils/cmd.py
f	664	994:993	1808	/home/woa23c1ro/.local/share/uv/python/cpython-3.11.14-linux-x86_64-gnu/share/terminfo/i/ibm6154
f	664	994:993	1809	/home/woa23c1ro/.local/share/uv/python/cpython-3.11.14-linux-x86_64-gnu/lib/python3.11/site-packages/pkg_resources/tests/data/my-test-package-zip/my-test-package.zip
f	664	994:993	1809	/home/woa23c1ro/.local/share/uv/python/cpython-3.11.14-linux-x86_64-gnu/share/terminfo/d/d430c-unix-s-ccc
f	664	994:993	18094	/home/woa23c1ro/.local/share/uv/python/cpython-3.11.14-linux-x86_64-gnu/lib/python3.11/site-packages/setuptools/_distutils/util.py
f	664	994:993	181	/home/woa23c1ro/.local/share/uv/python/cpython-3.11.14-linux-x86_64-gnu/share/terminfo/n/northstar
f	664	994:993	1810	/home/woa23c1ro/.local/share/uv/python/cpython-3.11.14-linux-x86_64-gnu/share/terminfo/d/d430c-unix-s
f	664	994:993	1811	/home/woa23c1ro/.local/share/uv/python/cpython-3.11.14-linux-x86_64-gnu/share/terminfo/j/jaixterm
f	664	994:993	1812	/home/woa23c1ro/.local/share/uv/python/cpython-3.11.14-linux-x86_64-gnu/lib/tcl8.6/msgs/ar_jo.msg
f	664	994:993	1812	/home/woa23c1ro/.local/share/uv/python/cpython-3.11.14-linux-x86_64-gnu/lib/tcl8.6/msgs/ar_lb.msg
f	664	994:993	1812	/home/woa23c1ro/.local/share/uv/python/cpython-3.11.14-linux-x86_64-gnu/lib/tcl8.6/msgs/ar_sy.msg
f	664	994:993	1814	/home/woa23c1ro/.local/share/uv/python/cpython-3.11.14-linux-x86_64-gnu/share/terminfo/n/ncr160vt300wan
f	664	994:993	1814	/home/woa23c1ro/.local/share/uv/python/cpython-3.11.14-linux-x86_64-gnu/share/terminfo/n/ncr260vt200pp
f	664	994:993	1814	/home/woa23c1ro/.local/share/uv/python/cpython-3.11.14-linux-x86_64-gnu/share/terminfo/n/ncr260vt300wan
f	664	994:993	1816	/home/woa23c1ro/.local/share/uv/python/cpython-3.11.14-linux-x86_64-gnu/lib/python3.11/tkinter/scrolledtext.py
f	664	994:993	1816	/home/woa23c1ro/.local/share/uv/python/cpython-3.11.14-linux-x86_64-gnu/share/terminfo/n/ncr160vt200pp
f	664	994:993	1816	/home/woa23c1ro/.local/share/uv/python/cpython-3.11.14-linux-x86_64-gnu/share/terminfo/n/ncr160vt300an
f	664	994:993	1816	/home/woa23c1ro/.local/share/uv/python/cpython-3.11.14-linux-x86_64-gnu/share/terminfo/n/ncr260vt300an
f	664	994:993	1818	/home/woa23c1ro/.local/share/uv/python/cpython-3.11.14-linux-x86_64-gnu/share/terminfo/l/linux-16color
f	664	994:993	1819	/home/woa23c1ro/.local/share/uv/python/cpython-3.11.14-linux-x86_64-gnu/lib/tcl8.6/msgs/bg.msg
f	664	994:993	182	/home/woa23c1ro/.local/share/uv/python/cpython-3.11.14-linux-x86_64-gnu/share/terminfo/x/xterm+alt+title
f	664	994:993	1820	/home/woa23c1ro/.local/share/uv/python/cpython-3.11.14-linux-x86_64-gnu/lib/tk8.6/demos/spin.tcl
f	664	994:993	1821	/home/woa23c1ro/.local/share/uv/python/cpython-3.11.14-linux-x86_64-gnu/share/terminfo/d/d430c-dg-ccc
f	664	994:993	1821	/home/woa23c1ro/.local/share/uv/python/cpython-3.11.14-linux-x86_64-gnu/share/terminfo/s/scoansi-new
f	664	994:993	18211	/home/woa23c1ro/.local/share/uv/python/cpython-3.11.14-linux-x86_64-gnu/lib/python3.11/site-packages/pip/_vendor/rich/color.py
f	664	994:993	1822	/home/woa23c1ro/.local/share/uv/python/cpython-3.11.14-linux-x86_64-gnu/lib/python3.11/site-packages/pip/_vendor/requests/compat.py
f	664	994:993	1822	/home/woa23c1ro/.local/share/uv/python/cpython-3.11.14-linux-x86_64-gnu/share/terminfo/n/ncr160vt200wpp
f	664	994:993	1822	/home/woa23c1ro/.local/share/uv/python/cpython-3.11.14-linux-x86_64-gnu/share/terminfo/n/ncr260vt200wpp
f	664	994:993	18243	/home/woa23c1ro/.local/share/uv/python/cpython-3.11.14-linux-x86_64-gnu/lib/tk8.6/entry.tcl
f	664	994:993	1827	/home/woa23c1ro/.local/share/uv/python/cpython-3.11.14-linux-x86_64-gnu/lib/python3.11/site-packages/setuptools/tests/config/downloads/__init__.py
f	664	994:993	182784	/home/woa23c1ro/.local/share/uv/python/cpython-3.11.14-linux-x86_64-gnu/lib/python3.11/site-packages/pip/_vendor/distlib/t64-arm.exe
f	664	994:993	1828	/home/woa23c1ro/.local/share/uv/python/cpython-3.11.14-linux-x86_64-gnu/share/terminfo/n/ncr160vt300pp
f	664	994:993	1828	/home/woa23c1ro/.local/share/uv/python/cpython-3.11.14-linux-x86_64-gnu/share/terminfo/n/ncr260vt300pp
f	664	994:993	1828	/home/woa23c1ro/.local/share/uv/python/cpython-3.11.14-linux-x86_64-gnu/share/terminfo/w/winconsole
f	664	994:993	1828	/home/woa23c1ro/.local/share/uv/python/cpython-3.11.14-linux-x86_64-gnu/share/terminfo/x/xterm-basic
f	664	994:993	1829	/home/woa23c1ro/.local/share/uv/python/cpython-3.11.14-linux-x86_64-gnu/share/terminfo/i/ibm8514
f	664	994:993	1830	/home/woa23c1ro/.local/share/uv/python/cpython-3.11.14-linux-x86_64-gnu/lib/python3.11/site-packages/pip/_internal/distributions/base.py
f	664	994:993	1830	/home/woa23c1ro/.local/share/uv/python/cpython-3.11.14-linux-x86_64-gnu/lib/python3.11/site-packages/pip/_internal/network/xmlrpc.py
f	664	994:993	1830	/home/woa23c1ro/.local/share/uv/python/cpython-3.11.14-linux-x86_64-gnu/share/terminfo/i/ibm8503
f	664	994:993	18305	/home/woa23c1ro/.local/share/uv/python/cpython-3.11.14-linux-x86_64-gnu/include/python3.11/cpython/object.h
f	664	994:993	1831	/home/woa23c1ro/.local/share/uv/python/cpython-3.11.14-linux-x86_64-gnu/share/terminfo/a/ansi.sysk
f	664	994:993	18320	/home/woa23c1ro/.local/share/uv/python/cpython-3.11.14-linux-x86_64-gnu/lib/python3.11/site-packages/setuptools/config/pyprojecttoml.py
f	664	994:993	1833	/home/woa23c1ro/.local/share/uv/python/cpython-3.11.14-linux-x86_64-gnu/share/terminfo/m/minitel12-80
f	664	994:993	1835	/home/woa23c1ro/.local/share/uv/python/cpython-3.11.14-linux-x86_64-gnu/lib/tcl8.6/msgs/ta.msg
f	664	994:993	1836	/home/woa23c1ro/.local/share/uv/python/cpython-3.11.14-linux-x86_64-gnu/share/terminfo/n/ncr160vt300wpp
f	664	994:993	1837	/home/woa23c1ro/.local/share/uv/python/cpython-3.11.14-linux-x86_64-gnu/share/terminfo/p/putty-m1b
f	664	994:993	1842	/home/woa23c1ro/.local/share/uv/python/cpython-3.11.14-linux-x86_64-gnu/share/terminfo/v/vt420f
f	664	994:993	18458	/home/woa23c1ro/.local/share/uv/python/cpython-3.11.14-linux-x86_64-gnu/lib/python3.11/multiprocessing/shared_memory.py
f	664	994:993	18465	/home/woa23c1ro/.local/share/uv/python/cpython-3.11.14-linux-x86_64-gnu/lib/python3.11/site-packages/setuptools/command/build_ext.py
f	664	994:993	1847	/home/woa23c1ro/.local/share/uv/python/cpython-3.11.14-linux-x86_64-gnu/lib/tk8.6/demos/labelframe.tcl
f	664	994:993	18480	/home/woa23c1ro/.local/share/uv/python/cpython-3.11.14-linux-x86_64-gnu/lib/python3.11/sunau.py
f	664	994:993	1850	/home/woa23c1ro/.local/share/uv/python/cpython-3.11.14-linux-x86_64-gnu/share/terminfo/n/ncr260vt300wpp
f	664	994:993	1852	/home/woa23c1ro/.local/share/uv/python/cpython-3.11.14-linux-x86_64-gnu/lib/python3.11/importlib/_abc.py
f	664	994:993	1853	/home/woa23c1ro/.local/share/uv/python/cpython-3.11.14-linux-x86_64-gnu/share/terminfo/t/teraterm-256color
f	664	994:993	18562	/home/woa23c1ro/.local/share/uv/python/cpython-3.11.14-linux-x86_64-gnu/lib/python3.11/site-packages/setuptools/tests/test_manifest.py
f	664	994:993	1857	/home/woa23c1ro/.local/share/uv/python/cpython-3.11.14-linux-x86_64-gnu/share/terminfo/i/iTerm.app
f	664	994:993	18581	/home/woa23c1ro/.local/share/uv/python/cpython-3.11.14-linux-x86_64-gnu/lib/python3.11/site-packages/pip/_internal/req/constructors.py
f	664	994:993	18590	/home/woa23c1ro/.local/share/uv/python/cpython-3.11.14-linux-x86_64-gnu/lib/python3.11/site-packages/pip/_vendor/requests/cookies.py
f	664	994:993	18612	/home/woa23c1ro/.local/share/uv/python/cpython-3.11.14-linux-x86_64-gnu/lib/python3.11/site-packages/pip/_vendor/distlib/scripts.py
f	664	994:993	1862	/home/woa23c1ro/.local/share/uv/python/cpython-3.11.14-linux-x86_64-gnu/lib/python3.11/importlib/metadata/_adapters.py
f	664	994:993	1862	/home/woa23c1ro/.local/share/uv/python/cpython-3.11.14-linux-x86_64-gnu/share/terminfo/a/aixterm
f	664	994:993	1865	/home/woa23c1ro/.local/share/uv/python/cpython-3.11.14-linux-x86_64-gnu/lib/python3.11/site-packages/pip/_vendor/dependency_groups/_pip_wrapper.py
f	664	994:993	1865	/home/woa23c1ro/.local/share/uv/python/cpython-3.11.14-linux-x86_64-gnu/share/terminfo/a/att5310
f	664	994:993	18652	/home/woa23c1ro/.local/share/uv/python/cpython-3.11.14-linux-x86_64-gnu/lib/python3.11/idlelib/multicall.py
f	664	994:993	1868	/home/woa23c1ro/.local/share/uv/python/cpython-3.11.14-linux-x86_64-gnu/share/terminfo/n/nsterm-build326
f	664	994:993	1868	/home/woa23c1ro/.local/share/uv/python/cpython-3.11.14-linux-x86_64-gnu/share/terminfo/n/nsterm-build343
f	664	994:993	187	/home/woa23c1ro/.local/share/uv/python/cpython-3.11.14-linux-x86_64-gnu/lib/python3.11/site-packages/pkg_resources/tests/data/my-test-package_unpacked-egg/my_test_package-1.0-py3.7.egg/EGG-INFO/PKG-INFO
f	664	994:993	187	/home/woa23c1ro/.local/share/uv/python/cpython-3.11.14-linux-x86_64-gnu/share/terminfo/M/MtxOrb
f	664	994:993	18737	/home/woa23c1ro/.local/share/uv/python/cpython-3.11.14-linux-x86_64-gnu/lib/python3.11/site-packages/setuptools/config/_validate_pyproject/NOTICE
f	664	994:993	1875	/home/woa23c1ro/.local/share/uv/python/cpython-3.11.14-linux-x86_64-gnu/share/terminfo/d/dvtm-256color
f	664	994:993	18752	/home/woa23c1ro/.local/share/uv/python/cpython-3.11.14-linux-x86_64-gnu/lib/python3.11/site-packages/setuptools/tests/test_wheel.py
f	664	994:993	1876	/home/woa23c1ro/.local/share/uv/python/cpython-3.11.14-linux-x86_64-gnu/share/terminfo/n/nansi.sysk
f	664	994:993	1877	/home/woa23c1ro/.local/share/uv/python/cpython-3.11.14-linux-x86_64-gnu/share/terminfo/s/screen-16color
f	664	994:993	1879	/home/woa23c1ro/.local/share/uv/python/cpython-3.11.14-linux-x86_64-gnu/share/terminfo/n/nsterm-build361
f	664	994:993	18793	/home/woa23c1ro/.local/share/uv/python/cpython-3.11.14-linux-x86_64-gnu/lib/python3.11/site-packages/setuptools/_distutils/tests/test_dist.py
f	664	994:993	1880	/home/woa23c1ro/.local/share/uv/python/cpython-3.11.14-linux-x86_64-gnu/lib/tk8.6/demos/images/flagup.xbm
f	664	994:993	1882	/home/woa23c1ro/.local/share/uv/python/cpython-3.11.14-linux-x86_64-gnu/share/terminfo/a/att730
f	664	994:993	1883	/home/woa23c1ro/.local/share/uv/python/cpython-3.11.14-linux-x86_64-gnu/lib/tk8.6/demos/images/letters.xbm
f	664	994:993	1885	/home/woa23c1ro/.local/share/uv/python/cpython-3.11.14-linux-x86_64-gnu/share/terminfo/t/tek4205
f	664	994:993	1886	/home/woa23c1ro/.local/share/uv/python/cpython-3.11.14-linux-x86_64-gnu/lib/tk8.6/demos/images/flagdown.xbm
f	664	994:993	1889	/home/woa23c1ro/.local/share/uv/python/cpython-3.11.14-linux-x86_64-gnu/lib/tk8.6/demos/images/noletter.xbm
f	664	994:993	1889	/home/woa23c1ro/.local/share/uv/python/cpython-3.11.14-linux-x86_64-gnu/share/terminfo/a/aixterm-16color
f	664	994:993	1889	/home/woa23c1ro/.local/share/uv/python/cpython-3.11.14-linux-x86_64-gnu/share/terminfo/s/screen-16color-bce
f	664	994:993	1891	/home/woa23c1ro/.local/share/uv/python/cpython-3.11.14-linux-x86_64-gnu/lib/python3.11/site-packages/pip/_vendor/pygments/plugin.py
f	664	994:993	1892	/home/woa23c1ro/.local/share/uv/python/cpython-3.11.14-linux-x86_64-gnu/share/terminfo/a/att500
f	664	994:993	1895	/home/woa23c1ro/.local/share/uv/python/cpython-3.11.14-linux-x86_64-gnu/share/terminfo/p/putty-m1
f	664	994:993	18950	/home/woa23c1ro/.local/share/uv/python/cpython-3.11.14-linux-x86_64-gnu/lib/python3.11/site-packages/setuptools/_vendor/wheel/vendored/packaging/tags.py
f	664	994:993	1897	/home/woa23c1ro/.local/share/uv/python/cpython-3.11.14-linux-x86_64-gnu/share/terminfo/l/linux-m2
f	664	994:993	1898	/home/woa23c1ro/.local/share/uv/python/cpython-3.11.14-linux-x86_64-gnu/lib/python3.11/site-packages/pip/_vendor/idna/intranges.py
f	664	994:993	1898	/home/woa23c1ro/.local/share/uv/python/cpython-3.11.14-linux-x86_64-gnu/share/terminfo/a/att730-24
f	664	994:993	1898	/home/woa23c1ro/.local/share/uv/python/cpython-3.11.14-linux-x86_64-gnu/share/terminfo/a/att730-41
f	664	994:993	18986	/home/woa23c1ro/.local/share/uv/python/cpython-3.11.14-linux-x86_64-gnu/include/python3.11/internal/pycore_opcode.h
f	664	994:993	19	/home/woa23c1ro/.local/share/uv/python/cpython-3.11.14-linux-x86_64-gnu/lib/python3.11/site-packages/setuptools/_vendor/importlib_metadata-8.0.0.dist-info/top_level.txt
f	664	994:993	1900	/home/woa23c1ro/.local/share/uv/python/cpython-3.11.14-linux-x86_64-gnu/lib/python3.11/site-packages/setuptools/_distutils/compilers/C/tests/test_mingw.py
f	664	994:993	19005	/home/woa23c1ro/.local/share/uv/python/cpython-3.11.14-linux-x86_64-gnu/lib/python3.11/distutils/command/sdist.py
f	664	994:993	19014	/home/woa23c1ro/.local/share/uv/python/cpython-3.11.14-linux-x86_64-gnu/lib/python3.11/asyncio/locks.py
f	664	994:993	1903	/home/woa23c1ro/.local/share/uv/python/cpython-3.11.14-linux-x86_64-gnu/share/terminfo/a/att730r
f	664	994:993	1905	/home/woa23c1ro/.local/share/uv/python/cpython-3.11.14-linux-x86_64-gnu/share/terminfo/i/ibm8512
f	664	994:993	1907	/home/woa23c1ro/.local/share/uv/python/cpython-3.11.14-linux-x86_64-gnu/share/terminfo/s/screen-16color-s
f	664	994:993	1910	/home/woa23c1ro/.local/share/uv/python/cpython-3.11.14-linux-x86_64-gnu/lib/python3.11/site-packages/pip/_vendor/pygments/filter.py
f	664	994:993	19101	/home/woa23c1ro/.local/share/uv/python/cpython-3.11.14-linux-x86_64-gnu/lib/python3.11/site-packages/pip/_vendor/cachecontrol/controller.py
f	664	994:993	1912	/home/woa23c1ro/.local/share/uv/python/cpython-3.11.14-linux-x86_64-gnu/lib/python3.11/site-packages/setuptools/tests/config/setupcfg_examples.txt
f	664	994:993	19120	/home/woa23c1ro/.local/share/uv/python/cpython-3.11.14-linux-x86_64-gnu/lib/python3.11/site-packages/setuptools/config/_apply_pyprojecttoml.py
f	664	994:993	1913	/home/woa23c1ro/.local/share/uv/python/cpython-3.11.14-linux-x86_64-gnu/share/terminfo/a/att730r-24
f	664	994:993	1913	/home/woa23c1ro/.local/share/uv/python/cpython-3.11.14-linux-x86_64-gnu/share/terminfo/a/att730r-41
f	664	994:993	1913	/home/woa23c1ro/.local/share/uv/python/cpython-3.11.14-linux-x86_64-gnu/share/terminfo/s/screen.linux-m2
f	664	994:993	1913	/home/woa23c1ro/.local/share/uv/python/cpython-3.11.14-linux-x86_64-gnu/share/terminfo/x/xterm-8bit
f	664	994:993	19144	/home/woa23c1ro/.local/share/uv/python/cpython-3.11.14-linux-x86_64-gnu/lib/python3.11/site-packages/pip/_internal/vcs/git.py
f	664	994:993	19151	/home/woa23c1ro/.local/share/uv/python/cpython-3.11.14-linux-x86_64-gnu/lib/python3.11/site-packages/setuptools/_distutils/command/sdist.py
f	664	994:993	1917	/home/woa23c1ro/.local/share/uv/python/cpython-3.11.14-linux-x86_64-gnu/share/terminfo/m/minitel1b-nb
f	664	994:993	19188	/home/woa23c1ro/.local/share/uv/python/cpython-3.11.14-linux-x86_64-gnu/lib/python3.11/site-packages/pip/_internal/network/session.py
f	664	994:993	192	/home/woa23c1ro/.local/share/uv/python/cpython-3.11.14-linux-x86_64-gnu/lib/tcl8.6/encoding/iso2022-jp.enc
f	664	994:993	1921	/home/woa23c1ro/.local/share/uv/python/cpython-3.11.14-linux-x86_64-gnu/share/terminfo/s/screen-16color-bce-s
f	664	994:993	1921	/home/woa23c1ro/.local/share/uv/python/cpython-3.11.14-linux-x86_64-gnu/share/terminfo/w/wy370-nk
f	664	994:993	1925	/home/woa23c1ro/.local/share/uv/python/cpython-3.11.14-linux-x86_64-gnu/lib/python3.11/site-packages/pip/_vendor/rich/_windows.py
f	664	994:993	1926	/home/woa23c1ro/.local/share/uv/python/cpython-3.11.14-linux-x86_64-gnu/share/terminfo/v/vt520ansi
f	664	994:993	1927	/home/woa23c1ro/.local/share/uv/python/cpython-3.11.14-linux-x86_64-gnu/share/terminfo/m/ms-vt100-16color
f	664	994:993	1929	/home/woa23c1ro/.local/share/uv/python/cpython-3.11.14-linux-x86_64-gnu/share/terminfo/m/minitel1b-80
f	664	994:993	193	/home/woa23c1ro/.local/share/uv/python/cpython-3.11.14-linux-x86_64-gnu/share/terminfo/M/MtxOrb162
f	664	994:993	193	/home/woa23c1ro/.local/share/uv/python/cpython-3.11.14-linux-x86_64-gnu/share/terminfo/M/MtxOrb204
f	664	994:993	1930	/home/woa23c1ro/.local/share/uv/python/cpython-3.11.14-linux-x86_64-gnu/share/terminfo/m/minitel2-80
f	664	994:993	1938	/home/woa23c1ro/.local/share/uv/python/cpython-3.11.14-linux-x86_64-gnu/lib/tcl8.6/msgs/he.msg
f	664	994:993	1940	/home/woa23c1ro/.local/share/uv/python/cpython-3.11.14-linux-x86_64-gnu/share/terminfo/t/tt52
f	664	994:993	1941	/home/woa23c1ro/.local/share/uv/python/cpython-3.11.14-linux-x86_64-gnu/share/terminfo/s/screen.linux-m1b
f	664	994:993	1952	/home/woa23c1ro/.local/share/uv/python/cpython-3.11.14-linux-x86_64-gnu/share/terminfo/n/nsterm-16color
f	664	994:993	1953	/home/woa23c1ro/.local/share/uv/python/cpython-3.11.14-linux-x86_64-gnu/lib/python3.11/site-packages/pip/_vendor/cachecontrol/cache.py
f	664	994:993	1955	/home/woa23c1ro/.local/share/uv/python/cpython-3.11.14-linux-x86_64-gnu/share/terminfo/p/putty-m2
f	664	994:993	1956	/home/woa23c1ro/.local/share/uv/python/cpython-3.11.14-linux-x86_64-gnu/share/terminfo/l/linux-s
f	664	994:993	1957	/home/woa23c1ro/.local/share/uv/python/cpython-3.11.14-linux-x86_64-gnu/lib/python3.11/site-packages/setuptools/tests/test_bdist_egg.py
f	664	994:993	1957	/home/woa23c1ro/.local/share/uv/python/cpython-3.11.14-linux-x86_64-gnu/lib/tcl8.6/msgs/fa_in.msg
f	664	994:993	1958	/home/woa23c1ro/.local/share/uv/python/cpython-3.11.14-linux-x86_64-gnu/lib/tcl8.6/msgs/kok.msg
f	664	994:993	1959	/home/woa23c1ro/.local/share/uv/python/cpython-3.11.14-linux-x86_64-gnu/include/python3.11/cpython/context.h
f	664	994:993	1963	/home/woa23c1ro/.local/share/uv/python/cpython-3.11.14-linux-x86_64-gnu/lib/tk8.6/demos/combo.tcl
f	664	994:993	1964	/home/woa23c1ro/.local/share/uv/python/cpython-3.11.14-linux-x86_64-gnu/lib/python3.11/site-packages/setuptools/_distutils/compat/py39.py
f	664	994:993	1964	/home/woa23c1ro/.local/share/uv/python/cpython-3.11.14-linux-x86_64-gnu/lib/tcl8.6/msgs/ar.msg
f	664	994:993	1966	/home/woa23c1ro/.local/share/uv/python/cpython-3.11.14-linux-x86_64-gnu/share/terminfo/s/st52-color
f	664	994:993	196623	/home/woa23c1ro/.local/share/uv/python/cpython-3.11.14-linux-x86_64-gnu/lib/tk8.6/demos/images/teapot.ppm
f	664	994:993	19671	/home/woa23c1ro/.local/share/uv/python/cpython-3.11.14-linux-x86_64-gnu/lib/python3.11/selectors.py
f	664	994:993	1969	/home/woa23c1ro/.local/share/uv/python/cpython-3.11.14-linux-x86_64-gnu/lib/python3.11/distutils/log.py
f	664	994:993	197	/home/woa23c1ro/.local/share/uv/python/cpython-3.11.14-linux-x86_64-gnu/lib/python3.11/site-packages/pip-25.3.dist-info/licenses/src/pip/_vendor/packaging/LICENSE
f	664	994:993	197	/home/woa23c1ro/.local/share/uv/python/cpython-3.11.14-linux-x86_64-gnu/lib/python3.11/site-packages/pip/_vendor/packaging/LICENSE
f	664	994:993	197	/home/woa23c1ro/.local/share/uv/python/cpython-3.11.14-linux-x86_64-gnu/lib/python3.11/site-packages/setuptools/_vendor/packaging-24.2.dist-info/LICENSE
f	664	994:993	197	/home/woa23c1ro/.local/share/uv/python/cpython-3.11.14-linux-x86_64-gnu/lib/python3.11/site-packages/setuptools/_vendor/wheel/vendored/packaging/LICENSE
f	664	994:993	1970	/home/woa23c1ro/.local/share/uv/python/cpython-3.11.14-linux-x86_64-gnu/share/terminfo/n/nsterm-bce
f	664	994:993	1971	/home/woa23c1ro/.local/share/uv/python/cpython-3.11.14-linux-x86_64-gnu/share/terminfo/s/screen.linux-m1
f	664	994:993	19718	/home/woa23c1ro/.local/share/uv/python/cpython-3.11.14-linux-x86_64-gnu/lib/python3.11/textwrap.py
f	664	994:993	1972	/home/woa23c1ro/.local/share/uv/python/cpython-3.11.14-linux-x86_64-gnu/lib/python3.11/site-packages/pkg_resources/tests/test_find_distributions.py
f	664	994:993	19728	/home/woa23c1ro/.local/share/uv/python/cpython-3.11.14-linux-x86_64-gnu/lib/python3.11/site-packages/setuptools/_distutils/sysconfig.py
f	664	994:993	1974	/home/woa23c1ro/.local/share/uv/python/cpython-3.11.14-linux-x86_64-gnu/share/terminfo/n/nsterm-build440
f	664	994:993	1976	/home/woa23c1ro/.local/share/uv/python/cpython-3.11.14-linux-x86_64-gnu/share/terminfo/n/nsterm-build400
f	664	994:993	1977	/home/woa23c1ro/.local/share/uv/python/cpython-3.11.14-linux-x86_64-gnu/share/terminfo/m/minitel1b
f	664	994:993	1977	/home/woa23c1ro/.local/share/uv/python/cpython-3.11.14-linux-x86_64-gnu/share/terminfo/q/qansi-g
f	664	994:993	1979	/home/woa23c1ro/.local/share/uv/python/cpython-3.11.14-linux-x86_64-gnu/include/python3.11/pymath.h
f	664	994:993	1980	/home/woa23c1ro/.local/share/uv/python/cpython-3.11.14-linux-x86_64-gnu/share/terminfo/m/mgt
f	664	994:993	1981	/home/woa23c1ro/.local/share/uv/python/cpython-3.11.14-linux-x86_64-gnu/share/terminfo/d/d220
f	664	994:993	19840	/home/woa23c1ro/.local/share/uv/python/cpython-3.11.14-linux-x86_64-gnu/lib/python3.11/http/cookies.py
f	664	994:993	1986	/home/woa23c1ro/.local/share/uv/python/cpython-3.11.14-linux-x86_64-gnu/share/terminfo/x/xterm-xi
f	664	994:993	19864	/home/woa23c1ro/.local/share/uv/python/cpython-3.11.14-linux-x86_64-gnu/lib/python3.11/idlelib/pyparse.py
f	664	994:993	1988	/home/woa23c1ro/.local/share/uv/python/cpython-3.11.14-linux-x86_64-gnu/share/terminfo/k/konsole+pcfkeys
f	664	994:993	1988	/home/woa23c1ro/.local/share/uv/python/cpython-3.11.14-linux-x86_64-gnu/share/terminfo/n/nsterm
f	664	994:993	199	/home/woa23c1ro/.local/share/uv/python/cpython-3.11.14-linux-x86_64-gnu/share/terminfo/a/aepro
f	664	994:993	19919	/home/woa23c1ro/.local/share/uv/python/cpython-3.11.14-linux-x86_64-gnu/lib/python3.11/site-packages/pip/_vendor/rich/_spinners.py
f	664	994:993	1993	/home/woa23c1ro/.local/share/uv/python/cpython-3.11.14-linux-x86_64-gnu/lib/python3.11/idlelib/dynoption.py
f	664	994:993	1996	/home/woa23c1ro/.local/share/uv/python/cpython-3.11.14-linux-x86_64-gnu/share/terminfo/x/xterm-xf86-v33
f	664	994:993	19968	/home/woa23c1ro/.local/share/uv/python/cpython-3.11.14-linux-x86_64-gnu/lib/python3.11/site-packages/setuptools/build_meta.py
f	664	994:993	1997	/home/woa23c1ro/.local/share/uv/python/cpython-3.11.14-linux-x86_64-gnu/include/python3.11/cpython/setobject.h
f	664	994:993	1998	/home/woa23c1ro/.local/share/uv/python/cpython-3.11.14-linux-x86_64-gnu/lib/tk8.6/demos/msgbox.tcl
f	664	994:993	19990	/home/woa23c1ro/.local/share/uv/python/cpython-3.11.14-linux-x86_64-gnu/lib/python3.11/site-packages/pip/_vendor/urllib3/poolmanager.py
f	664	994:993	2	/home/woa23c1ro/.local/share/uv/python/cpython-3.11.14-linux-x86_64-gnu/lib/python3.11/site-packages/setuptools/_vendor/packaging-24.2.dist-info/INSTALLER
f	664	994:993	20007	/home/woa23c1ro/.local/share/uv/python/cpython-3.11.14-linux-x86_64-gnu/lib/python3.11/distutils/_msvccompiler.py
f	664	994:993	2002	/home/woa23c1ro/.local/share/uv/python/cpython-3.11.14-linux-x86_64-gnu/lib/python3.11/site-packages/setuptools/_distutils/command/install_scripts.py
f	664	994:993	2002	/home/woa23c1ro/.local/share/uv/python/cpython-3.11.14-linux-x86_64-gnu/share/terminfo/n/ncr260intan
f	664	994:993	2004	/home/woa23c1ro/.local/share/uv/python/cpython-3.11.14-linux-x86_64-gnu/lib/python3.11/asyncio/base_futures.py
f	664	994:993	2005	/home/woa23c1ro/.local/share/uv/python/cpython-3.11.14-linux-x86_64-gnu/lib/python3.11/idlelib/zzdummy.py
f	664	994:993	2006	/home/woa23c1ro/.local/share/uv/python/cpython-3.11.14-linux-x86_64-gnu/share/terminfo/x/xterm-xf86-v32
f	664	994:993	2006	/home/woa23c1ro/.local/share/uv/python/cpython-3.11.14-linux-x86_64-gnu/share/terminfo/x/xterm-xf86-v333
f	664	994:993	2007	/home/woa23c1ro/.local/share/uv/python/cpython-3.11.14-linux-x86_64-gnu/share/terminfo/q/qansi
f	664	994:993	2008	/home/woa23c1ro/.local/share/uv/python/cpython-3.11.14-linux-x86_64-gnu/share/terminfo/n/ncr260intwan
f	664	994:993	2009	/home/woa23c1ro/.local/share/uv/python/cpython-3.11.14-linux-x86_64-gnu/lib/python3.11/site-packages/setuptools/_vendor/packaging-24.2.dist-info/RECORD
f	664	994:993	2009	/home/woa23c1ro/.local/share/uv/python/cpython-3.11.14-linux-x86_64-gnu/share/terminfo/k/konsole-base
f	664	994:993	2013	/home/woa23c1ro/.local/share/uv/python/cpython-3.11.14-linux-x86_64-gnu/share/terminfo/q/qansi-t
f	664	994:993	20130	/home/woa23c1ro/.local/share/uv/python/cpython-3.11.14-linux-x86_64-gnu/lib/python3.11/site-packages/pip/_internal/req/req_file.py
f	664	994:993	2016	/home/woa23c1ro/.local/share/uv/python/cpython-3.11.14-linux-x86_64-gnu/lib/python3.11/site-packages/pip/_internal/models/selection_prefs.py
f	664	994:993	2016	/home/woa23c1ro/.local/share/uv/python/cpython-3.11.14-linux-x86_64-gnu/share/terminfo/n/ncr260intpp
f	664	994:993	20167	/home/woa23c1ro/.local/share/uv/python/cpython-3.11.14-linux-x86_64-gnu/lib/python3.11/html/parser.py
f	664	994:993	2017	/home/woa23c1ro/.local/share/uv/python/cpython-3.11.14-linux-x86_64-gnu/lib/python3.11/distutils/command/install_scripts.py
f	664	994:993	2020	/home/woa23c1ro/.local/share/uv/python/cpython-3.11.14-linux-x86_64-gnu/lib/python3.11/site-packages/setuptools/_vendor/backports.tarfile-1.2.0.dist-info/METADATA
f	664	994:993	2024	/home/woa23c1ro/.local/share/uv/python/cpython-3.11.14-linux-x86_64-gnu/share/terminfo/n/nsterm-direct
f	664	994:993	20252	/home/woa23c1ro/.local/share/uv/python/cpython-3.11.14-linux-x86_64-gnu/lib/python3.11/compileall.py
f	664	994:993	20270	/home/woa23c1ro/.local/share/uv/python/cpython-3.11.14-linux-x86_64-gnu/lib/tk8.6/tclIndex
f	664	994:993	2028	/home/woa23c1ro/.local/share/uv/python/cpython-3.11.14-linux-x86_64-gnu/lib/python3.11/secrets.py
f	664	994:993	20280	/home/woa23c1ro/.local/share/uv/python/cpython-3.11.14-linux-x86_64-gnu/share/man/man1/python3.11.1
f	664	994:993	2029	/home/woa23c1ro/.local/share/uv/python/cpython-3.11.14-linux-x86_64-gnu/lib/python3.11/multiprocessing/popen_spawn_posix.py
f	664	994:993	203	/home/woa23c1ro/.local/share/uv/python/cpython-3.11.14-linux-x86_64-gnu/share/terminfo/a/apple-vm80
f	664	994:993	2030	/home/woa23c1ro/.local/share/uv/python/cpython-3.11.14-linux-x86_64-gnu/share/terminfo/n/ncr260intwpp
f	664	994:993	20310	/home/woa23c1ro/.local/share/uv/python/cpython-3.11.14-linux-x86_64-gnu/lib/python3.11/asyncore.py
f	664	994:993	20314	/home/woa23c1ro/.local/share/uv/python/cpython-3.11.14-linux-x86_64-gnu/lib/python3.11/site-packages/pip/_vendor/urllib3/connection.py
f	664	994:993	2033	/home/woa23c1ro/.local/share/uv/python/cpython-3.11.14-linux-x86_64-gnu/share/terminfo/w/wy370-EPC
f	664	994:993	20338	/home/woa23c1ro/.local/share/uv/python/cpython-3.11.14-linux-x86_64-gnu/lib/python3.11/idlelib/sidebar.py
f	664	994:993	2035	/home/woa23c1ro/.local/share/uv/python/cpython-3.11.14-linux-x86_64-gnu/lib/tcl8.6/msgs/sr.msg
f	664	994:993	2036	/home/woa23c1ro/.local/share/uv/python/cpython-3.11.14-linux-x86_64-gnu/lib/python3.11/idlelib/Icons/idle_32.png
f	664	994:993	2036	/home/woa23c1ro/.local/share/uv/python/cpython-3.11.14-linux-x86_64-gnu/lib/tk8.6/ttk/xpTheme.tcl
f	664	994:993	2036	/home/woa23c1ro/.local/share/uv/python/cpython-3.11.14-linux-x86_64-gnu/share/terminfo/x/xterm+pcfkeys
f	664	994:993	2037	/home/woa23c1ro/.local/share/uv/python/cpython-3.11.14-linux-x86_64-gnu/lib/python3.11/site-packages/pip/_vendor/resolvelib/reporters.py
f	664	994:993	2039	/home/woa23c1ro/.local/share/uv/python/cpython-3.11.14-linux-x86_64-gnu/lib/tcl8.6/msgs/ru.msg
f	664	994:993	204	/home/woa23c1ro/.local/share/uv/python/cpython-3.11.14-linux-x86_64-gnu/share/terminfo/p/pcix
f	664	994:993	2040	/home/woa23c1ro/.local/share/uv/python/cpython-3.11.14-linux-x86_64-gnu/include/python3.11/structmember.h
f	664	994:993	2042	/home/woa23c1ro/.local/share/uv/python/cpython-3.11.14-linux-x86_64-gnu/lib/python3.11/site-packages/pip/_vendor/pygments/styles/__init__.py
f	664	994:993	20454	/home/woa23c1ro/.local/share/uv/python/cpython-3.11.14-linux-x86_64-gnu/lib/python3.11/site-packages/pip/_internal/resolution/resolvelib/candidates.py
f	664	994:993	2048	/home/woa23c1ro/.local/share/uv/python/cpython-3.11.14-linux-x86_64-gnu/lib/python3.11/lib2to3/fixes/fix_execfile.py
f	664	994:993	2048	/home/woa23c1ro/.local/share/uv/python/cpython-3.11.14-linux-x86_64-gnu/lib/tk8.6/demos/states.tcl
f	664	994:993	2050	/home/woa23c1ro/.local/share/uv/python/cpython-3.11.14-linux-x86_64-gnu/share/terminfo/v/vte+pcfkeys
f	664	994:993	20503	/home/woa23c1ro/.local/share/uv/python/cpython-3.11.14-linux-x86_64-gnu/lib/python3.11/site-packages/pip/_vendor/truststore/_macos.py
f	664	994:993	2054	/home/woa23c1ro/.local/share/uv/python/cpython-3.11.14-linux-x86_64-gnu/share/terminfo/d/d220-7b
f	664	994:993	206	/home/woa23c1ro/.local/share/uv/python/cpython-3.11.14-linux-x86_64-gnu/include/python3.11/internal/pycore_pyhash.h
f	664	994:993	2060	/home/woa23c1ro/.local/share/uv/python/cpython-3.11.14-linux-x86_64-gnu/share/terminfo/w/wy370-vb
f	664	994:993	2062	/home/woa23c1ro/.local/share/uv/python/cpython-3.11.14-linux-x86_64-gnu/share/terminfo/l/linux-c
f	664	994:993	2063	/home/woa23c1ro/.local/share/uv/python/cpython-3.11.14-linux-x86_64-gnu/lib/tk8.6/demos/icon.tcl
f	664	994:993	2063	/home/woa23c1ro/.local/share/uv/python/cpython-3.11.14-linux-x86_64-gnu/share/terminfo/w/wy370-rv
f	664	994:993	2063	/home/woa23c1ro/.local/share/uv/python/cpython-3.11.14-linux-x86_64-gnu/share/terminfo/w/wy370-w
f	664	994:993	2064	/home/woa23c1ro/.local/share/uv/python/cpython-3.11.14-linux-x86_64-gnu/share/terminfo/g/gnome+pcfkeys
f	664	994:993	2068	/home/woa23c1ro/.local/share/uv/python/cpython-3.11.14-linux-x86_64-gnu/lib/python3.11/importlib/metadata/_itertools.py
f	664	994:993	2068	/home/woa23c1ro/.local/share/uv/python/cpython-3.11.14-linux-x86_64-gnu/lib/python3.11/site-packages/setuptools/_vendor/importlib_metadata/_itertools.py
f	664	994:993	20681	/home/woa23c1ro/.local/share/uv/python/cpython-3.11.14-linux-x86_64-gnu/lib/python3.11/site-packages/pip/_internal/network/auth.py
f	664	994:993	207	/home/woa23c1ro/.local/share/uv/python/cpython-3.11.14-linux-x86_64-gnu/share/terminfo/a/apple-80
f	664	994:993	2071	/home/woa23c1ro/.local/share/uv/python/cpython-3.11.14-linux-x86_64-gnu/lib/python3.11/site-packages/setuptools/_vendor/typeguard/__init__.py
f	664	994:993	2075	/home/woa23c1ro/.local/share/uv/python/cpython-3.11.14-linux-x86_64-gnu/lib/python3.11/site-packages/setuptools/command/install_egg_info.py
f	664	994:993	2076	/home/woa23c1ro/.local/share/uv/python/cpython-3.11.14-linux-x86_64-gnu/lib/python3.11/site-packages/setuptools/_vendor/autocommand/automain.py
f	664	994:993	2077	/home/woa23c1ro/.local/share/uv/python/cpython-3.11.14-linux-x86_64-gnu/share/terminfo/w/wy370-wvb
f	664	994:993	208	/home/woa23c1ro/.local/share/uv/python/cpython-3.11.14-linux-x86_64-gnu/lib/python3.11/site-packages/pkg_resources/tests/data/my-test-package_unpacked-egg/my_test_package-1.0-py3.7.egg/EGG-INFO/SOURCES.txt
f	664	994:993	20814	/home/woa23c1ro/.local/share/uv/python/cpython-3.11.14-linux-x86_64-gnu/lib/python3.11/email/generator.py
f	664	994:993	20819	/home/woa23c1ro/.local/share/uv/python/cpython-3.11.14-linux-x86_64-gnu/lib/python3.11/email/headerregistry.py
f	664	994:993	2082	/home/woa23c1ro/.local/share/uv/python/cpython-3.11.14-linux-x86_64-gnu/lib/tk8.6/demos/README
f	664	994:993	2082	/home/woa23c1ro/.local/share/uv/python/cpython-3.11.14-linux-x86_64-gnu/share/terminfo/w/wy370
f	664	994:993	20830	/home/woa23c1ro/.local/share/uv/python/cpython-3.11.14-linux-x86_64-gnu/lib/tk8.6/button.tcl
f	664	994:993	2084	/home/woa23c1ro/.local/share/uv/python/cpython-3.11.14-linux-x86_64-gnu/lib/python3.11/encodings/charmap.py
f	664	994:993	20845	/home/woa23c1ro/.local/share/uv/python/cpython-3.11.14-linux-x86_64-gnu/lib/tcl8.6/auto.tcl
f	664	994:993	2085	/home/woa23c1ro/.local/share/uv/python/cpython-3.11.14-linux-x86_64-gnu/share/terminfo/k/konsole-linux
f	664	994:993	2086	/home/woa23c1ro/.local/share/uv/python/cpython-3.11.14-linux-x86_64-gnu/lib/python3.11/lib2to3/fixes/fix_itertools_imports.py
f	664	994:993	20863	/home/woa23c1ro/.local/share/uv/python/cpython-3.11.14-linux-x86_64-gnu/lib/python3.11/idlelib/autocomplete_w.py
f	664	994:993	20881	/home/woa23c1ro/.local/share/uv/python/cpython-3.11.14-linux-x86_64-gnu/lib/python3.11/site-packages/setuptools/tests/test_core_metadata.py
f	664	994:993	2089	/home/woa23c1ro/.local/share/uv/python/cpython-3.11.14-linux-x86_64-gnu/include/python3.11/internal/pycore_tuple.h
f	664	994:993	2089	/home/woa23c1ro/.local/share/uv/python/cpython-3.11.14-linux-x86_64-gnu/share/terminfo/k/konsole-vt420pc
f	664	994:993	209	/home/woa23c1ro/.local/share/uv/python/cpython-3.11.14-linux-x86_64-gnu/share/terminfo/r/rca
f	664	994:993	2095	/home/woa23c1ro/.local/share/uv/python/cpython-3.11.14-linux-x86_64-gnu/share/terminfo/k/konsole-solaris
f	664	994:993	2095	/home/woa23c1ro/.local/share/uv/python/cpython-3.11.14-linux-x86_64-gnu/share/terminfo/k/konsole-vt100
f	664	994:993	2099	/home/woa23c1ro/.local/share/uv/python/cpython-3.11.14-linux-x86_64-gnu/include/python3.11/cpython/pylifecycle.h
f	664	994:993	2099	/home/woa23c1ro/.local/share/uv/python/cpython-3.11.14-linux-x86_64-gnu/lib/python3.11/site-packages/setuptools/tests/test_logging.py
f	664	994:993	20991	/home/woa23c1ro/.local/share/uv/python/cpython-3.11.14-linux-x86_64-gnu/lib/python3.11/idlelib/debugger.py
f	664	994:993	21	/home/woa23c1ro/.local/share/uv/python/cpython-3.11.14-linux-x86_64-gnu/lib/python3.11/site-packages/pip/_vendor/idna/package_data.py
f	664	994:993	21014	/home/woa23c1ro/.local/share/uv/python/cpython-3.11.14-linux-x86_64-gnu/lib/python3.11/site-packages/setuptools/_vendor/packaging/tags.py
f	664	994:993	2102	/home/woa23c1ro/.local/share/uv/python/cpython-3.11.14-linux-x86_64-gnu/lib/tcl8.6/msgs/te.msg
f	664	994:993	2103	/home/woa23c1ro/.local/share/uv/python/cpython-3.11.14-linux-x86_64-gnu/include/python3.11/cpython/weakrefobject.h
f	664	994:993	21032	/home/woa23c1ro/.local/share/uv/python/cpython-3.11.14-linux-x86_64-gnu/lib/python3.11/distutils/util.py
f	664	994:993	2105	/home/woa23c1ro/.local/share/uv/python/cpython-3.11.14-linux-x86_64-gnu/lib/tcl8.6/msgs/be.msg
f	664	994:993	2105	/home/woa23c1ro/.local/share/uv/python/cpython-3.11.14-linux-x86_64-gnu/lib/tcl8.6/msgs/mk.msg
f	664	994:993	2105	/home/woa23c1ro/.local/share/uv/python/cpython-3.11.14-linux-x86_64-gnu/share/terminfo/k/konsole-xf3x
f	664	994:993	21058	/home/woa23c1ro/.local/share/uv/python/cpython-3.11.14-linux-x86_64-gnu/lib/itcl4.2.4/itclHullCmds.tcl
f	664	994:993	2106	/home/woa23c1ro/.local/share/uv/python/cpython-3.11.14-linux-x86_64-gnu/lib/tk8.6/demos/entry2.tcl
f	664	994:993	21078	/home/woa23c1ro/.local/share/uv/python/cpython-3.11.14-linux-x86_64-gnu/lib/python3.11/idlelib/rpc.py
f	664	994:993	21079	/home/woa23c1ro/.local/share/uv/python/cpython-3.11.14-linux-x86_64-gnu/lib/python3.11/site-packages/setuptools/_vendor/inflect-7.3.1.dist-info/METADATA
f	664	994:993	2110226	/home/woa23c1ro/.local/share/uv/python/cpython-3.11.14-linux-x86_64-gnu/lib/python3.11/ensurepip/_bundled/pip-24.0-py3-none-any.whl
f	664	994:993	21110	/home/woa23c1ro/.local/share/uv/python/cpython-3.11.14-linux-x86_64-gnu/lib/python3.11/warnings.py
f	664	994:993	21119	/home/woa23c1ro/.local/share/uv/python/cpython-3.11.14-linux-x86_64-gnu/lib/python3.11/lib2to3/pgen2/tokenize.py
f	664	994:993	2113	/home/woa23c1ro/.local/share/uv/python/cpython-3.11.14-linux-x86_64-gnu/lib/tcl8.6/msgs/uk.msg
f	664	994:993	212	/home/woa23c1ro/.local/share/uv/python/cpython-3.11.14-linux-x86_64-gnu/lib/python3.11/site-packages/setuptools/_distutils/unixccompiler.py
f	664	994:993	212	/home/woa23c1ro/.local/share/uv/python/cpython-3.11.14-linux-x86_64-gnu/share/terminfo/t/tek4014
f	664	994:993	21258	/home/woa23c1ro/.local/share/uv/python/cpython-3.11.14-linux-x86_64-gnu/lib/python3.11/site-packages/setuptools/discovery.py
f	664	994:993	2128	/home/woa23c1ro/.local/share/uv/python/cpython-3.11.14-linux-x86_64-gnu/lib/python3.11/site-packages/pip/_vendor/rich/_export_format.py
f	664	994:993	2129	/home/woa23c1ro/.local/share/uv/python/cpython-3.11.14-linux-x86_64-gnu/lib/python3.11/email/iterators.py
f	664	994:993	21320	/home/woa23c1ro/.local/share/uv/python/cpython-3.11.14-linux-x86_64-gnu/lib/python3.11/gettext.py
f	664	994:993	21345	/home/woa23c1ro/.local/share/uv/python/cpython-3.11.14-linux-x86_64-gnu/lib/tk8.6/clrpick.tcl
f	664	994:993	2137	/home/woa23c1ro/.local/share/uv/python/cpython-3.11.14-linux-x86_64-gnu/share/terminfo/r/rxvt-basic
f	664	994:993	2139	/home/woa23c1ro/.local/share/uv/python/cpython-3.11.14-linux-x86_64-gnu/share/terminfo/v/vt510pcdos
f	664	994:993	214	/home/woa23c1ro/.local/share/uv/python/cpython-3.11.14-linux-x86_64-gnu/share/terminfo/t/tek
f	664	994:993	21404	/home/woa23c1ro/.local/share/uv/python/cpython-3.11.14-linux-x86_64-gnu/lib/python3.11/site-packages/setuptools/_distutils/compilers/C/msvc.py
f	664	994:993	2141	/home/woa23c1ro/.local/share/uv/python/cpython-3.11.14-linux-x86_64-gnu/share/terminfo/v/vt420pcdos
f	664	994:993	21439	/home/woa23c1ro/.local/share/uv/python/cpython-3.11.14-linux-x86_64-gnu/lib/python3.11/idlelib/run.py
f	664	994:993	2146	/home/woa23c1ro/.local/share/uv/python/cpython-3.11.14-linux-x86_64-gnu/share/terminfo/d/d230c
f	664	994:993	21484	/home/woa23c1ro/.local/share/uv/python/cpython-3.11.14-linux-x86_64-gnu/lib/python3.11/site-packages/setuptools/_vendor/more_itertools/more.pyi
f	664	994:993	21513	/home/woa23c1ro/.local/share/uv/python/cpython-3.11.14-linux-x86_64-gnu/lib/python3.11/weakref.py
f	664	994:993	2152	/home/woa23c1ro/.local/share/uv/python/cpython-3.11.14-linux-x86_64-gnu/lib/python3.11/idlelib/CREDITS.txt
f	664	994:993	21537	/home/woa23c1ro/.local/share/uv/python/cpython-3.11.14-linux-x86_64-gnu/lib/python3.11/distutils/command/bdist_rpm.py
f	664	994:993	21550	/home/woa23c1ro/.local/share/uv/python/cpython-3.11.14-linux-x86_64-gnu/lib/python3.11/wsgiref/handlers.py
f	664	994:993	2160	/home/woa23c1ro/.local/share/uv/python/cpython-3.11.14-linux-x86_64-gnu/share/terminfo/q/qansi-m
f	664	994:993	2160	/home/woa23c1ro/.local/share/uv/python/cpython-3.11.14-linux-x86_64-gnu/share/terminfo/v/vt420pc
f	664	994:993	2160	/home/woa23c1ro/.local/share/uv/python/cpython-3.11.14-linux-x86_64-gnu/share/terminfo/v/vt510pc
f	664	994:993	2162	/home/woa23c1ro/.local/share/uv/python/cpython-3.11.14-linux-x86_64-gnu/share/terminfo/q/qansi-w
f	664	994:993	2166	/home/woa23c1ro/.local/share/uv/python/cpython-3.11.14-linux-x86_64-gnu/lib/python3.11/importlib/metadata/_text.py
f	664	994:993	2166	/home/woa23c1ro/.local/share/uv/python/cpython-3.11.14-linux-x86_64-gnu/lib/python3.11/site-packages/setuptools/_vendor/importlib_metadata/_text.py
f	664	994:993	21694	/home/woa23c1ro/.local/share/uv/python/cpython-3.11.14-linux-x86_64-gnu/lib/python3.11/site-packages/setuptools/_vendor/wheel/_bdist_wheel.py
f	664	994:993	21785	/home/woa23c1ro/.local/share/uv/python/cpython-3.11.14-linux-x86_64-gnu/lib/python3.11/site-packages/setuptools/_distutils/command/bdist_rpm.py
f	664	994:993	21793	/home/woa23c1ro/.local/share/uv/python/cpython-3.11.14-linux-x86_64-gnu/lib/python3.11/site-packages/pip/_internal/models/link.py
f	664	994:993	218	/home/woa23c1ro/.local/share/uv/python/cpython-3.11.14-linux-x86_64-gnu/lib/python3.11/site-packages/setuptools/script (dev).tmpl
f	664	994:993	21818	/home/woa23c1ro/.local/share/uv/python/cpython-3.11.14-linux-x86_64-gnu/lib/python3.11/wave.py
f	664	994:993	2183	/home/woa23c1ro/.local/share/uv/python/cpython-3.11.14-linux-x86_64-gnu/lib/tk8.6/ttk/panedwindow.tcl
f	664	994:993	2187	/home/woa23c1ro/.local/share/uv/python/cpython-3.11.14-linux-x86_64-gnu/lib/python3.11/site-packages/setuptools/command/rotate.py
f	664	994:993	2188	/home/woa23c1ro/.local/share/uv/python/cpython-3.11.14-linux-x86_64-gnu/lib/tk8.6/demos/textpeer.tcl
f	664	994:993	2188	/home/woa23c1ro/.local/share/uv/python/cpython-3.11.14-linux-x86_64-gnu/share/terminfo/w/wy370-105k
f	664	994:993	219	/home/woa23c1ro/.local/share/uv/python/cpython-3.11.14-linux-x86_64-gnu/lib/python3.11/site-packages/setuptools/_vendor/zipp/compat/py310.py
f	664	994:993	2192	/home/woa23c1ro/.local/share/uv/python/cpython-3.11.14-linux-x86_64-gnu/share/terminfo/a/aterm
f	664	994:993	22	/home/woa23c1ro/.local/share/uv/python/cpython-3.11.14-linux-x86_64-gnu/lib/python3.11/site-packages/setuptools/tests/mod_with_constant.py
f	664	994:993	220	/home/woa23c1ro/.local/share/uv/python/cpython-3.11.14-linux-x86_64-gnu/share/terminfo/h/hp+pfk-cr
f	664	994:993	22023	/home/woa23c1ro/.local/share/uv/python/cpython-3.11.14-linux-x86_64-gnu/lib/python3.11/_osx_support.py
f	664	994:993	2204	/home/woa23c1ro/.local/share/uv/python/cpython-3.11.14-linux-x86_64-gnu/lib/python3.11/encodings/zlib_codec.py
f	664	994:993	22050	/home/woa23c1ro/.local/share/uv/python/cpython-3.11.14-linux-x86_64-gnu/lib/python3.11/site-packages/pip/_vendor/urllib3/util/retry.py
f	664	994:993	2209	/home/woa23c1ro/.local/share/uv/python/cpython-3.11.14-linux-x86_64-gnu/lib/python3.11/venv/scripts/posix/activate.fish
f	664	994:993	2212	/home/woa23c1ro/.local/share/uv/python/cpython-3.11.14-linux-x86_64-gnu/share/terminfo/x/xterm-xf86-v40
f	664	994:993	2218	/home/woa23c1ro/.local/share/uv/python/cpython-3.11.14-linux-x86_64-gnu/include/python3.11/cpython/compile.h
f	664	994:993	22186	/home/woa23c1ro/.local/share/uv/python/cpython-3.11.14-linux-x86_64-gnu/lib/python3.11/site-packages/setuptools/_distutils/cmd.py
f	664	994:993	2220	/home/woa23c1ro/.local/share/uv/python/cpython-3.11.14-linux-x86_64-gnu/share/terminfo/d/d470c
f	664	994:993	2221	/home/woa23c1ro/.local/share/uv/python/cpython-3.11.14-linux-x86_64-gnu/lib/python3.11/lib2to3/fixes/fix_renames.py
f	664	994:993	22225	/home/woa23c1ro/.local/share/uv/python/cpython-3.11.14-linux-x86_64-gnu/lib/python3.11/site-packages/setuptools/_vendor/platformdirs/__init__.py
f	664	994:993	2224	/home/woa23c1ro/.local/share/uv/python/cpython-3.11.14-linux-x86_64-gnu/share/terminfo/E/Eterm
f	664	994:993	22247	/home/woa23c1ro/.local/share/uv/python/cpython-3.11.14-linux-x86_64-gnu/lib/python3.11/site-packages/setuptools/command/bdist_wheel.py
f	664	994:993	2226	/home/woa23c1ro/.local/share/uv/python/cpython-3.11.14-linux-x86_64-gnu/share/terminfo/x/xterm-xf86-v43
f	664	994:993	223	/home/woa23c1ro/.local/share/uv/python/cpython-3.11.14-linux-x86_64-gnu/lib/python3.11/site-packages/setuptools/_importlib.py
f	664	994:993	2230	/home/woa23c1ro/.local/share/uv/python/cpython-3.11.14-linux-x86_64-gnu/lib/python3.11/multiprocessing/popen_forkserver.py
f	664	994:993	2234	/home/woa23c1ro/.local/share/uv/python/cpython-3.11.14-linux-x86_64-gnu/share/terminfo/r/rxvt
f	664	994:993	2234	/home/woa23c1ro/.local/share/uv/python/cpython-3.11.14-linux-x86_64-gnu/share/terminfo/r/rxvt-xpm
f	664	994:993	22344	/home/woa23c1ro/.local/share/uv/python/cpython-3.11.14-linux-x86_64-gnu/lib/python3.11/site-packages/pip/_vendor/platformdirs/__init__.py
f	664	994:993	2240	/home/woa23c1ro/.local/share/uv/python/cpython-3.11.14-linux-x86_64-gnu/share/terminfo/x/xterm-xfree86
f	664	994:993	2244	/home/woa23c1ro/.local/share/uv/python/cpython-3.11.14-linux-x86_64-gnu/lib/python3.11/site-packages/pip/_internal/commands/check.py
f	664	994:993	2244	/home/woa23c1ro/.local/share/uv/python/cpython-3.11.14-linux-x86_64-gnu/lib/tk8.6/demos/paned2.tcl
f	664	994:993	2247	/home/woa23c1ro/.local/share/uv/python/cpython-3.11.14-linux-x86_64-gnu/lib/python3.11/site-packages/setuptools/_distutils/tests/test_bdist_dumb.py
f	664	994:993	22471	/home/woa23c1ro/.local/share/uv/python/cpython-3.11.14-linux-x86_64-gnu/include/python3.11/dynamic_annotations.h
f	664	994:993	2248	/home/woa23c1ro/.local/share/uv/python/cpython-3.11.14-linux-x86_64-gnu/share/terminfo/r/rxvt-cygwin
f	664	994:993	2249	/home/woa23c1ro/.local/share/uv/python/cpython-3.11.14-linux-x86_64-gnu/include/python3.11/pylifecycle.h
f	664	994:993	2249	/home/woa23c1ro/.local/share/uv/python/cpython-3.11.14-linux-x86_64-gnu/lib/python3.11/encodings/bz2_codec.py
f	664	994:993	22502	/home/woa23c1ro/.local/share/uv/python/cpython-3.11.14-linux-x86_64-gnu/lib/python3.11/site-packages/pip/_internal/vcs/versioncontrol.py
f	664	994:993	2251	/home/woa23c1ro/.local/share/uv/python/cpython-3.11.14-linux-x86_64-gnu/share/terminfo/s/screen.rxvt
f	664	994:993	2252	/home/woa23c1ro/.local/share/uv/python/cpython-3.11.14-linux-x86_64-gnu/lib/tcl8.6/msgs/el.msg
f	664	994:993	22536	/home/woa23c1ro/.local/share/uv/python/cpython-3.11.14-linux-x86_64-gnu/lib/python3.11/unittest/loader.py
f	664	994:993	22545	/home/woa23c1ro/.local/share/uv/python/cpython-3.11.14-linux-x86_64-gnu/lib/python3.11/site-packages/setuptools/_distutils/tests/test_build_ext.py
f	664	994:993	2255	/home/woa23c1ro/.local/share/uv/python/cpython-3.11.14-linux-x86_64-gnu/share/terminfo/s/screen.Eterm
f	664	994:993	22580	/home/woa23c1ro/.local/share/uv/python/cpython-3.11.14-linux-x86_64-gnu/lib/python3.11/site-packages/setuptools/tests/test_config_discovery.py
f	664	994:993	226	/home/woa23c1ro/.local/share/uv/python/cpython-3.11.14-linux-x86_64-gnu/lib/tcl8.6/encoding/iso2022.enc
f	664	994:993	2260	/home/woa23c1ro/.local/share/uv/python/cpython-3.11.14-linux-x86_64-gnu/share/terminfo/x/xterm-xf86-v44
f	664	994:993	2261	/home/woa23c1ro/.local/share/uv/python/cpython-3.11.14-linux-x86_64-gnu/share/terminfo/s/screen-bce.Eterm
f	664	994:993	22631	/home/woa23c1ro/.local/share/uv/python/cpython-3.11.14-linux-x86_64-gnu/lib/python3.11/tomllib/_parser.py
f	664	994:993	22633	/home/woa23c1ro/.local/share/uv/python/cpython-3.11.14-linux-x86_64-gnu/lib/python3.11/site-packages/setuptools/_vendor/tomli/_parser.py
f	664	994:993	2266	/home/woa23c1ro/.local/share/uv/python/cpython-3.11.14-linux-x86_64-gnu/lib/python3.11/idlelib/config-extensions.def
f	664	994:993	2266	/home/woa23c1ro/.local/share/uv/python/cpython-3.11.14-linux-x86_64-gnu/lib/python3.11/site-packages/setuptools/_vendor/typeguard/_suppression.py
f	664	994:993	2266	/home/woa23c1ro/.local/share/uv/python/cpython-3.11.14-linux-x86_64-gnu/share/terminfo/r/rxvt-cygwin-native
f	664	994:993	2267	/home/woa23c1ro/.local/share/uv/python/cpython-3.11.14-linux-x86_64-gnu/lib/tk8.6/demos/license.terms
f	664	994:993	2267	/home/woa23c1ro/.local/share/uv/python/cpython-3.11.14-linux-x86_64-gnu/share/terminfo/s/screen-bce.rxvt
f	664	994:993	227	/home/woa23c1ro/.local/share/uv/python/cpython-3.11.14-linux-x86_64-gnu/lib/python3.11/__hello__.py
f	664	994:993	2273	/home/woa23c1ro/.local/share/uv/python/cpython-3.11.14-linux-x86_64-gnu/lib/tk8.6/demos/sayings.tcl
f	664	994:993	22745	/home/woa23c1ro/.local/share/uv/python/cpython-3.11.14-linux-x86_64-gnu/lib/python3.11/site-packages/pip/_vendor/packaging/tags.py
f	664	994:993	22755	/home/woa23c1ro/.local/share/uv/python/cpython-3.11.14-linux-x86_64-gnu/lib/python3.11/site-packages/pip/_vendor/rich/_win32_console.py
f	664	994:993	228	/home/woa23c1ro/.local/share/uv/python/cpython-3.11.14-linux-x86_64-gnu/share/terminfo/t/tek4014-sm
f	664	994:993	22802	/home/woa23c1ro/.local/share/uv/python/cpython-3.11.14-linux-x86_64-gnu/lib/python3.11/email/feedparser.py
f	664	994:993	22833	/home/woa23c1ro/.local/share/uv/python/cpython-3.11.14-linux-x86_64-gnu/lib/python3.11/concurrent/futures/_base.py
f	664	994:993	2286	/home/woa23c1ro/.local/share/uv/python/cpython-3.11.14-linux-x86_64-gnu/lib/tcl8.6/msgs/bn.msg
f	664	994:993	229	/home/woa23c1ro/.local/share/uv/python/cpython-3.11.14-linux-x86_64-gnu/lib/python3.11/sre_parse.py
f	664	994:993	229202	/home/woa23c1ro/.local/share/uv/python/cpython-3.11.14-linux-x86_64-gnu/lib/python3.11/_pydecimal.py
f	664	994:993	22962	/home/woa23c1ro/.local/share/uv/python/cpython-3.11.14-linux-x86_64-gnu/lib/python3.11/mimetypes.py
f	664	994:993	2297	/home/woa23c1ro/.local/share/uv/python/cpython-3.11.14-linux-x86_64-gnu/share/terminfo/d/d470c-7b
f	664	994:993	22987	/home/woa23c1ro/.local/share/uv/python/cpython-3.11.14-linux-x86_64-gnu/lib/python3.11/site.py
f	664	994:993	230	/home/woa23c1ro/.local/share/uv/python/cpython-3.11.14-linux-x86_64-gnu/share/terminfo/h/hp+pfk+cr
f	664	994:993	23024	/home/woa23c1ro/.local/share/uv/python/cpython-3.11.14-linux-x86_64-gnu/lib/python3.11/heapq.py
f	664	994:993	2305	/home/woa23c1ro/.local/share/uv/python/cpython-3.11.14-linux-x86_64-gnu/lib/tcl8.6/msgs/th.msg
f	664	994:993	23083	/home/woa23c1ro/.local/share/uv/python/cpython-3.11.14-linux-x86_64-gnu/lib/python3.11/site-packages/setuptools/tests/test_bdist_wheel.py
f	664	994:993	231	/home/woa23c1ro/.local/share/uv/python/cpython-3.11.14-linux-x86_64-gnu/lib/python3.11/sre_compile.py
f	664	994:993	2310	/home/woa23c1ro/.local/share/uv/python/cpython-3.11.14-linux-x86_64-gnu/lib/tk8.6/demos/check.tcl
f	664	994:993	2313	/home/woa23c1ro/.local/share/uv/python/cpython-3.11.14-linux-x86_64-gnu/lib/python3.11/site-packages/setuptools/_vendor/wheel-0.45.1.dist-info/METADATA
f	664	994:993	2317	/home/woa23c1ro/.local/share/uv/python/cpython-3.11.14-linux-x86_64-gnu/lib/python3.11/site-packages/setuptools/_vendor/importlib_metadata/_adapters.py
f	664	994:993	2317	/home/woa23c1ro/.local/share/uv/python/cpython-3.11.14-linux-x86_64-gnu/lib/tk8.6/demos/ttknote.tcl
f	664	994:993	232	/home/woa23c1ro/.local/share/uv/python/cpython-3.11.14-linux-x86_64-gnu/include/python3.11/cpython/fileutils.h
f	664	994:993	232	/home/woa23c1ro/.local/share/uv/python/cpython-3.11.14-linux-x86_64-gnu/lib/python3.11/sre_constants.py
f	664	994:993	23245	/home/woa23c1ro/.local/share/uv/python/cpython-3.11.14-linux-x86_64-gnu/lib/tcl8.6/package.tcl
f	664	994:993	23301	/home/woa23c1ro/.local/share/uv/python/cpython-3.11.14-linux-x86_64-gnu/lib/python3.11/telnetlib.py
f	664	994:993	23374	/home/woa23c1ro/.local/share/uv/python/cpython-3.11.14-linux-x86_64-gnu/lib/python3.11/site-packages/pip/_internal/utils/misc.py
f	664	994:993	234	/home/woa23c1ro/.local/share/uv/python/cpython-3.11.14-linux-x86_64-gnu/share/terminfo/v/vt52+arrows
f	664	994:993	2341	/home/woa23c1ro/.local/share/uv/python/cpython-3.11.14-linux-x86_64-gnu/lib/tk8.6/demos/images/tcllogo.gif
f	664	994:993	2341	/home/woa23c1ro/.local/share/uv/python/cpython-3.11.14-linux-x86_64-gnu/lib/tk8.6/images/logo100.gif
f	664	994:993	2342	/home/woa23c1ro/.local/share/uv/python/cpython-3.11.14-linux-x86_64-gnu/include/python3.11/typeslots.h
f	664	994:993	2346	/home/woa23c1ro/.local/share/uv/python/cpython-3.11.14-linux-x86_64-gnu/lib/python3.11/lib2to3/fixes/fix_apply.py
f	664	994:993	2348	/home/woa23c1ro/.local/share/uv/python/cpython-3.11.14-linux-x86_64-gnu/lib/itcl4.2.4/libitclstub4.2.4.a
f	664	994:993	2351	/home/woa23c1ro/.local/share/uv/python/cpython-3.11.14-linux-x86_64-gnu/lib/tk8.6/demos/filebox.tcl
f	664	994:993	23527	/home/woa23c1ro/.local/share/uv/python/cpython-3.11.14-linux-x86_64-gnu/lib/python3.11/distutils/msvccompiler.py
f	664	994:993	2361	/home/woa23c1ro/.local/share/uv/python/cpython-3.11.14-linux-x86_64-gnu/lib/python3.11/urllib/response.py
f	664	994:993	23614	/home/woa23c1ro/.local/share/uv/python/cpython-3.11.14-linux-x86_64-gnu/lib/tk8.6/tk.tcl
f	664	994:993	2367	/home/woa23c1ro/.local/share/uv/python/cpython-3.11.14-linux-x86_64-gnu/lib/python3.11/site-packages/pip/_vendor/rich/emoji.py
f	664	994:993	23699	/home/woa23c1ro/.local/share/uv/python/cpython-3.11.14-linux-x86_64-gnu/lib/python3.11/modulefinder.py
f	664	994:993	2374	/home/woa23c1ro/.local/share/uv/python/cpython-3.11.14-linux-x86_64-gnu/include/python3.11/moduleobject.h
f	664	994:993	2377	/home/woa23c1ro/.local/share/uv/python/cpython-3.11.14-linux-x86_64-gnu/lib/python3.11/multiprocessing/popen_fork.py
f	664	994:993	2380	/home/woa23c1ro/.local/share/uv/python/cpython-3.11.14-linux-x86_64-gnu/lib/python3.11/site-packages/setuptools/command/alias.py
f	664	994:993	2383	/home/woa23c1ro/.local/share/uv/python/cpython-3.11.14-linux-x86_64-gnu/lib/python3.11/encodings/__pycache__/utf_8.cpython-311.pyc
f	664	994:993	2386	/home/woa23c1ro/.local/share/uv/python/cpython-3.11.14-linux-x86_64-gnu/lib/python3.11/token.py
f	664	994:993	239	/home/woa23c1ro/.local/share/uv/python/cpython-3.11.14-linux-x86_64-gnu/lib/python3.11/site-packages/setuptools/_distutils/_macos_compat.py
f	664	994:993	2391	/home/woa23c1ro/.local/share/uv/python/cpython-3.11.14-linux-x86_64-gnu/lib/tk8.6/demos/ttkmenu.tcl
f	664	994:993	2392	/home/woa23c1ro/.local/share/uv/python/cpython-3.11.14-linux-x86_64-gnu/share/terminfo/t/terminology-0.6.1
f	664	994:993	239289	/home/woa23c1ro/.local/share/uv/python/cpython-3.11.14-linux-x86_64-gnu/lib/python3.11/site-packages/pip/_vendor/idna/uts46data.py
f	664	994:993	2394	/home/woa23c1ro/.local/share/uv/python/cpython-3.11.14-linux-x86_64-gnu/lib/thread2.8.9/pkgIndex.tcl
f	664	994:993	2394	/home/woa23c1ro/.local/share/uv/python/cpython-3.11.14-linux-x86_64-gnu/share/terminfo/E/Eterm-88color
f	664	994:993	2401	/home/woa23c1ro/.local/share/uv/python/cpython-3.11.14-linux-x86_64-gnu/lib/tk8.6/ttk/sizegrip.tcl
f	664	994:993	2402	/home/woa23c1ro/.local/share/uv/python/cpython-3.11.14-linux-x86_64-gnu/lib/python3.11/site-packages/setuptools/_vendor/typeguard-4.3.0.dist-info/RECORD
f	664	994:993	2403	/home/woa23c1ro/.local/share/uv/python/cpython-3.11.14-linux-x86_64-gnu/lib/python3.11/unittest/signals.py
f	664	994:993	2404	/home/woa23c1ro/.local/share/uv/python/cpython-3.11.14-linux-x86_64-gnu/lib/python3.11/asyncio/format_helpers.py
f	664	994:993	2404	/home/woa23c1ro/.local/share/uv/python/cpython-3.11.14-linux-x86_64-gnu/lib/python3.11/site-packages/setuptools/tests/test_find_py_modules.py
f	664	994:993	24060	/home/woa23c1ro/.local/share/uv/python/cpython-3.11.14-linux-x86_64-gnu/lib/python3.11/site-packages/pip/_internal/resolution/legacy/resolver.py
f	664	994:993	24074	/home/woa23c1ro/.local/share/uv/python/cpython-3.11.14-linux-x86_64-gnu/lib/python3.11/gzip.py
f	664	994:993	24092	/home/woa23c1ro/.local/share/uv/python/cpython-3.11.14-linux-x86_64-gnu/lib/python3.11/email/header.py
f	664	994:993	24099	/home/woa23c1ro/.local/share/uv/python/cpython-3.11.14-linux-x86_64-gnu/lib/python3.11/site-packages/pip/_internal/req/req_uninstall.py
f	664	994:993	241	/home/woa23c1ro/.local/share/uv/python/cpython-3.11.14-linux-x86_64-gnu/lib/python3.11/site-packages/pip-25.3.dist-info/direct_url.json
f	664	994:993	241	/home/woa23c1ro/.local/share/uv/python/cpython-3.11.14-linux-x86_64-gnu/lib/python3.11/site-packages/pip/_internal/utils/datetime.py
f	664	994:993	241	/home/woa23c1ro/.local/share/uv/python/cpython-3.11.14-linux-x86_64-gnu/lib/python3.11/site-packages/pkg_resources/tests/test_markers.py
f	664	994:993	2412	/home/woa23c1ro/.local/share/uv/python/cpython-3.11.14-linux-x86_64-gnu/lib/python3.11/site-packages/pip/_vendor/truststore/_openssl.py
f	664	994:993	2412	/home/woa23c1ro/.local/share/uv/python/cpython-3.11.14-linux-x86_64-gnu/share/terminfo/s/st-0.6
f	664	994:993	2413	/home/woa23c1ro/.local/share/uv/python/cpython-3.11.14-linux-x86_64-gnu/include/python3.11/pydtrace.h
f	664	994:993	2415	/home/woa23c1ro/.local/share/uv/python/cpython-3.11.14-linux-x86_64-gnu/lib/python3.11/urllib/error.py
f	664	994:993	242	/home/woa23c1ro/.local/share/uv/python/cpython-3.11.14-linux-x86_64-gnu/lib/tcl8.6/msgs/es_ar.msg
f	664	994:993	242	/home/woa23c1ro/.local/share/uv/python/cpython-3.11.14-linux-x86_64-gnu/lib/tcl8.6/msgs/ru_ua.msg
f	664	994:993	2420	/home/woa23c1ro/.local/share/uv/python/cpython-3.11.14-linux-x86_64-gnu/share/terminfo/x/xterm+nofkeys
f	664	994:993	24212	/home/woa23c1ro/.local/share/uv/python/cpython-3.11.14-linux-x86_64-gnu/lib/python3.11/site-packages/pip/_vendor/resolvelib/resolvers/resolution.py
f	664	994:993	2425	/home/woa23c1ro/.local/share/uv/python/cpython-3.11.14-linux-x86_64-gnu/lib/python3.11/json/scanner.py
f	664	994:993	2428	/home/woa23c1ro/.local/share/uv/python/cpython-3.11.14-linux-x86_64-gnu/share/terminfo/r/rxvt-88color
f	664	994:993	2435	/home/woa23c1ro/.local/share/uv/python/cpython-3.11.14-linux-x86_64-gnu/lib/python3.11/site-packages/setuptools/_imp.py
f	664	994:993	2438	/home/woa23c1ro/.local/share/uv/python/cpython-3.11.14-linux-x86_64-gnu/include/python3.11/internal/pycore_atomic_funcs.h
f	664	994:993	244	/home/woa23c1ro/.local/share/uv/python/cpython-3.11.14-linux-x86_64-gnu/lib/python3.11/distutils/README
f	664	994:993	244	/home/woa23c1ro/.local/share/uv/python/cpython-3.11.14-linux-x86_64-gnu/lib/tcl8.6/msgs/it_ch.msg
f	664	994:993	244	/home/woa23c1ro/.local/share/uv/python/cpython-3.11.14-linux-x86_64-gnu/share/terminfo/h/hp+arrows
f	664	994:993	2440	/home/woa23c1ro/.local/share/uv/python/cpython-3.11.14-linux-x86_64-gnu/lib/python3.11/site-packages/pip/_vendor/urllib3/filepost.py
f	664	994:993	24452	/home/woa23c1ro/.local/share/uv/python/cpython-3.11.14-linux-x86_64-gnu/include/python3.11/pyport.h
f	664	994:993	2449	/home/woa23c1ro/.local/share/uv/python/cpython-3.11.14-linux-x86_64-gnu/lib/python3.11/site-packages/setuptools-80.9.0.dist-info/entry_points.txt
f	664	994:993	245	/home/woa23c1ro/.local/share/uv/python/cpython-3.11.14-linux-x86_64-gnu/lib/tcl8.6/msgs/en_za.msg
f	664	994:993	24583	/home/woa23c1ro/.local/share/uv/python/cpython-3.11.14-linux-x86_64-gnu/lib/python3.11/pprint.py
f	664	994:993	2459	/home/woa23c1ro/.local/share/uv/python/cpython-3.11.14-linux-x86_64-gnu/lib/python3.11/site-packages/pip/_internal/utils/egg_link.py
f	664	994:993	2460	/home/woa23c1ro/.local/share/uv/python/cpython-3.11.14-linux-x86_64-gnu/share/terminfo/r/rxvt-256color
f	664	994:993	24638	/home/woa23c1ro/.local/share/uv/python/cpython-3.11.14-linux-x86_64-gnu/lib/python3.11/pkgutil.py
f	664	994:993	2464	/home/woa23c1ro/.local/share/uv/python/cpython-3.11.14-linux-x86_64-gnu/lib/python3.11/site-packages/setuptools/_distutils/tests/test_install_data.py
f	664	994:993	2464	/home/woa23c1ro/.local/share/uv/python/cpython-3.11.14-linux-x86_64-gnu/share/terminfo/E/Eterm-256color
f	664	994:993	24674	/home/woa23c1ro/.local/share/uv/python/cpython-3.11.14-linux-x86_64-gnu/lib/python3.11/zoneinfo/_zoneinfo.py
f	664	994:993	2468	/home/woa23c1ro/.local/share/uv/python/cpython-3.11.14-linux-x86_64-gnu/lib/python3.11/site-packages/setuptools/_entry_points.py
f	664	994:993	2471	/home/woa23c1ro/.local/share/uv/python/cpython-3.11.14-linux-x86_64-gnu/include/python3.11/py_curses.h
f	664	994:993	2471	/home/woa23c1ro/.local/share/uv/python/cpython-3.11.14-linux-x86_64-gnu/lib/python3.11/site-packages/pip/_internal/models/format_control.py
f	664	994:993	24731	/home/woa23c1ro/.local/share/uv/python/cpython-3.11.14-linux-x86_64-gnu/lib/python3.11/calendar.py
f	664	994:993	24743	/home/woa23c1ro/.local/share/uv/python/cpython-3.11.14-linux-x86_64-gnu/lib/python3.11/site-packages/pip/_vendor/rich/segment.py
f	664	994:993	2475	/home/woa23c1ro/.local/share/uv/python/cpython-3.11.14-linux-x86_64-gnu/lib/python3.11/asyncio/trsock.py
f	664	994:993	2476	/home/woa23c1ro/.local/share/uv/python/cpython-3.11.14-linux-x86_64-gnu/share/terminfo/x/xterm-vt220
f	664	994:993	248	/home/woa23c1ro/.local/share/uv/python/cpython-3.11.14-linux-x86_64-gnu/lib/python3.11/xml/parsers/expat.py
f	664	994:993	24826	/home/woa23c1ro/.local/share/uv/python/cpython-3.11.14-linux-x86_64-gnu/lib/tcl8.6/init.tcl
f	664	994:993	2484	/home/woa23c1ro/.local/share/uv/python/cpython-3.11.14-linux-x86_64-gnu/lib/python3.11/site-packages/pip/_vendor/rich/filesize.py
f	664	994:993	2489	/home/woa23c1ro/.local/share/uv/python/cpython-3.11.14-linux-x86_64-gnu/lib/tk8.6/images/pwrdLogo150.gif
f	664	994:993	249	/home/woa23c1ro/.local/share/uv/python/cpython-3.11.14-linux-x86_64-gnu/share/terminfo/t/tvi912b+2p
f	664	994:993	2490	/home/woa23c1ro/.local/share/uv/python/cpython-3.11.14-linux-x86_64-gnu/lib/python3.11/site-packages/setuptools/command/install_scripts.py
f	664	994:993	2494	/home/woa23c1ro/.local/share/uv/python/cpython-3.11.14-linux-x86_64-gnu/include/python3.11/internal/pycore_pyerrors.h
f	664	994:993	2494	/home/woa23c1ro/.local/share/uv/python/cpython-3.11.14-linux-x86_64-gnu/share/terminfo/r/rxvt-16color
f	664	994:993	2495	/home/woa23c1ro/.local/share/uv/python/cpython-3.11.14-linux-x86_64-gnu/lib/python3.11/lib2to3/fixes/fix_exitfunc.py
f	664	994:993	2495	/home/woa23c1ro/.local/share/uv/python/cpython-3.11.14-linux-x86_64-gnu/lib/python3.11/signal.py
f	664	994:993	2498	/home/woa23c1ro/.local/share/uv/python/cpython-3.11.14-linux-x86_64-gnu/share/terminfo/s/screen.putty
f	664	994:993	250	/home/woa23c1ro/.local/share/uv/python/cpython-3.11.14-linux-x86_64-gnu/lib/python3.11/site-packages/pip/_vendor/dependency_groups/__init__.py
f	664	994:993	250	/home/woa23c1ro/.local/share/uv/python/cpython-3.11.14-linux-x86_64-gnu/lib/python3.11/site-packages/setuptools-80.9.0.dist-info/direct_url.json
f	664	994:993	2505	/home/woa23c1ro/.local/share/uv/python/cpython-3.11.14-linux-x86_64-gnu/lib/python3.11/site-packages/setuptools/_vendor/autocommand/autocommand.py
f	664	994:993	2509	/home/woa23c1ro/.local/share/uv/python/cpython-3.11.14-linux-x86_64-gnu/share/terminfo/m/mlterm2
f	664	994:993	251	/home/woa23c1ro/.local/share/uv/python/cpython-3.11.14-linux-x86_64-gnu/lib/tcl8.6/msgs/af_za.msg
f	664	994:993	251	/home/woa23c1ro/.local/share/uv/python/cpython-3.11.14-linux-x86_64-gnu/lib/tcl8.6/msgs/en_bw.msg
f	664	994:993	251	/home/woa23c1ro/.local/share/uv/python/cpython-3.11.14-linux-x86_64-gnu/lib/tcl8.6/msgs/en_sg.msg
f	664	994:993	251	/home/woa23c1ro/.local/share/uv/python/cpython-3.11.14-linux-x86_64-gnu/lib/tcl8.6/msgs/en_zw.msg
f	664	994:993	251	/home/woa23c1ro/.local/share/uv/python/cpython-3.11.14-linux-x86_64-gnu/lib/tcl8.6/msgs/es_bo.msg
f	664	994:993	251	/home/woa23c1ro/.local/share/uv/python/cpython-3.11.14-linux-x86_64-gnu/lib/tcl8.6/msgs/es_cl.msg
f	664	994:993	251	/home/woa23c1ro/.local/share/uv/python/cpython-3.11.14-linux-x86_64-gnu/lib/tcl8.6/msgs/es_co.msg
f	664	994:993	251	/home/woa23c1ro/.local/share/uv/python/cpython-3.11.14-linux-x86_64-gnu/lib/tcl8.6/msgs/es_cr.msg
f	664	994:993	251	/home/woa23c1ro/.local/share/uv/python/cpython-3.11.14-linux-x86_64-gnu/lib/tcl8.6/msgs/es_do.msg
f	664	994:993	251	/home/woa23c1ro/.local/share/uv/python/cpython-3.11.14-linux-x86_64-gnu/lib/tcl8.6/msgs/es_ec.msg
f	664	994:993	251	/home/woa23c1ro/.local/share/uv/python/cpython-3.11.14-linux-x86_64-gnu/lib/tcl8.6/msgs/es_gt.msg
f	664	994:993	251	/home/woa23c1ro/.local/share/uv/python/cpython-3.11.14-linux-x86_64-gnu/lib/tcl8.6/msgs/es_hn.msg
f	664	994:993	251	/home/woa23c1ro/.local/share/uv/python/cpython-3.11.14-linux-x86_64-gnu/lib/tcl8.6/msgs/es_mx.msg
f	664	994:993	251	/home/woa23c1ro/.local/share/uv/python/cpython-3.11.14-linux-x86_64-gnu/lib/tcl8.6/msgs/es_ni.msg
f	664	994:993	251	/home/woa23c1ro/.local/share/uv/python/cpython-3.11.14-linux-x86_64-gnu/lib/tcl8.6/msgs/es_pa.msg
f	664	994:993	251	/home/woa23c1ro/.local/share/uv/python/cpython-3.11.14-linux-x86_64-gnu/lib/tcl8.6/msgs/es_pe.msg
f	664	994:993	251	/home/woa23c1ro/.local/share/uv/python/cpython-3.11.14-linux-x86_64-gnu/lib/tcl8.6/msgs/es_pr.msg
f	664	994:993	251	/home/woa23c1ro/.local/share/uv/python/cpython-3.11.14-linux-x86_64-gnu/lib/tcl8.6/msgs/es_py.msg
f	664	994:993	251	/home/woa23c1ro/.local/share/uv/python/cpython-3.11.14-linux-x86_64-gnu/lib/tcl8.6/msgs/es_sv.msg
f	664	994:993	251	/home/woa23c1ro/.local/share/uv/python/cpython-3.11.14-linux-x86_64-gnu/lib/tcl8.6/msgs/es_uy.msg
f	664	994:993	251	/home/woa23c1ro/.local/share/uv/python/cpython-3.11.14-linux-x86_64-gnu/lib/tcl8.6/msgs/es_ve.msg
f	664	994:993	251	/home/woa23c1ro/.local/share/uv/python/cpython-3.11.14-linux-x86_64-gnu/lib/tcl8.6/msgs/gl_es.msg
f	664	994:993	251	/home/woa23c1ro/.local/share/uv/python/cpython-3.11.14-linux-x86_64-gnu/lib/tcl8.6/msgs/gv_gb.msg
f	664	994:993	251	/home/woa23c1ro/.local/share/uv/python/cpython-3.11.14-linux-x86_64-gnu/lib/tcl8.6/msgs/hi_in.msg
f	664	994:993	251	/home/woa23c1ro/.local/share/uv/python/cpython-3.11.14-linux-x86_64-gnu/lib/tcl8.6/msgs/id_id.msg
f	664	994:993	251	/home/woa23c1ro/.local/share/uv/python/cpython-3.11.14-linux-x86_64-gnu/lib/tcl8.6/msgs/kw_gb.msg
f	664	994:993	251	/home/woa23c1ro/.local/share/uv/python/cpython-3.11.14-linux-x86_64-gnu/lib/tcl8.6/msgs/mr_in.msg
f	664	994:993	251	/home/woa23c1ro/.local/share/uv/python/cpython-3.11.14-linux-x86_64-gnu/lib/tcl8.6/msgs/ta_in.msg
f	664	994:993	2510	/home/woa23c1ro/.local/share/uv/python/cpython-3.11.14-linux-x86_64-gnu/share/terminfo/p/putty-vt100
f	664	994:993	2514	/home/woa23c1ro/.local/share/uv/python/cpython-3.11.14-linux-x86_64-gnu/lib/python3.11/site-packages/pip/_internal/utils/compat.py
f	664	994:993	2516	/home/woa23c1ro/.local/share/uv/python/cpython-3.11.14-linux-x86_64-gnu/include/python3.11/sliceobject.h
f	664	994:993	25175	/home/woa23c1ro/.local/share/uv/python/cpython-3.11.14-linux-x86_64-gnu/lib/python3.11/_strptime.py
f	664	994:993	2518	/home/woa23c1ro/.local/share/uv/python/cpython-3.11.14-linux-x86_64-gnu/lib/python3.11/site-packages/setuptools/_vendor/importlib_metadata-8.0.0.dist-info/RECORD
f	664	994:993	2522	/home/woa23c1ro/.local/share/uv/python/cpython-3.11.14-linux-x86_64-gnu/lib/python3.11/site-packages/setuptools/tests/integration/helpers.py
f	664	994:993	253	/home/woa23c1ro/.local/share/uv/python/cpython-3.11.14-linux-x86_64-gnu/include/python3.11/enumobject.h
f	664	994:993	253	/home/woa23c1ro/.local/share/uv/python/cpython-3.11.14-linux-x86_64-gnu/share/terminfo/a/abm80
f	664	994:993	2530	/home/woa23c1ro/.local/share/uv/python/cpython-3.11.14-linux-x86_64-gnu/share/terminfo/p/putty
f	664	994:993	2536	/home/woa23c1ro/.local/share/uv/python/cpython-3.11.14-linux-x86_64-gnu/lib/python3.11/ctypes/_endian.py
f	664	994:993	2536	/home/woa23c1ro/.local/share/uv/python/cpython-3.11.14-linux-x86_64-gnu/lib/python3.11/sqlite3/__init__.py
f	664	994:993	254	/home/woa23c1ro/.local/share/uv/python/cpython-3.11.14-linux-x86_64-gnu/lib/python3.11/site-packages/pip/_vendor/tomli/_types.py
f	664	994:993	254	/home/woa23c1ro/.local/share/uv/python/cpython-3.11.14-linux-x86_64-gnu/lib/python3.11/site-packages/setuptools/_vendor/tomli/_types.py
f	664	994:993	254	/home/woa23c1ro/.local/share/uv/python/cpython-3.11.14-linux-x86_64-gnu/lib/python3.11/tomllib/_types.py
f	664	994:993	254	/home/woa23c1ro/.local/share/uv/python/cpython-3.11.14-linux-x86_64-gnu/lib/tcl8.6/msgs/kok_in.msg
f	664	994:993	25420	/home/woa23c1ro/.local/share/uv/python/cpython-3.11.14-linux-x86_64-gnu/lib/python3.11/site-packages/pip/_internal/metadata/base.py
f	664	994:993	2545	/home/woa23c1ro/.local/share/uv/python/cpython-3.11.14-linux-x86_64-gnu/share/terminfo/i/iTerm2.app
f	664	994:993	2547	/home/woa23c1ro/.local/share/uv/python/cpython-3.11.14-linux-x86_64-gnu/lib/python3.11/curses/ascii.py
f	664	994:993	2548	/home/woa23c1ro/.local/share/uv/python/cpython-3.11.14-linux-x86_64-gnu/share/terminfo/p/putty-noapp
f	664	994:993	255	/home/woa23c1ro/.local/share/uv/python/cpython-3.11.14-linux-x86_64-gnu/lib/python3.11/site-packages/pip/_vendor/certifi/__main__.py
f	664	994:993	2550	/home/woa23c1ro/.local/share/uv/python/cpython-3.11.14-linux-x86_64-gnu/lib/python3.11/site-packages/pip/_internal/locations/base.py
f	664	994:993	2556	/home/woa23c1ro/.local/share/uv/python/cpython-3.11.14-linux-x86_64-gnu/include/python3.11/cpython/methodobject.h
f	664	994:993	257	/home/woa23c1ro/.local/share/uv/python/cpython-3.11.14-linux-x86_64-gnu/lib/python3.11/struct.py
f	664	994:993	2572	/home/woa23c1ro/.local/share/uv/python/cpython-3.11.14-linux-x86_64-gnu/include/python3.11/pyexpat.h
f	664	994:993	25778	/home/woa23c1ro/.local/share/uv/python/cpython-3.11.14-linux-x86_64-gnu/lib/python3.11/site-packages/pip/_vendor/tomli/_parser.py
f	664	994:993	25878	/home/woa23c1ro/.local/share/uv/python/cpython-3.11.14-linux-x86_64-gnu/lib/python3.11/site-packages/setuptools/command/egg_info.py
f	664	994:993	259	/home/woa23c1ro/.local/share/uv/python/cpython-3.11.14-linux-x86_64-gnu/lib/tcl8.6/msgs/ar_in.msg
f	664	994:993	259	/home/woa23c1ro/.local/share/uv/python/cpython-3.11.14-linux-x86_64-gnu/lib/tcl8.6/msgs/bn_in.msg
f	664	994:993	259	/home/woa23c1ro/.local/share/uv/python/cpython-3.11.14-linux-x86_64-gnu/lib/tcl8.6/msgs/ms_my.msg
f	664	994:993	2590	/home/woa23c1ro/.local/share/uv/python/cpython-3.11.14-linux-x86_64-gnu/share/terminfo/s/screen.putty-256color
f	664	994:993	26	/home/woa23c1ro/.local/share/uv/python/cpython-3.11.14-linux-x86_64-gnu/lib/python3.11/site-packages/pip/_vendor/tomli/py.typed
f	664	994:993	26	/home/woa23c1ro/.local/share/uv/python/cpython-3.11.14-linux-x86_64-gnu/lib/python3.11/site-packages/pip/_vendor/tomli_w/py.typed
f	664	994:993	26	/home/woa23c1ro/.local/share/uv/python/cpython-3.11.14-linux-x86_64-gnu/lib/python3.11/site-packages/setuptools/_vendor/tomli/py.typed
f	664	994:993	260	/home/woa23c1ro/.local/share/uv/python/cpython-3.11.14-linux-x86_64-gnu/share/terminfo/a/ansi+arrows
f	664	994:993	2600	/home/woa23c1ro/.local/share/uv/python/cpython-3.11.14-linux-x86_64-gnu/share/terminfo/p/putty-screen
f	664	994:993	26002	/home/woa23c1ro/.local/share/uv/python/cpython-3.11.14-linux-x86_64-gnu/lib/tk8.6/xmfbox.tcl
f	664	994:993	2602	/home/woa23c1ro/.local/share/uv/python/cpython-3.11.14-linux-x86_64-gnu/share/terminfo/i/iterm2-direct
f	664	994:993	2603	/home/woa23c1ro/.local/share/uv/python/cpython-3.11.14-linux-x86_64-gnu/lib/python3.11/distutils/command/install_egg_info.py
f	664	994:993	2603	/home/woa23c1ro/.local/share/uv/python/cpython-3.11.14-linux-x86_64-gnu/lib/tk8.6/demos/puzzle.tcl
f	664	994:993	2606	/home/woa23c1ro/.local/share/uv/python/cpython-3.11.14-linux-x86_64-gnu/share/terminfo/p/putty-sco
f	664	994:993	2608	/home/woa23c1ro/.local/share/uv/python/cpython-3.11.14-linux-x86_64-gnu/share/terminfo/p/putty-256color
f	664	994:993	26089	/home/woa23c1ro/.local/share/uv/python/cpython-3.11.14-linux-x86_64-gnu/lib/python3.11/re/_compiler.py
f	664	994:993	2616	/home/woa23c1ro/.local/share/uv/python/cpython-3.11.14-linux-x86_64-gnu/lib/python3.11/idlelib/window.py
f	664	994:993	2617	/home/woa23c1ro/.local/share/uv/python/cpython-3.11.14-linux-x86_64-gnu/include/python3.11/bytesobject.h
f	664	994:993	2618	/home/woa23c1ro/.local/share/uv/python/cpython-3.11.14-linux-x86_64-gnu/lib/python3.11/site-packages/pip/_internal/req/req_dependency_group.py
f	664	994:993	262	/home/woa23c1ro/.local/share/uv/python/cpython-3.11.14-linux-x86_64-gnu/share/terminfo/a/apple80p
f	664	994:993	262	/home/woa23c1ro/.local/share/uv/python/cpython-3.11.14-linux-x86_64-gnu/share/terminfo/p/putty+keypad
f	664	994:993	2620	/home/woa23c1ro/.local/share/uv/python/cpython-3.11.14-linux-x86_64-gnu/share/terminfo/x/xterm-sco
f	664	994:993	26323	/home/woa23c1ro/.local/share/uv/python/cpython-3.11.14-linux-x86_64-gnu/lib/python3.11/venv/__init__.py
f	664	994:993	26336	/home/woa23c1ro/.local/share/uv/python/cpython-3.11.14-linux-x86_64-gnu/lib/python3.11/tokenize.py
f	664	994:993	2637	/home/woa23c1ro/.local/share/uv/python/cpython-3.11.14-linux-x86_64-gnu/share/terminfo/s/st-0.8
f	664	994:993	2639	/home/woa23c1ro/.local/share/uv/python/cpython-3.11.14-linux-x86_64-gnu/share/terminfo/s/st
f	664	994:993	264	/home/woa23c1ro/.local/share/uv/python/cpython-3.11.14-linux-x86_64-gnu/include/python3.11/bltinmodule.h
f	664	994:993	26429	/home/woa23c1ro/.local/share/uv/python/cpython-3.11.14-linux-x86_64-gnu/lib/python3.11/site-packages/pip/_vendor/requests/adapters.py
f	664	994:993	2644	/home/woa23c1ro/.local/share/uv/python/cpython-3.11.14-linux-x86_64-gnu/lib/python3.11/asyncio/base_tasks.py
f	664	994:993	2644	/home/woa23c1ro/.local/share/uv/python/cpython-3.11.14-linux-x86_64-gnu/lib/python3.11/site-packages/setuptools/_distutils/command/clean.py
f	664	994:993	265	/home/woa23c1ro/.local/share/uv/python/cpython-3.11.14-linux-x86_64-gnu/lib/python3.11/site-packages/pip/_vendor/rich/_extension.py
f	664	994:993	2652	/home/woa23c1ro/.local/share/uv/python/cpython-3.11.14-linux-x86_64-gnu/share/terminfo/x/xterm-hp
f	664	994:993	26575	/home/woa23c1ro/.local/share/uv/python/cpython-3.11.14-linux-x86_64-gnu/lib/python3.11/site-packages/setuptools/config/setupcfg.py
f	664	994:993	266	/home/woa23c1ro/.local/share/uv/python/cpython-3.11.14-linux-x86_64-gnu/share/terminfo/h/hp+pfk+arrows
f	664	994:993	2660	/home/woa23c1ro/.local/share/uv/python/cpython-3.11.14-linux-x86_64-gnu/lib/python3.11/tkinter/colorchooser.py
f	664	994:993	2664	/home/woa23c1ro/.local/share/uv/python/cpython-3.11.14-linux-x86_64-gnu/lib/python3.11/site-packages/setuptools/_distutils/tests/test_config_cmd.py
f	664	994:993	26640	/home/woa23c1ro/.local/share/uv/python/cpython-3.11.14-linux-x86_64-gnu/lib/python3.11/site-packages/setuptools/_vendor/jaraco/collections/__init__.py
f	664	994:993	2669	/home/woa23c1ro/.local/share/uv/python/cpython-3.11.14-linux-x86_64-gnu/include/python3.11/token.h
f	664	994:993	2674	/home/woa23c1ro/.local/share/uv/python/cpython-3.11.14-linux-x86_64-gnu/lib/python3.11/site-packages/setuptools/_vendor/wheel/vendored/packaging/_musllinux.py
f	664	994:993	2675	/home/woa23c1ro/.local/share/uv/python/cpython-3.11.14-linux-x86_64-gnu/lib/python3.11/_bootsubprocess.py
f	664	994:993	268	/home/woa23c1ro/.local/share/uv/python/cpython-3.11.14-linux-x86_64-gnu/share/terminfo/a/ansi+apparrows
f	664	994:993	2693	/home/woa23c1ro/.local/share/uv/python/cpython-3.11.14-linux-x86_64-gnu/lib/tk8.6/ttk/scale.tcl
f	664	994:993	2694	/home/woa23c1ro/.local/share/uv/python/cpython-3.11.14-linux-x86_64-gnu/lib/python3.11/lib2to3/fixes/fix_xrange.py
f	664	994:993	2694	/home/woa23c1ro/.local/share/uv/python/cpython-3.11.14-linux-x86_64-gnu/lib/python3.11/site-packages/pip/_vendor/packaging/_musllinux.py
f	664	994:993	2694	/home/woa23c1ro/.local/share/uv/python/cpython-3.11.14-linux-x86_64-gnu/lib/python3.11/site-packages/setuptools/_vendor/packaging/_musllinux.py
f	664	994:993	2699	/home/woa23c1ro/.local/share/uv/python/cpython-3.11.14-linux-x86_64-gnu/share/terminfo/a/absolute
f	664	994:993	26990	/home/woa23c1ro/.local/share/uv/python/cpython-3.11.14-linux-x86_64-gnu/lib/python3.11/site-packages/pip/_vendor/rich/style.py
f	664	994:993	2701	/home/woa23c1ro/.local/share/uv/python/cpython-3.11.14-linux-x86_64-gnu/lib/python3.11/site-packages/setuptools/_distutils/compilers/C/tests/test_cygwin.py
f	664	994:993	2705	/home/woa23c1ro/.local/share/uv/python/cpython-3.11.14-linux-x86_64-gnu/share/terminfo/s/st-direct
f	664	994:993	2706	/home/woa23c1ro/.local/share/uv/python/cpython-3.11.14-linux-x86_64-gnu/lib/python3.11/site-packages/setuptools/_distutils/compilers/C/tests/test_base.py
f	664	994:993	271	/home/woa23c1ro/.local/share/uv/python/cpython-3.11.14-linux-x86_64-gnu/share/terminfo/h/hp236
f	664	994:993	2711	/home/woa23c1ro/.local/share/uv/python/cpython-3.11.14-linux-x86_64-gnu/lib/python3.11/site-packages/pip/_internal/metadata/_json.py
f	664	994:993	27172	/home/woa23c1ro/.local/share/uv/python/cpython-3.11.14-linux-x86_64-gnu/lib/python3.11/idlelib/NEWS2x.txt
f	664	994:993	272	/home/woa23c1ro/.local/share/uv/python/cpython-3.11.14-linux-x86_64-gnu/lib/tk8.6/demos/images/pattern.xbm
f	664	994:993	2731	/home/woa23c1ro/.local/share/uv/python/cpython-3.11.14-linux-x86_64-gnu/share/terminfo/s/st-0.7
f	664	994:993	2733	/home/woa23c1ro/.local/share/uv/python/cpython-3.11.14-linux-x86_64-gnu/include/python3.11/internal/pycore_pyarena.h
f	664	994:993	274	/home/woa23c1ro/.local/share/uv/python/cpython-3.11.14-linux-x86_64-gnu/share/terminfo/t/tvi912b+vb
f	664	994:993	27414	/home/woa23c1ro/.local/share/uv/python/cpython-3.11.14-linux-x86_64-gnu/lib/python3.11/contextlib.py
f	664	994:993	2746	/home/woa23c1ro/.local/share/uv/python/cpython-3.11.14-linux-x86_64-gnu/lib/python3.11/unittest/_log.py
f	664	994:993	275	/home/woa23c1ro/.local/share/uv/python/cpython-3.11.14-linux-x86_64-gnu/lib/tk8.6/demos/images/gray25.xbm
f	664	994:993	2750	/home/woa23c1ro/.local/share/uv/python/cpython-3.11.14-linux-x86_64-gnu/lib/python3.11/site-packages/setuptools/_distutils/tests/test_version.py
f	664	994:993	27503	/home/woa23c1ro/.local/share/uv/python/cpython-3.11.14-linux-x86_64-gnu/lib/python3.11/asyncio/streams.py
f	664	994:993	27507	/home/woa23c1ro/.local/share/uv/python/cpython-3.11.14-linux-x86_64-gnu/lib/python3.11/lib2to3/refactor.py
f	664	994:993	2752	/home/woa23c1ro/.local/share/uv/python/cpython-3.11.14-linux-x86_64-gnu/lib/tk8.6/demos/radio.tcl
f	664	994:993	2757	/home/woa23c1ro/.local/share/uv/python/cpython-3.11.14-linux-x86_64-gnu/lib/tk8.6/demos/plot.tcl
f	664	994:993	27586	/home/woa23c1ro/.local/share/uv/python/cpython-3.11.14-linux-x86_64-gnu/lib/python3.11/socketserver.py
f	664	994:993	2759	/home/woa23c1ro/.local/share/uv/python/cpython-3.11.14-linux-x86_64-gnu/share/terminfo/s/st-256color
f	664	994:993	27597	/home/woa23c1ro/.local/share/uv/python/cpython-3.11.14-linux-x86_64-gnu/lib/python3.11/uuid.py
f	664	994:993	276	/home/woa23c1ro/.local/share/uv/python/cpython-3.11.14-linux-x86_64-gnu/share/terminfo/x/xterm+meta
f	664	994:993	2765	/home/woa23c1ro/.local/share/uv/python/cpython-3.11.14-linux-x86_64-gnu/lib/python3.11/lib2to3/fixes/fix_filter.py
f	664	994:993	2774	/home/woa23c1ro/.local/share/uv/python/cpython-3.11.14-linux-x86_64-gnu/lib/python3.11/site-packages/setuptools/tests/namespaces.py
f	664	994:993	2776	/home/woa23c1ro/.local/share/uv/python/cpython-3.11.14-linux-x86_64-gnu/lib/python3.11/distutils/command/clean.py
f	664	994:993	27809	/home/woa23c1ro/.local/share/uv/python/cpython-3.11.14-linux-x86_64-gnu/lib/tk8.6/images/pwrdLogo.eps
f	664	994:993	2781	/home/woa23c1ro/.local/share/uv/python/cpython-3.11.14-linux-x86_64-gnu/lib/tk8.6/ttk/winTheme.tcl
f	664	994:993	2783	/home/woa23c1ro/.local/share/uv/python/cpython-3.11.14-linux-x86_64-gnu/lib/python3.11/site-packages/pip/_vendor/rich/_windows_renderer.py
f	664	994:993	2784	/home/woa23c1ro/.local/share/uv/python/cpython-3.11.14-linux-x86_64-gnu/share/terminfo/x/xterm-sun
f	664	994:993	279	/home/woa23c1ro/.local/share/uv/python/cpython-3.11.14-linux-x86_64-gnu/lib/tcl8.6/msgs/en_gb.msg
f	664	994:993	279	/home/woa23c1ro/.local/share/uv/python/cpython-3.11.14-linux-x86_64-gnu/lib/tcl8.6/msgs/en_ie.msg
f	664	994:993	279	/home/woa23c1ro/.local/share/uv/python/cpython-3.11.14-linux-x86_64-gnu/lib/tcl8.6/msgs/fo_fo.msg
f	664	994:993	279	/home/woa23c1ro/.local/share/uv/python/cpython-3.11.14-linux-x86_64-gnu/lib/tcl8.6/msgs/fr_be.msg
f	664	994:993	279	/home/woa23c1ro/.local/share/uv/python/cpython-3.11.14-linux-x86_64-gnu/lib/tcl8.6/msgs/fr_ca.msg
f	664	994:993	279	/home/woa23c1ro/.local/share/uv/python/cpython-3.11.14-linux-x86_64-gnu/lib/tcl8.6/msgs/ga_ie.msg
f	664	994:993	279	/home/woa23c1ro/.local/share/uv/python/cpython-3.11.14-linux-x86_64-gnu/lib/tcl8.6/msgs/kl_gl.msg
f	664	994:993	279	/home/woa23c1ro/.local/share/uv/python/cpython-3.11.14-linux-x86_64-gnu/lib/tcl8.6/msgs/nl_be.msg
f	664	994:993	279	/home/woa23c1ro/.local/share/uv/python/cpython-3.11.14-linux-x86_64-gnu/lib/tcl8.6/msgs/pt_br.msg
f	664	994:993	27956	/home/woa23c1ro/.local/share/uv/python/cpython-3.11.14-linux-x86_64-gnu/lib/python3.11/site-packages/pip/_internal/operations/install/wheel.py
f	664	994:993	27974	/home/woa23c1ro/.local/share/uv/python/cpython-3.11.14-linux-x86_64-gnu/lib/python3.11/lib2to3/pytree.py
f	664	994:993	2799	/home/woa23c1ro/.local/share/uv/python/cpython-3.11.14-linux-x86_64-gnu/share/terminfo/s/st-16color
f	664	994:993	2800	/home/woa23c1ro/.local/share/uv/python/cpython-3.11.14-linux-x86_64-gnu/share/terminfo/x/xterms-sun
f	664	994:993	2804	/home/woa23c1ro/.local/share/uv/python/cpython-3.11.14-linux-x86_64-gnu/lib/python3.11/site-packages/pip/_internal/metadata/importlib/_compat.py
f	664	994:993	281	/home/woa23c1ro/.local/share/uv/python/cpython-3.11.14-linux-x86_64-gnu/lib/tcl8.6/msgs/fr_ch.msg
f	664	994:993	2810	/home/woa23c1ro/.local/share/uv/python/cpython-3.11.14-linux-x86_64-gnu/include/python3.11/memoryobject.h
f	664	994:993	2815	/home/woa23c1ro/.local/share/uv/python/cpython-3.11.14-linux-x86_64-gnu/lib/python3.11/site-packages/pip/_internal/cli/main.py
f	664	994:993	2822	/home/woa23c1ro/.local/share/uv/python/cpython-3.11.14-linux-x86_64-gnu/lib/python3.11/distutils/command/install_data.py
f	664	994:993	28242	/home/woa23c1ro/.local/share/uv/python/cpython-3.11.14-linux-x86_64-gnu/lib/python3.11/distutils/command/install.py
f	664	994:993	2828	/home/woa23c1ro/.local/share/uv/python/cpython-3.11.14-linux-x86_64-gnu/lib/python3.11/site-packages/pip/_internal/req/req_set.py
f	664	994:993	28354	/home/woa23c1ro/.local/share/uv/python/cpython-3.11.14-linux-x86_64-gnu/lib/python3.11/plistlib.py
f	664	994:993	2839	/home/woa23c1ro/.local/share/uv/python/cpython-3.11.14-linux-x86_64-gnu/include/python3.11/internal/pycore_condvar.h
f	664	994:993	2839	/home/woa23c1ro/.local/share/uv/python/cpython-3.11.14-linux-x86_64-gnu/lib/python3.11/site-packages/pip/_internal/models/installation_report.py
f	664	994:993	2843	/home/woa23c1ro/.local/share/uv/python/cpython-3.11.14-linux-x86_64-gnu/lib/python3.11/site-packages/pip/_vendor/rich/scope.py
f	664	994:993	2844	/home/woa23c1ro/.local/share/uv/python/cpython-3.11.14-linux-x86_64-gnu/lib/python3.11/lib2to3/fixes/fix_print.py
f	664	994:993	2846	/home/woa23c1ro/.local/share/uv/python/cpython-3.11.14-linux-x86_64-gnu/lib/python3.11/site-packages/setuptools/_vendor/typeguard/_config.py
f	664	994:993	285	/home/woa23c1ro/.local/share/uv/python/cpython-3.11.14-linux-x86_64-gnu/lib/pkgconfig/python-3.11.pc
f	664	994:993	285	/home/woa23c1ro/.local/share/uv/python/cpython-3.11.14-linux-x86_64-gnu/lib/python3.11/site-packages/pip/_vendor/dependency_groups/_toml_compat.py
f	664	994:993	2851	/home/woa23c1ro/.local/share/uv/python/cpython-3.11.14-linux-x86_64-gnu/lib/python3.11/encodings/uu_codec.py
f	664	994:993	2852	/home/woa23c1ro/.local/share/uv/python/cpython-3.11.14-linux-x86_64-gnu/lib/itcl4.2.4/itclConfig.sh
f	664	994:993	2854	/home/woa23c1ro/.local/share/uv/python/cpython-3.11.14-linux-x86_64-gnu/include/python3.11/Python.h
f	664	994:993	2858	/home/woa23c1ro/.local/share/uv/python/cpython-3.11.14-linux-x86_64-gnu/lib/python3.11/site-packages/setuptools/config/_validate_pyproject/extra_validations.py
f	664	994:993	28591	/home/woa23c1ro/.local/share/uv/python/cpython-3.11.14-linux-x86_64-gnu/lib/python3.11/site-packages/setuptools/_vendor/more_itertools/recipes.py
f	664	994:993	286	/home/woa23c1ro/.local/share/uv/python/cpython-3.11.14-linux-x86_64-gnu/lib/python3.11/site-packages/pip/py.typed
f	664	994:993	2864	/home/woa23c1ro/.local/share/uv/python/cpython-3.11.14-linux-x86_64-gnu/lib/python3.11/idlelib/config-highlight.def
f	664	994:993	28641	/home/woa23c1ro/.local/share/uv/python/cpython-3.11.14-linux-x86_64-gnu/lib/python3.11/asyncio/events.py
f	664	994:993	28677	/home/woa23c1ro/.local/share/uv/python/cpython-3.11.14-linux-x86_64-gnu/lib/python3.11/fractions.py
f	664	994:993	2868	/home/woa23c1ro/.local/share/uv/python/cpython-3.11.14-linux-x86_64-gnu/lib/python3.11/site-packages/setuptools/_distutils/command/install_egg_info.py
f	664	994:993	287	/home/woa23c1ro/.local/share/uv/python/cpython-3.11.14-linux-x86_64-gnu/lib/tcl8.6/msgs/eu_es.msg
f	664	994:993	2875	/home/woa23c1ro/.local/share/uv/python/cpython-3.11.14-linux-x86_64-gnu/lib/python3.11/site-packages/setuptools/_distutils/command/install_data.py
f	664	994:993	288	/home/woa23c1ro/.local/share/uv/python/cpython-3.11.14-linux-x86_64-gnu/lib/tcl8.6/msgs/en_ca.msg
f	664	994:993	2880	/home/woa23c1ro/.local/share/uv/python/cpython-3.11.14-linux-x86_64-gnu/lib/python3.11/site-packages/setuptools/_distutils/tests/test_build_scripts.py
f	664	994:993	28807	/home/woa23c1ro/.local/share/uv/python/cpython-3.11.14-linux-x86_64-gnu/lib/python3.11/site-packages/setuptools/tests/config/test_apply_pyprojecttoml.py
f	664	994:993	2887	/home/woa23c1ro/.local/share/uv/python/cpython-3.11.14-linux-x86_64-gnu/lib/python3.11/nturl2path.py
f	664	994:993	289	/home/woa23c1ro/.local/share/uv/python/cpython-3.11.14-linux-x86_64-gnu/lib/python3.11/lib2to3/fixes/fix_imports2.py
f	664	994:993	28906	/home/woa23c1ro/.local/share/uv/python/cpython-3.11.14-linux-x86_64-gnu/lib/python3.11/dis.py
f	664	994:993	2891	/home/woa23c1ro/.local/share/uv/python/cpython-3.11.14-linux-x86_64-gnu/lib/python3.11/importlib/resources/_common.py
f	664	994:993	2891	/home/woa23c1ro/.local/share/uv/python/cpython-3.11.14-linux-x86_64-gnu/lib/python3.11/site-packages/setuptools/_vendor/jaraco.functools-4.0.1.dist-info/METADATA
f	664	994:993	28914	/home/woa23c1ro/.local/share/uv/python/cpython-3.11.14-linux-x86_64-gnu/lib/python3.11/site-packages/pip/_internal/operations/prepare.py
f	664	994:993	2895	/home/woa23c1ro/.local/share/uv/python/cpython-3.11.14-linux-x86_64-gnu/lib/python3.11/importlib/metadata/_functools.py
f	664	994:993	2895	/home/woa23c1ro/.local/share/uv/python/cpython-3.11.14-linux-x86_64-gnu/lib/python3.11/site-packages/setuptools/_vendor/importlib_metadata/_functools.py
f	664	994:993	29	/home/woa23c1ro/.local/share/uv/python/cpython-3.11.14-linux-x86_64-gnu/lib/python3.11/site-packages/pip/_internal/index/__init__.py
f	664	994:993	291	/home/woa23c1ro/.local/share/uv/python/cpython-3.11.14-linux-x86_64-gnu/include/python3.11/osmodule.h
f	664	994:993	2912	/home/woa23c1ro/.local/share/uv/python/cpython-3.11.14-linux-x86_64-gnu/lib/python3.11/site-packages/pip/_vendor/requests/structures.py
f	664	994:993	291366	/home/woa23c1ro/.local/share/uv/python/cpython-3.11.14-linux-x86_64-gnu/lib/python3.11/site-packages/pip/_vendor/certifi/cacert.pem
f	664	994:993	292	/home/woa23c1ro/.local/share/uv/python/cpython-3.11.14-linux-x86_64-gnu/share/terminfo/e/ecma+index
f	664	994:993	2920	/home/woa23c1ro/.local/share/uv/python/cpython-3.11.14-linux-x86_64-gnu/lib/python3.11/site-packages/pip/_internal/models/wheel.py
f	664	994:993	2926	/home/woa23c1ro/.local/share/uv/python/cpython-3.11.14-linux-x86_64-gnu/lib/python3.11/lib2to3/fixes/fix_raise.py
f	664	994:993	2927	/home/woa23c1ro/.local/share/uv/python/cpython-3.11.14-linux-x86_64-gnu/share/terminfo/g/gnome-fc5
f	664	994:993	2931	/home/woa23c1ro/.local/share/uv/python/cpython-3.11.14-linux-x86_64-gnu/lib/tk8.6/ttk/button.tcl
f	664	994:993	29315	/home/woa23c1ro/.local/share/uv/python/cpython-3.11.14-linux-x86_64-gnu/include/python3.11/internal/pycore_ast.h
f	664	994:993	2933	/home/woa23c1ro/.local/share/uv/python/cpython-3.11.14-linux-x86_64-gnu/lib/python3.11/site-packages/setuptools/_vendor/wheel/vendored/packaging/requirements.py
f	664	994:993	29352	/home/woa23c1ro/.local/share/uv/python/cpython-3.11.14-linux-x86_64-gnu/lib/tk8.6/mkpsenc.tcl
f	664	994:993	29356	/home/woa23c1ro/.local/share/uv/python/cpython-3.11.14-linux-x86_64-gnu/lib/python3.11/pstats.py
f	664	994:993	2939	/home/woa23c1ro/.local/share/uv/python/cpython-3.11.14-linux-x86_64-gnu/share/terminfo/g/gnome-rh90
f	664	994:993	294	/home/woa23c1ro/.local/share/uv/python/cpython-3.11.14-linux-x86_64-gnu/share/terminfo/a/ansi+idl
f	664	994:993	294	/home/woa23c1ro/.local/share/uv/python/cpython-3.11.14-linux-x86_64-gnu/share/terminfo/c/cdc721
f	664	994:993	2943	/home/woa23c1ro/.local/share/uv/python/cpython-3.11.14-linux-x86_64-gnu/lib/python3.11/site-packages/setuptools/_vendor/tomli/_re.py
f	664	994:993	2943	/home/woa23c1ro/.local/share/uv/python/cpython-3.11.14-linux-x86_64-gnu/lib/python3.11/tomllib/_re.py
f	664	994:993	2947	/home/woa23c1ro/.local/share/uv/python/cpython-3.11.14-linux-x86_64-gnu/lib/python3.11/site-packages/pip/_vendor/packaging/requirements.py
f	664	994:993	2947	/home/woa23c1ro/.local/share/uv/python/cpython-3.11.14-linux-x86_64-gnu/lib/python3.11/site-packages/setuptools/_vendor/packaging/requirements.py
f	664	994:993	29553	/home/woa23c1ro/.local/share/uv/python/cpython-3.11.14-linux-x86_64-gnu/lib/thread2.8.9/ttrace.tcl
f	664	994:993	29592	/home/woa23c1ro/.local/share/uv/python/cpython-3.11.14-linux-x86_64-gnu/lib/python3.11/site-packages/pip/_internal/exceptions.py
f	664	994:993	296	/home/woa23c1ro/.local/share/uv/python/cpython-3.11.14-linux-x86_64-gnu/lib/python3.11/ctypes/macholib/README.ctypes
f	664	994:993	296	/home/woa23c1ro/.local/share/uv/python/cpython-3.11.14-linux-x86_64-gnu/lib/python3.11/site-packages/setuptools/tests/test_extern.py
f	664	994:993	2976	/home/woa23c1ro/.local/share/uv/python/cpython-3.11.14-linux-x86_64-gnu/lib/python3.11/site-packages/setuptools/_path.py
f	664	994:993	2979	/home/woa23c1ro/.local/share/uv/python/cpython-3.11.14-linux-x86_64-gnu/share/terminfo/g/gnome-2007
f	664	994:993	298	/home/woa23c1ro/.local/share/uv/python/cpython-3.11.14-linux-x86_64-gnu/share/terminfo/d/dec+pp
f	664	994:993	29800	/home/woa23c1ro/.local/share/uv/python/cpython-3.11.14-linux-x86_64-gnu/include/python3.11/object.h
f	664	994:993	2981	/home/woa23c1ro/.local/share/uv/python/cpython-3.11.14-linux-x86_64-gnu/lib/tk8.6/images/pwrdLogo175.gif
f	664	994:993	2983	/home/woa23c1ro/.local/share/uv/python/cpython-3.11.14-linux-x86_64-gnu/lib/python3.11/site-packages/pip/_vendor/pygments/__init__.py
f	664	994:993	2985	/home/woa23c1ro/.local/share/uv/python/cpython-3.11.14-linux-x86_64-gnu/share/terminfo/v/vte-2007
f	664	994:993	2989	/home/woa23c1ro/.local/share/uv/python/cpython-3.11.14-linux-x86_64-gnu/include/python3.11/pymacconfig.h
f	664	994:993	2995	/home/woa23c1ro/.local/share/uv/python/cpython-3.11.14-linux-x86_64-gnu/share/terminfo/x/xfce
f	664	994:993	2998	/home/woa23c1ro/.local/share/uv/python/cpython-3.11.14-linux-x86_64-gnu/include/python3.11/cpython/objimpl.h
f	664	994:993	300	/home/woa23c1ro/.local/share/uv/python/cpython-3.11.14-linux-x86_64-gnu/lib/tcl8.6/msgs/en_au.msg
f	664	994:993	300	/home/woa23c1ro/.local/share/uv/python/cpython-3.11.14-linux-x86_64-gnu/lib/tcl8.6/msgs/en_nz.msg
f	664	994:993	30072	/home/woa23c1ro/.local/share/uv/python/cpython-3.11.14-linux-x86_64-gnu/lib/python3.11/site-packages/setuptools/_distutils/command/install.py
f	664	994:993	3017	/home/woa23c1ro/.local/share/uv/python/cpython-3.11.14-linux-x86_64-gnu/share/terminfo/g/gnome-2008
f	664	994:993	3018	/home/woa23c1ro/.local/share/uv/python/cpython-3.11.14-linux-x86_64-gnu/lib/python3.11/site-packages/setuptools/_vendor/typing_extensions-4.12.2.dist-info/METADATA
f	664	994:993	30193	/home/woa23c1ro/.local/share/uv/python/cpython-3.11.14-linux-x86_64-gnu/lib/python3.11/_collections_abc.py
f	664	994:993	3023	/home/woa23c1ro/.local/share/uv/python/cpython-3.11.14-linux-x86_64-gnu/share/terminfo/v/vte-2008
f	664	994:993	3024	/home/woa23c1ro/.local/share/uv/python/cpython-3.11.14-linux-x86_64-gnu/lib/python3.11/site-packages/setuptools/errors.py
f	664	994:993	3025	/home/woa23c1ro/.local/share/uv/python/cpython-3.11.14-linux-x86_64-gnu/include/python3.11/import.h
f	664	994:993	3027	/home/woa23c1ro/.local/share/uv/python/cpython-3.11.14-linux-x86_64-gnu/share/terminfo/v/vte-2012
f	664	994:993	3029	/home/woa23c1ro/.local/share/uv/python/cpython-3.11.14-linux-x86_64-gnu/share/terminfo/g/gnome
f	664	994:993	303	/home/woa23c1ro/.local/share/uv/python/cpython-3.11.14-linux-x86_64-gnu/lib/python3.11/site-packages/pip/_vendor/cachecontrol/caches/__init__.py
f	664	994:993	3031	/home/woa23c1ro/.local/share/uv/python/cpython-3.11.14-linux-x86_64-gnu/include/python3.11/internal/pycore_asdl.h
f	664	994:993	30315	/home/woa23c1ro/.local/share/uv/python/cpython-3.11.14-linux-x86_64-gnu/lib/python3.11/sysconfig.py
f	664	994:993	3039	/home/woa23c1ro/.local/share/uv/python/cpython-3.11.14-linux-x86_64-gnu/share/terminfo/g/gnome-2012
f	664	994:993	3041	/home/woa23c1ro/.local/share/uv/python/cpython-3.11.14-linux-x86_64-gnu/lib/python3.11/site-packages/pip/_internal/req/__init__.py
f	664	994:993	3044	/home/woa23c1ro/.local/share/uv/python/cpython-3.11.14-linux-x86_64-gnu/share/terminfo/m/mrxvt
f	664	994:993	30453	/home/woa23c1ro/.local/share/uv/python/cpython-3.11.14-linux-x86_64-gnu/lib/python3.11/distutils/msvc9compiler.py
f	664	994:993	30472	/home/woa23c1ro/.local/share/uv/python/cpython-3.11.14-linux-x86_64-gnu/lib/python3.11/site-packages/pip/_internal/commands/install.py
f	664	994:993	305	/home/woa23c1ro/.local/share/uv/python/cpython-3.11.14-linux-x86_64-gnu/lib/tcl8.6/msgs/en_be.msg
f	664	994:993	30503	/home/woa23c1ro/.local/share/uv/python/cpython-3.11.14-linux-x86_64-gnu/lib/python3.11/site-packages/pip/_vendor/requests/sessions.py
f	664	994:993	306	/home/woa23c1ro/.local/share/uv/python/cpython-3.11.14-linux-x86_64-gnu/share/terminfo/a/ansi+idc
f	664	994:993	3061	/home/woa23c1ro/.local/share/uv/python/cpython-3.11.14-linux-x86_64-gnu/lib/python3.11/multiprocessing/dummy/__init__.py
f	664	994:993	30641	/home/woa23c1ro/.local/share/uv/python/cpython-3.11.14-linux-x86_64-gnu/lib/python3.11/site-packages/pip/_vendor/urllib3/response.py
f	664	994:993	30686	/home/woa23c1ro/.local/share/uv/python/cpython-3.11.14-linux-x86_64-gnu/lib/python3.11/ntpath.py
f	664	994:993	3071	/home/woa23c1ro/.local/share/uv/python/cpython-3.11.14-linux-x86_64-gnu/lib/python3.11/config-3.11-x86_64-linux-gnu/Setup.local
f	664	994:993	3072	/home/woa23c1ro/.local/share/uv/python/cpython-3.11.14-linux-x86_64-gnu/lib/python3.11/site-packages/pip/_vendor/pygments/regexopt.py
f	664	994:993	3072	/home/woa23c1ro/.local/share/uv/python/cpython-3.11.14-linux-x86_64-gnu/lib/python3.11/site-packages/setuptools/tests/test_develop.py
f	664	994:993	3078	/home/woa23c1ro/.local/share/uv/python/cpython-3.11.14-linux-x86_64-gnu/lib/tk8.6/demos/bind.tcl
f	664	994:993	308	/home/woa23c1ro/.local/share/uv/python/cpython-3.11.14-linux-x86_64-gnu/lib/python3.11/tomllib/__init__.py
f	664	994:993	308	/home/woa23c1ro/.local/share/uv/python/cpython-3.11.14-linux-x86_64-gnu/share/terminfo/a/ansi+rep
f	664	994:993	308	/home/woa23c1ro/.local/share/uv/python/cpython-3.11.14-linux-x86_64-gnu/share/terminfo/d/dumb
f	664	994:993	3082	/home/woa23c1ro/.local/share/uv/python/cpython-3.11.14-linux-x86_64-gnu/lib/python3.11/site-packages/setuptools/_vendor/zipp/glob.py
f	664	994:993	30897	/home/woa23c1ro/.local/share/uv/python/cpython-3.11.14-linux-x86_64-gnu/lib/python3.11/zipimport.py
f	664	994:993	309	/home/woa23c1ro/.local/share/uv/python/cpython-3.11.14-linux-x86_64-gnu/share/terminfo/v/vc303
f	664	994:993	309	/home/woa23c1ro/.local/share/uv/python/cpython-3.11.14-linux-x86_64-gnu/share/terminfo/v/vc303a
f	664	994:993	3092	/home/woa23c1ro/.local/share/uv/python/cpython-3.11.14-linux-x86_64-gnu/lib/python3.11/site-packages/pip/_vendor/pygments/scanner.py
f	664	994:993	3092	/home/woa23c1ro/.local/share/uv/python/cpython-3.11.14-linux-x86_64-gnu/lib/python3.11/site-packages/setuptools/_distutils/errors.py
f	664	994:993	3093	/home/woa23c1ro/.local/share/uv/python/cpython-3.11.14-linux-x86_64-gnu/lib/python3.11/idlelib/pathbrowser.py
f	664	994:993	3094	/home/woa23c1ro/.local/share/uv/python/cpython-3.11.14-linux-x86_64-gnu/lib/python3.11/email/mime/audio.py
f	664	994:993	3099	/home/woa23c1ro/.local/share/uv/python/cpython-3.11.14-linux-x86_64-gnu/lib/python3.11/site-packages/pip/_internal/commands/freeze.py
f	664	994:993	310	/home/woa23c1ro/.local/share/uv/python/cpython-3.11.14-linux-x86_64-gnu/lib/tcl8.6/msgs/en_in.msg
f	664	994:993	3102	/home/woa23c1ro/.local/share/uv/python/cpython-3.11.14-linux-x86_64-gnu/lib/python3.11/site-packages/setuptools/tests/environment.py
f	664	994:993	31025	/home/woa23c1ro/.local/share/uv/python/cpython-3.11.14-linux-x86_64-gnu/lib/python3.11/site-packages/pip/_internal/cli/cmdoptions.py
f	664	994:993	3103	/home/woa23c1ro/.local/share/uv/python/cpython-3.11.14-linux-x86_64-gnu/lib/python3.11/site-packages/setuptools/_vendor/wheel/cli/pack.py
f	664	994:993	31109	/home/woa23c1ro/.local/share/uv/python/cpython-3.11.14-linux-x86_64-gnu/lib/python3.11/importlib/metadata/__init__.py
f	664	994:993	312	/home/woa23c1ro/.local/share/uv/python/cpython-3.11.14-linux-x86_64-gnu/lib/pkgconfig/python-3.11-embed.pc
f	664	994:993	312	/home/woa23c1ro/.local/share/uv/python/cpython-3.11.14-linux-x86_64-gnu/lib/tcl8.6/msgs/zh_cn.msg
f	664	994:993	312	/home/woa23c1ro/.local/share/uv/python/cpython-3.11.14-linux-x86_64-gnu/share/terminfo/c/cdc721ll
f	664	994:993	3123	/home/woa23c1ro/.local/share/uv/python/cpython-3.11.14-linux-x86_64-gnu/lib/python3.11/importlib/resources/simple.py
f	664	994:993	3123	/home/woa23c1ro/.local/share/uv/python/cpython-3.11.14-linux-x86_64-gnu/lib/python3.11/site-packages/setuptools/tests/test_build_clib.py
f	664	994:993	3125	/home/woa23c1ro/.local/share/uv/python/cpython-3.11.14-linux-x86_64-gnu/share/terminfo/s/screen.mrxvt
f	664	994:993	31252	/home/woa23c1ro/.local/share/uv/python/cpython-3.11.14-linux-x86_64-gnu/lib/python3.11/site-packages/pkg_resources/tests/test_resources.py
f	664	994:993	31273	/home/woa23c1ro/.local/share/uv/python/cpython-3.11.14-linux-x86_64-gnu/lib/python3.11/site-packages/pip/_internal/req/req_install.py
f	664	994:993	3128	/home/woa23c1ro/.local/share/uv/python/cpython-3.11.14-linux-x86_64-gnu/lib/python3.11/_sitebuiltins.py
f	664	994:993	3135	/home/woa23c1ro/.local/share/uv/python/cpython-3.11.14-linux-x86_64-gnu/lib/python3.11/bisect.py
f	664	994:993	31360	/home/woa23c1ro/.local/share/uv/python/cpython-3.11.14-linux-x86_64-gnu/lib/python3.11/site-packages/setuptools/_vendor/typeguard/_checkers.py
f	664	994:993	3139	/home/woa23c1ro/.local/share/uv/python/cpython-3.11.14-linux-x86_64-gnu/share/terminfo/s/screen-bce.mrxvt
f	664	994:993	314	/home/woa23c1ro/.local/share/uv/python/cpython-3.11.14-linux-x86_64-gnu/lib/python3.11/site-packages/pip/_vendor/tomli/__init__.py
f	664	994:993	314	/home/woa23c1ro/.local/share/uv/python/cpython-3.11.14-linux-x86_64-gnu/lib/python3.11/turtledemo/__init__.py
f	664	994:993	31404	/home/woa23c1ro/.local/share/uv/python/cpython-3.11.14-linux-x86_64-gnu/include/python3.11/abstract.h
f	664	994:993	3146	/home/woa23c1ro/.local/share/uv/python/cpython-3.11.14-linux-x86_64-gnu/share/terminfo/s/screen.gnome
f	664	994:993	3154	/home/woa23c1ro/.local/share/uv/python/cpython-3.11.14-linux-x86_64-gnu/share/terminfo/s/screen-bce.gnome
f	664	994:993	3159	/home/woa23c1ro/.local/share/uv/python/cpython-3.11.14-linux-x86_64-gnu/lib/tk8.6/ttk/scrollbar.tcl
f	664	994:993	316	/home/woa23c1ro/.local/share/uv/python/cpython-3.11.14-linux-x86_64-gnu/lib/python3.11/site-packages/pip/_vendor/idna/compat.py
f	664	994:993	316	/home/woa23c1ro/.local/share/uv/python/cpython-3.11.14-linux-x86_64-gnu/lib/python3.11/site-packages/setuptools/tests/test_unicode_utils.py
f	664	994:993	31627	/home/woa23c1ro/.local/share/uv/python/cpython-3.11.14-linux-x86_64-gnu/lib/python3.11/distutils/command/build_ext.py
f	664	994:993	3166	/home/woa23c1ro/.local/share/uv/python/cpython-3.11.14-linux-x86_64-gnu/lib/python3.11/site-packages/setuptools/tests/contexts.py
f	664	994:993	3168	/home/woa23c1ro/.local/share/uv/python/cpython-3.11.14-linux-x86_64-gnu/lib/python3.11/idlelib/config-main.def
f	664	994:993	3171	/home/woa23c1ro/.local/share/uv/python/cpython-3.11.14-linux-x86_64-gnu/lib/python3.11/site-packages/setuptools/namespaces.py
f	664	994:993	31739	/home/woa23c1ro/.local/share/uv/python/cpython-3.11.14-linux-x86_64-gnu/lib/python3.11/asyncio/sslproto.py
f	664	994:993	3174	/home/woa23c1ro/.local/share/uv/python/cpython-3.11.14-linux-x86_64-gnu/lib/python3.11/lib2to3/fixes/fix_next.py
f	664	994:993	3177	/home/woa23c1ro/.local/share/uv/python/cpython-3.11.14-linux-x86_64-gnu/lib/python3.11/site-packages/pip/_internal/commands/inspect.py
f	664	994:993	3178	/home/woa23c1ro/.local/share/uv/python/cpython-3.11.14-linux-x86_64-gnu/lib/tk8.6/demos/tree.tcl
f	664	994:993	318	/home/woa23c1ro/.local/share/uv/python/cpython-3.11.14-linux-x86_64-gnu/share/terminfo/a/ansi+pp
f	664	994:993	3181	/home/woa23c1ro/.local/share/uv/python/cpython-3.11.14-linux-x86_64-gnu/share/terminfo/t/termite
f	664	994:993	3185	/home/woa23c1ro/.local/share/uv/python/cpython-3.11.14-linux-x86_64-gnu/share/terminfo/t/terminology-1.0.0
f	664	994:993	31873	/home/woa23c1ro/.local/share/uv/python/cpython-3.11.14-linux-x86_64-gnu/lib/python3.11/tempfile.py
f	664	994:993	3189	/home/woa23c1ro/.local/share/uv/python/cpython-3.11.14-linux-x86_64-gnu/lib/python3.11/site-packages/setuptools/unicode_utils.py
f	664	994:993	3196	/home/woa23c1ro/.local/share/uv/python/cpython-3.11.14-linux-x86_64-gnu/lib/python3.11/lib2to3/fixes/fix_has_key.py
f	664	994:993	320	/home/woa23c1ro/.local/share/uv/python/cpython-3.11.14-linux-x86_64-gnu/lib/python3.11/decimal.py
f	664	994:993	320	/home/woa23c1ro/.local/share/uv/python/cpython-3.11.14-linux-x86_64-gnu/lib/python3.11/lib2to3/fixes/fix_basestring.py
f	664	994:993	320	/home/woa23c1ro/.local/share/uv/python/cpython-3.11.14-linux-x86_64-gnu/share/terminfo/u/unknown
f	664	994:993	3200	/home/woa23c1ro/.local/share/uv/python/cpython-3.11.14-linux-x86_64-gnu/lib/python3.11/site-packages/pip/_internal/utils/direct_url_helpers.py
f	664	994:993	3204	/home/woa23c1ro/.local/share/uv/python/cpython-3.11.14-linux-x86_64-gnu/lib/python3.11/site-packages/setuptools/_vendor/packaging-24.2.dist-info/METADATA
f	664	994:993	321	/home/woa23c1ro/.local/share/uv/python/cpython-3.11.14-linux-x86_64-gnu/lib/tcl8.6/msgs/en_hk.msg
f	664	994:993	321	/home/woa23c1ro/.local/share/uv/python/cpython-3.11.14-linux-x86_64-gnu/lib/tcl8.6/msgs/en_ph.msg
f	664	994:993	3211	/home/woa23c1ro/.local/share/uv/python/cpython-3.11.14-linux-x86_64-gnu/lib/python3.11/site-packages/setuptools/_distutils/_modified.py
f	664	994:993	3216	/home/woa23c1ro/.local/share/uv/python/cpython-3.11.14-linux-x86_64-gnu/lib/python3.11/idlelib/autoexpand.py
f	664	994:993	32162	/home/woa23c1ro/.local/share/uv/python/cpython-3.11.14-linux-x86_64-gnu/lib/python3.11/random.py
f	664	994:993	32194	/home/woa23c1ro/.local/share/uv/python/cpython-3.11.14-linux-x86_64-gnu/lib/tk8.6/console.tcl
f	664	994:993	322	/home/woa23c1ro/.local/share/uv/python/cpython-3.11.14-linux-x86_64-gnu/lib/tk8.6/images/README
f	664	994:993	322	/home/woa23c1ro/.local/share/uv/python/cpython-3.11.14-linux-x86_64-gnu/share/terminfo/a/ansi+tabs
f	664	994:993	3221	/home/woa23c1ro/.local/share/uv/python/cpython-3.11.14-linux-x86_64-gnu/share/terminfo/s/screen.mlterm
f	664	994:993	3225	/home/woa23c1ro/.local/share/uv/python/cpython-3.11.14-linux-x86_64-gnu/lib/python3.11/site-packages/pip/_vendor/rich/_log_render.py
f	664	994:993	3228	/home/woa23c1ro/.local/share/uv/python/cpython-3.11.14-linux-x86_64-gnu/share/terminfo/v/vte-2014
f	664	994:993	323	/home/woa23c1ro/.local/share/uv/python/cpython-3.11.14-linux-x86_64-gnu/lib/python3.11/site-packages/setuptools/_distutils/tests/test_log.py
f	664	994:993	3235	/home/woa23c1ro/.local/share/uv/python/cpython-3.11.14-linux-x86_64-gnu/lib/python3.11/site-packages/pip/_vendor/tomli/_re.py
f	664	994:993	32390	/home/woa23c1ro/.local/share/uv/python/cpython-3.11.14-linux-x86_64-gnu/lib/python3.11/site-packages/pip/_vendor/msgpack/fallback.py
f	664	994:993	32395	/home/woa23c1ro/.local/share/uv/python/cpython-3.11.14-linux-x86_64-gnu/lib/python3.11/multiprocessing/connection.py
f	664	994:993	32463	/home/woa23c1ro/.local/share/uv/python/cpython-3.11.14-linux-x86_64-gnu/lib/python3.11/bdb.py
f	664	994:993	325	/home/woa23c1ro/.local/share/uv/python/cpython-3.11.14-linux-x86_64-gnu/share/terminfo/i/infoton
f	664	994:993	3252	/home/woa23c1ro/.local/share/uv/python/cpython-3.11.14-linux-x86_64-gnu/lib/python3.11/site-packages/pip/_vendor/rich/jupyter.py
f	664	994:993	3254	/home/woa23c1ro/.local/share/uv/python/cpython-3.11.14-linux-x86_64-gnu/lib/python3.11/site-packages/setuptools/_distutils/tests/test_cmd.py
f	664	994:993	3256	/home/woa23c1ro/.local/share/uv/python/cpython-3.11.14-linux-x86_64-gnu/lib/python3.11/lib2to3/fixes/fix_import.py
f	664	994:993	3263	/home/woa23c1ro/.local/share/uv/python/cpython-3.11.14-linux-x86_64-gnu/lib/python3.11/site-packages/pip/_vendor/rich/bar.py
f	664	994:993	3265	/home/woa23c1ro/.local/share/uv/python/cpython-3.11.14-linux-x86_64-gnu/share/terminfo/m/mlterm
f	664	994:993	3266	/home/woa23c1ro/.local/share/uv/python/cpython-3.11.14-linux-x86_64-gnu/lib/python3.11/site-packages/setuptools/_vendor/wheel/vendored/packaging/_elffile.py
f	664	994:993	3267	/home/woa23c1ro/.local/share/uv/python/cpython-3.11.14-linux-x86_64-gnu/share/terminfo/v/vte-2017
f	664	994:993	327	/home/woa23c1ro/.local/share/uv/python/cpython-3.11.14-linux-x86_64-gnu/lib/python3.11/importlib/readers.py
f	664	994:993	3271	/home/woa23c1ro/.local/share/uv/python/cpython-3.11.14-linux-x86_64-gnu/lib/python3.11/site-packages/setuptools/tests/config/test_pyprojecttoml_dynamic_deps.py
f	664	994:993	3271	/home/woa23c1ro/.local/share/uv/python/cpython-3.11.14-linux-x86_64-gnu/share/terminfo/m/mlterm3
f	664	994:993	32710	/home/woa23c1ro/.local/share/uv/python/cpython-3.11.14-linux-x86_64-gnu/lib/python3.11/site-packages/setuptools/_distutils/command/build_ext.py
f	664	994:993	32716	/home/woa23c1ro/.local/share/uv/python/cpython-3.11.14-linux-x86_64-gnu/lib/tcl8.6/opt0.4/optparse.tcl
f	664	994:993	3272	/home/woa23c1ro/.local/share/uv/python/cpython-3.11.14-linux-x86_64-gnu/lib/tk8.6/demos/toolbar.tcl
f	664	994:993	3272	/home/woa23c1ro/.local/share/uv/python/cpython-3.11.14-linux-x86_64-gnu/share/terminfo/c/contour-direct
f	664	994:993	3275	/home/woa23c1ro/.local/share/uv/python/cpython-3.11.14-linux-x86_64-gnu/share/terminfo/c/contour
f	664	994:993	32759	/home/woa23c1ro/.local/share/uv/python/cpython-3.11.14-linux-x86_64-gnu/lib/python3.11/multiprocessing/pool.py
f	664	994:993	3279	/home/woa23c1ro/.local/share/uv/python/cpython-3.11.14-linux-x86_64-gnu/include/python3.11/cpython/genobject.h
f	664	994:993	3286	/home/woa23c1ro/.local/share/uv/python/cpython-3.11.14-linux-x86_64-gnu/lib/python3.11/site-packages/pip/_vendor/packaging/_elffile.py
f	664	994:993	3286	/home/woa23c1ro/.local/share/uv/python/cpython-3.11.14-linux-x86_64-gnu/lib/tk8.6/msgs/en.msg
f	664	994:993	32872	/home/woa23c1ro/.local/share/uv/python/cpython-3.11.14-linux-x86_64-gnu/lib/python3.11/site-packages/setuptools/tests/test_sdist.py
f	664	994:993	32900	/home/woa23c1ro/.local/share/uv/python/cpython-3.11.14-linux-x86_64-gnu/lib/tk8.6/images/logo.eps
f	664	994:993	32965	/home/woa23c1ro/.local/share/uv/python/cpython-3.11.14-linux-x86_64-gnu/lib/python3.11/encodings/cp869.py
f	664	994:993	3299	/home/woa23c1ro/.local/share/uv/python/cpython-3.11.14-linux-x86_64-gnu/share/terminfo/g/gnome-256color
f	664	994:993	3305	/home/woa23c1ro/.local/share/uv/python/cpython-3.11.14-linux-x86_64-gnu/lib/python3.11/sqlite3/dbapi2.py
f	664	994:993	3306	/home/woa23c1ro/.local/share/uv/python/cpython-3.11.14-linux-x86_64-gnu/lib/python3.11/site-packages/setuptools/_vendor/packaging/_elffile.py
f	664	994:993	3306	/home/woa23c1ro/.local/share/uv/python/cpython-3.11.14-linux-x86_64-gnu/share/terminfo/m/mrxvt-256color
f	664	994:993	3312	/home/woa23c1ro/.local/share/uv/python/cpython-3.11.14-linux-x86_64-gnu/lib/python3.11/site-packages/pip/_vendor/pygments/styles/_mapping.py
f	664	994:993	3316	/home/woa23c1ro/.local/share/uv/python/cpython-3.11.14-linux-x86_64-gnu/share/terminfo/k/kitty+common
f	664	994:993	3316	/home/woa23c1ro/.local/share/uv/python/cpython-3.11.14-linux-x86_64-gnu/share/terminfo/t/tmux
f	664	994:993	3319	/home/woa23c1ro/.local/share/uv/python/cpython-3.11.14-linux-x86_64-gnu/share/terminfo/s/screen.konsole
f	664	994:993	332	/home/woa23c1ro/.local/share/uv/python/cpython-3.11.14-linux-x86_64-gnu/share/terminfo/a/ansi+rca2
f	664	994:993	33225	/home/woa23c1ro/.local/share/uv/python/cpython-3.11.14-linux-x86_64-gnu/lib/python3.11/site-packages/pip/_vendor/requests/utils.py
f	664	994:993	3324	/home/woa23c1ro/.local/share/uv/python/cpython-3.11.14-linux-x86_64-gnu/include/python3.11/cpython/dictobject.h
f	664	994:993	3324	/home/woa23c1ro/.local/share/uv/python/cpython-3.11.14-linux-x86_64-gnu/lib/python3.11/site-packages/pip/_internal/utils/entrypoints.py
f	664	994:993	3325	/home/woa23c1ro/.local/share/uv/python/cpython-3.11.14-linux-x86_64-gnu/share/terminfo/s/screen-bce.konsole
f	664	994:993	33264	/home/woa23c1ro/.local/share/uv/python/cpython-3.11.14-linux-x86_64-gnu/lib/python3.11/asyncio/proactor_events.py
f	664	994:993	33289	/home/woa23c1ro/.local/share/uv/python/cpython-3.11.14-linux-x86_64-gnu/lib/python3.11/site-packages/setuptools/tests/test_build_meta.py
f	664	994:993	333	/home/woa23c1ro/.local/share/uv/python/cpython-3.11.14-linux-x86_64-gnu/share/terminfo/b/beehive4
f	664	994:993	333	/home/woa23c1ro/.local/share/uv/python/cpython-3.11.14-linux-x86_64-gnu/share/terminfo/h/hp+printer
f	664	994:993	3330	/home/woa23c1ro/.local/share/uv/python/cpython-3.11.14-linux-x86_64-gnu/lib/tcl8.6/msgs/zh.msg
f	664	994:993	3333	/home/woa23c1ro/.local/share/uv/python/cpython-3.11.14-linux-x86_64-gnu/lib/python3.11/site-packages/pip/_vendor/urllib3/__init__.py
f	664	994:993	33370	/home/woa23c1ro/.local/share/uv/python/cpython-3.11.14-linux-x86_64-gnu/lib/python3.11/encodings/cp862.py
f	664	994:993	3339	/home/woa23c1ro/.local/share/uv/python/cpython-3.11.14-linux-x86_64-gnu/lib/python3.11/json/tool.py
f	664	994:993	3339	/home/woa23c1ro/.local/share/uv/python/cpython-3.11.14-linux-x86_64-gnu/share/terminfo/k/konsole
f	664	994:993	334	/home/woa23c1ro/.local/share/uv/python/cpython-3.11.14-linux-x86_64-gnu/include/python3.11/genericaliasobject.h
f	664	994:993	33427	/home/woa23c1ro/.local/share/uv/python/cpython-3.11.14-linux-x86_64-gnu/lib/python3.11/site-packages/setuptools/tests/config/test_setupcfg.py
f	664	994:993	3344	/home/woa23c1ro/.local/share/uv/python/cpython-3.11.14-linux-x86_64-gnu/lib/python3.11/lib2to3/fixes/fix_except.py
f	664	994:993	3347	/home/woa23c1ro/.local/share/uv/python/cpython-3.11.14-linux-x86_64-gnu/lib/python3.11/site-packages/setuptools/tests/test_warnings.py
f	664	994:993	335	/home/woa23c1ro/.local/share/uv/python/cpython-3.11.14-linux-x86_64-gnu/lib/python3.11/site-packages/setuptools/_distutils/_msvccompiler.py
f	664	994:993	335	/home/woa23c1ro/.local/share/uv/python/cpython-3.11.14-linux-x86_64-gnu/lib/python3.11/site-packages/setuptools/tests/__init__.py
f	664	994:993	3350	/home/woa23c1ro/.local/share/uv/python/cpython-3.11.14-linux-x86_64-gnu/lib/python3.11/site-packages/pip/_internal/utils/_jaraco_text.py
f	664	994:993	3359	/home/woa23c1ro/.local/share/uv/python/cpython-3.11.14-linux-x86_64-gnu/lib/tk8.6/demos/image2.tcl
f	664	994:993	336	/home/woa23c1ro/.local/share/uv/python/cpython-3.11.14-linux-x86_64-gnu/include/python3.11/frameobject.h
f	664	994:993	336	/home/woa23c1ro/.local/share/uv/python/cpython-3.11.14-linux-x86_64-gnu/include/python3.11/internal/pycore_sliceobject.h
f	664	994:993	336	/home/woa23c1ro/.local/share/uv/python/cpython-3.11.14-linux-x86_64-gnu/share/terminfo/p/pt210
f	664	994:993	336	/home/woa23c1ro/.local/share/uv/python/cpython-3.11.14-linux-x86_64-gnu/share/terminfo/v/vanilla
f	664	994:993	336	/home/woa23c1ro/.local/share/uv/python/cpython-3.11.14-linux-x86_64-gnu/share/terminfo/z/zen50
f	664	994:993	33628	/home/woa23c1ro/.local/share/uv/python/cpython-3.11.14-linux-x86_64-gnu/lib/python3.11/site-packages/pip/_internal/resolution/resolvelib/factory.py
f	664	994:993	3363	/home/woa23c1ro/.local/share/uv/python/cpython-3.11.14-linux-x86_64-gnu/share/terminfo/f/foot+base
f	664	994:993	33663	/home/woa23c1ro/.local/share/uv/python/cpython-3.11.14-linux-x86_64-gnu/lib/python3.11/encodings/cp864.py
f	664	994:993	3367	/home/woa23c1ro/.local/share/uv/python/cpython-3.11.14-linux-x86_64-gnu/lib/python3.11/xml/dom/minicompat.py
f	664	994:993	3369	/home/woa23c1ro/.local/share/uv/python/cpython-3.11.14-linux-x86_64-gnu/lib/python3.11/curses/__init__.py
f	664	994:993	3370	/home/woa23c1ro/.local/share/uv/python/cpython-3.11.14-linux-x86_64-gnu/lib/python3.11/site-packages/pip/_vendor/rich/terminal_theme.py
f	664	994:993	3379	/home/woa23c1ro/.local/share/uv/python/cpython-3.11.14-linux-x86_64-gnu/include/python3.11/cpython/pymem.h
f	664	994:993	3379	/home/woa23c1ro/.local/share/uv/python/cpython-3.11.14-linux-x86_64-gnu/lib/python3.11/asyncio/__main__.py
f	664	994:993	3379	/home/woa23c1ro/.local/share/uv/python/cpython-3.11.14-linux-x86_64-gnu/share/terminfo/k/konsole-xf4x
f	664	994:993	33798	/home/woa23c1ro/.local/share/uv/python/cpython-3.11.14-linux-x86_64-gnu/lib/python3.11/site-packages/setuptools/_vendor/importlib_metadata/__init__.py
f	664	994:993	338	/home/woa23c1ro/.local/share/uv/python/cpython-3.11.14-linux-x86_64-gnu/lib/python3.11/site-packages/pip/_internal/main.py
f	664	994:993	338	/home/woa23c1ro/.local/share/uv/python/cpython-3.11.14-linux-x86_64-gnu/share/terminfo/a/ansi+inittabs
f	664	994:993	338	/home/woa23c1ro/.local/share/uv/python/cpython-3.11.14-linux-x86_64-gnu/share/terminfo/c/cad68-2
f	664	994:993	338	/home/woa23c1ro/.local/share/uv/python/cpython-3.11.14-linux-x86_64-gnu/share/terminfo/d/dw1
f	664	994:993	3384	/home/woa23c1ro/.local/share/uv/python/cpython-3.11.14-linux-x86_64-gnu/include/python3.11/internal/pycore_bytes_methods.h
f	664	994:993	33850	/home/woa23c1ro/.local/share/uv/python/cpython-3.11.14-linux-x86_64-gnu/lib/python3.11/encodings/cp855.py
f	664	994:993	3389	/home/woa23c1ro/.local/share/uv/python/cpython-3.11.14-linux-x86_64-gnu/lib/python3.11/_aix_support.py
f	664	994:993	339	/home/woa23c1ro/.local/share/uv/python/cpython-3.11.14-linux-x86_64-gnu/lib/tcl8.6/msgs/zh_sg.msg
f	664	994:993	339	/home/woa23c1ro/.local/share/uv/python/cpython-3.11.14-linux-x86_64-gnu/share/terminfo/n/nextshell
f	664	994:993	339	/home/woa23c1ro/.local/share/uv/python/cpython-3.11.14-linux-x86_64-gnu/share/terminfo/t/tvi912b+printer
f	664	994:993	33908	/home/woa23c1ro/.local/share/uv/python/cpython-3.11.14-linux-x86_64-gnu/lib/python3.11/encodings/cp857.py
f	664	994:993	3391	/home/woa23c1ro/.local/share/uv/python/cpython-3.11.14-linux-x86_64-gnu/share/terminfo/s/screen.mlterm-256color
f	664	994:993	33931	/home/woa23c1ro/.local/share/uv/python/cpython-3.11.14-linux-x86_64-gnu/lib/tcl8/8.5/msgcat-1.6.1.tm
f	664	994:993	33941	/home/woa23c1ro/.local/share/uv/python/cpython-3.11.14-linux-x86_64-gnu/lib/tk8.6/text.tcl
f	664	994:993	3396	/home/woa23c1ro/.local/share/uv/python/cpython-3.11.14-linux-x86_64-gnu/lib/python3.11/site-packages/pip/_vendor/rich/palette.py
f	664	994:993	340	/home/woa23c1ro/.local/share/uv/python/cpython-3.11.14-linux-x86_64-gnu/share/terminfo/t/tty33
f	664	994:993	3400	/home/woa23c1ro/.local/share/uv/python/cpython-3.11.14-linux-x86_64-gnu/lib/python3.11/asyncio/coroutines.py
f	664	994:993	34015	/home/woa23c1ro/.local/share/uv/python/cpython-3.11.14-linux-x86_64-gnu/lib/python3.11/encodings/cp858.py
f	664	994:993	3404	/home/woa23c1ro/.local/share/uv/python/cpython-3.11.14-linux-x86_64-gnu/lib/python3.11/site-packages/pip/_vendor/rich/_wrap.py
f	664	994:993	3405	/home/woa23c1ro/.local/share/uv/python/cpython-3.11.14-linux-x86_64-gnu/lib/tk8.6/demos/ttkbut.tcl
f	664	994:993	3405	/home/woa23c1ro/.local/share/uv/python/cpython-3.11.14-linux-x86_64-gnu/share/terminfo/d/domterm
f	664	994:993	34105	/home/woa23c1ro/.local/share/uv/python/cpython-3.11.14-linux-x86_64-gnu/lib/python3.11/encodings/cp850.py
f	664	994:993	342	/home/woa23c1ro/.local/share/uv/python/cpython-3.11.14-linux-x86_64-gnu/share/terminfo/a/adm3
f	664	994:993	34211	/home/woa23c1ro/.local/share/uv/python/cpython-3.11.14-linux-x86_64-gnu/lib/python3.11/aifc.py
f	664	994:993	3422	/home/woa23c1ro/.local/share/uv/python/cpython-3.11.14-linux-x86_64-gnu/lib/python3.11/site-packages/pip/_vendor/idna/codec.py
f	664	994:993	34252	/home/woa23c1ro/.local/share/uv/python/cpython-3.11.14-linux-x86_64-gnu/lib/python3.11/encodings/cp863.py
f	664	994:993	3426	/home/woa23c1ro/.local/share/uv/python/cpython-3.11.14-linux-x86_64-gnu/lib/python3.11/lib2to3/fixes/fix_operator.py
f	664	994:993	343	/home/woa23c1ro/.local/share/uv/python/cpython-3.11.14-linux-x86_64-gnu/lib/python3.11/site-packages/pip/_vendor/vendor.txt
f	664	994:993	343	/home/woa23c1ro/.local/share/uv/python/cpython-3.11.14-linux-x86_64-gnu/share/terminfo/k/kermit
f	664	994:993	3433	/home/woa23c1ro/.local/share/uv/python/cpython-3.11.14-linux-x86_64-gnu/lib/python3.11/site-packages/setuptools/tests/test_install_scripts.py
f	664	994:993	34396	/home/woa23c1ro/.local/share/uv/python/cpython-3.11.14-linux-x86_64-gnu/lib/python3.11/encodings/cp866.py
f	664	994:993	344	/home/woa23c1ro/.local/share/uv/python/cpython-3.11.14-linux-x86_64-gnu/lib/python3.11/site-packages/setuptools/compat/py310.py
f	664	994:993	3442	/home/woa23c1ro/.local/share/uv/python/cpython-3.11.14-linux-x86_64-gnu/lib/python3.11/site-packages/pip/_vendor/certifi/core.py
f	664	994:993	34433	/home/woa23c1ro/.local/share/uv/python/cpython-3.11.14-linux-x86_64-gnu/lib/python3.11/asyncio/tasks.py
f	664	994:993	34446	/home/woa23c1ro/.local/share/uv/python/cpython-3.11.14-linux-x86_64-gnu/lib/python3.11/site-packages/pip/_vendor/urllib3/contrib/securetransport.py
f	664	994:993	34476	/home/woa23c1ro/.local/share/uv/python/cpython-3.11.14-linux-x86_64-gnu/lib/python3.11/encodings/cp775.py
f	664	994:993	3450	/home/woa23c1ro/.local/share/uv/python/cpython-3.11.14-linux-x86_64-gnu/lib/python3.11/site-packages/setuptools/command/dist_info.py
f	664	994:993	3451	/home/woa23c1ro/.local/share/uv/python/cpython-3.11.14-linux-x86_64-gnu/lib/python3.11/xml/dom/domreg.py
f	664	994:993	3455	/home/woa23c1ro/.local/share/uv/python/cpython-3.11.14-linux-x86_64-gnu/lib/python3.11/site-packages/pip/_internal/utils/virtualenv.py
f	664	994:993	34564	/home/woa23c1ro/.local/share/uv/python/cpython-3.11.14-linux-x86_64-gnu/lib/python3.11/encodings/cp437.py
f	664	994:993	3458	/home/woa23c1ro/.local/share/uv/python/cpython-3.11.14-linux-x86_64-gnu/share/terminfo/t/tmux-256color
f	664	994:993	34597	/home/woa23c1ro/.local/share/uv/python/cpython-3.11.14-linux-x86_64-gnu/lib/python3.11/encodings/cp1125.py
f	664	994:993	346	/home/woa23c1ro/.local/share/uv/python/cpython-3.11.14-linux-x86_64-gnu/lib/tcl8.6/msgs/ko_kr.msg
f	664	994:993	346	/home/woa23c1ro/.local/share/uv/python/cpython-3.11.14-linux-x86_64-gnu/lib/tcl8.6/msgs/zh_tw.msg
f	664	994:993	3460	/home/woa23c1ro/.local/share/uv/python/cpython-3.11.14-linux-x86_64-gnu/lib/python3.11/site-packages/setuptools/_distutils/tests/test_text_file.py
f	664	994:993	34618	/home/woa23c1ro/.local/share/uv/python/cpython-3.11.14-linux-x86_64-gnu/lib/python3.11/encodings/cp865.py
f	664	994:993	34633	/home/woa23c1ro/.local/share/uv/python/cpython-3.11.14-linux-x86_64-gnu/lib/python3.11/encodings/cp861.py
f	664	994:993	34665	/home/woa23c1ro/.local/share/uv/python/cpython-3.11.14-linux-x86_64-gnu/lib/python3.11/site-packages/pip/_vendor/urllib3/packages/six.py
f	664	994:993	3468	/home/woa23c1ro/.local/share/uv/python/cpython-3.11.14-linux-x86_64-gnu/share/terminfo/s/scrt
f	664	994:993	34681	/home/woa23c1ro/.local/share/uv/python/cpython-3.11.14-linux-x86_64-gnu/lib/python3.11/encodings/cp737.py
f	664	994:993	34681	/home/woa23c1ro/.local/share/uv/python/cpython-3.11.14-linux-x86_64-gnu/lib/python3.11/encodings/cp860.py
f	664	994:993	34691	/home/woa23c1ro/.local/share/uv/python/cpython-3.11.14-linux-x86_64-gnu/lib/python3.11/asyncio/windows_events.py
f	664	994:993	3470	/home/woa23c1ro/.local/share/uv/python/cpython-3.11.14-linux-x86_64-gnu/share/terminfo/m/mlterm-direct
f	664	994:993	3471	/home/woa23c1ro/.local/share/uv/python/cpython-3.11.14-linux-x86_64-gnu/lib/python3.11/sqlite3/dump.py
f	664	994:993	34739	/home/woa23c1ro/.local/share/uv/python/cpython-3.11.14-linux-x86_64-gnu/lib/python3.11/site-packages/pip/_vendor/packaging/metadata.py
f	664	994:993	3475	/home/woa23c1ro/.local/share/uv/python/cpython-3.11.14-linux-x86_64-gnu/include/python3.11/internal/pycore_call.h
f	664	994:993	34762	/home/woa23c1ro/.local/share/uv/python/cpython-3.11.14-linux-x86_64-gnu/lib/python3.11/site-packages/setuptools/_vendor/packaging/metadata.py
f	664	994:993	3477	/home/woa23c1ro/.local/share/uv/python/cpython-3.11.14-linux-x86_64-gnu/share/terminfo/s/screen.konsole-256color
f	664	994:993	348	/home/woa23c1ro/.local/share/uv/python/cpython-3.11.14-linux-x86_64-gnu/share/terminfo/a/ansi+local
f	664	994:993	348	/home/woa23c1ro/.local/share/uv/python/cpython-3.11.14-linux-x86_64-gnu/share/terminfo/t/tty43
f	664	994:993	3480	/home/woa23c1ro/.local/share/uv/python/cpython-3.11.14-linux-x86_64-gnu/share/terminfo/m/mosh
f	664	994:993	34836	/home/woa23c1ro/.local/share/uv/python/cpython-3.11.14-linux-x86_64-gnu/lib/python3.11/site-packages/setuptools/command/editable_wheel.py
f	664	994:993	349	/home/woa23c1ro/.local/share/uv/python/cpython-3.11.14-linux-x86_64-gnu/lib/python3.11/site-packages/setuptools/_distutils/dep_util.py
f	664	994:993	349	/home/woa23c1ro/.local/share/uv/python/cpython-3.11.14-linux-x86_64-gnu/share/terminfo/a/ansi+csr
f	664	994:993	349	/home/woa23c1ro/.local/share/uv/python/cpython-3.11.14-linux-x86_64-gnu/share/terminfo/s/sun+sl
f	664	994:993	3491	/home/woa23c1ro/.local/share/uv/python/cpython-3.11.14-linux-x86_64-gnu/lib/python3.11/distutils/dep_util.py
f	664	994:993	3491	/home/woa23c1ro/.local/share/uv/python/cpython-3.11.14-linux-x86_64-gnu/lib/tk8.6/images/pwrdLogo200.gif
f	664	994:993	3494	/home/woa23c1ro/.local/share/uv/python/cpython-3.11.14-linux-x86_64-gnu/lib/python3.11/importlib/resources/_legacy.py
f	664	994:993	3494	/home/woa23c1ro/.local/share/uv/python/cpython-3.11.14-linux-x86_64-gnu/lib/tk8.6/demos/aniwave.tcl
f	664	994:993	3499	/home/woa23c1ro/.local/share/uv/python/cpython-3.11.14-linux-x86_64-gnu/share/terminfo/v/vscode
f	664	994:993	350	/home/woa23c1ro/.local/share/uv/python/cpython-3.11.14-linux-x86_64-gnu/share/terminfo/a/adm1a
f	664	994:993	350	/home/woa23c1ro/.local/share/uv/python/cpython-3.11.14-linux-x86_64-gnu/share/terminfo/a/ansi+rca
f	664	994:993	35002	/home/woa23c1ro/.local/share/uv/python/cpython-3.11.14-linux-x86_64-gnu/lib/python3.11/encodings/cp852.py
f	664	994:993	3501	/home/woa23c1ro/.local/share/uv/python/cpython-3.11.14-linux-x86_64-gnu/include/python3.11/internal/pycore_traceback.h
f	664	994:993	3505	/home/woa23c1ro/.local/share/uv/python/cpython-3.11.14-linux-x86_64-gnu/include/python3.11/cpython/pthread_stubs.h
f	664	994:993	3507	/home/woa23c1ro/.local/share/uv/python/cpython-3.11.14-linux-x86_64-gnu/include/python3.11/internal/pycore_pylifecycle.h
f	664	994:993	3507	/home/woa23c1ro/.local/share/uv/python/cpython-3.11.14-linux-x86_64-gnu/share/terminfo/k/konsole-256color
f	664	994:993	351	/home/woa23c1ro/.local/share/uv/python/cpython-3.11.14-linux-x86_64-gnu/lib/python3.11/site-packages/pip/_vendor/rich/_stack.py
f	664	994:993	351	/home/woa23c1ro/.local/share/uv/python/cpython-3.11.14-linux-x86_64-gnu/share/terminfo/a/addrinfo
f	664	994:993	3510	/home/woa23c1ro/.local/share/uv/python/cpython-3.11.14-linux-x86_64-gnu/lib/python3.11/site-packages/pip/_vendor/urllib3/util/response.py
f	664	994:993	3513	/home/woa23c1ro/.local/share/uv/python/cpython-3.11.14-linux-x86_64-gnu/share/terminfo/m/mlterm-256color
f	664	994:993	3516	/home/woa23c1ro/.local/share/uv/python/cpython-3.11.14-linux-x86_64-gnu/include/python3.11/internal/pycore_long.h
f	664	994:993	352	/home/woa23c1ro/.local/share/uv/python/cpython-3.11.14-linux-x86_64-gnu/share/terminfo/g/gsi
f	664	994:993	352	/home/woa23c1ro/.local/share/uv/python/cpython-3.11.14-linux-x86_64-gnu/share/terminfo/t/t3700
f	664	994:993	3520	/home/woa23c1ro/.local/share/uv/python/cpython-3.11.14-linux-x86_64-gnu/share/terminfo/s/screen.vte
f	664	994:993	3521	/home/woa23c1ro/.local/share/uv/python/cpython-3.11.14-linux-x86_64-gnu/lib/python3.11/site-packages/pip/_vendor/rich/live_render.py
f	664	994:993	3522	/home/woa23c1ro/.local/share/uv/python/cpython-3.11.14-linux-x86_64-gnu/lib/python3.11/site-packages/setuptools/_distutils/tests/test_file_util.py
f	664	994:993	353	/home/woa23c1ro/.local/share/uv/python/cpython-3.11.14-linux-x86_64-gnu/lib/python3.11/site-packages/pip/__init__.py
f	664	994:993	353	/home/woa23c1ro/.local/share/uv/python/cpython-3.11.14-linux-x86_64-gnu/lib/python3.11/site-packages/pip/_vendor/pygments/__main__.py
f	664	994:993	35349	/home/woa23c1ro/.local/share/uv/python/cpython-3.11.14-linux-x86_64-gnu/lib/python3.11/site-packages/pip/_vendor/pygments/lexer.py
f	664	994:993	3535	/home/woa23c1ro/.local/share/uv/python/cpython-3.11.14-linux-x86_64-gnu/share/terminfo/v/vscode-direct
f	664	994:993	3538	/home/woa23c1ro/.local/share/uv/python/cpython-3.11.14-linux-x86_64-gnu/share/terminfo/v/vte-2018
f	664	994:993	354	/home/woa23c1ro/.local/share/uv/python/cpython-3.11.14-linux-x86_64-gnu/lib/python3.11/importlib/simple.py
f	664	994:993	354	/home/woa23c1ro/.local/share/uv/python/cpython-3.11.14-linux-x86_64-gnu/share/terminfo/d/digilog
f	664	994:993	354	/home/woa23c1ro/.local/share/uv/python/cpython-3.11.14-linux-x86_64-gnu/share/terminfo/d/dtc300s
f	664	994:993	354	/home/woa23c1ro/.local/share/uv/python/cpython-3.11.14-linux-x86_64-gnu/share/terminfo/d/dw2
f	664	994:993	354	/home/woa23c1ro/.local/share/uv/python/cpython-3.11.14-linux-x86_64-gnu/share/terminfo/h/hz1000
f	664	994:993	354	/home/woa23c1ro/.local/share/uv/python/cpython-3.11.14-linux-x86_64-gnu/share/terminfo/l/lpr
f	664	994:993	3541	/home/woa23c1ro/.local/share/uv/python/cpython-3.11.14-linux-x86_64-gnu/share/terminfo/m/ms-terminal
f	664	994:993	3543	/home/woa23c1ro/.local/share/uv/python/cpython-3.11.14-linux-x86_64-gnu/share/terminfo/k/konsole-direct
f	664	994:993	3546	/home/woa23c1ro/.local/share/uv/python/cpython-3.11.14-linux-x86_64-gnu/share/terminfo/v/vte
f	664	994:993	354682	/home/woa23c1ro/.local/share/uv/python/cpython-3.11.14-linux-x86_64-gnu/lib/python3.11/site-packages/setuptools/config/_validate_pyproject/fastjsonschema_validations.py
f	664	994:993	35479	/home/woa23c1ro/.local/share/uv/python/cpython-3.11.14-linux-x86_64-gnu/lib/python3.11/concurrent/futures/process.py
f	664	994:993	355	/home/woa23c1ro/.local/share/uv/python/cpython-3.11.14-linux-x86_64-gnu/share/terminfo/n/ncr260vp+sl
f	664	994:993	355	/home/woa23c1ro/.local/share/uv/python/cpython-3.11.14-linux-x86_64-gnu/share/terminfo/x/xerox820
f	664	994:993	3551	/home/woa23c1ro/.local/share/uv/python/cpython-3.11.14-linux-x86_64-gnu/lib/python3.11/email/base64mime.py
f	664	994:993	3557	/home/woa23c1ro/.local/share/uv/python/cpython-3.11.14-linux-x86_64-gnu/lib/python3.11/importlib/resources/readers.py
f	664	994:993	35575	/home/woa23c1ro/.local/share/uv/python/cpython-3.11.14-linux-x86_64-gnu/lib/python3.11/site-packages/pip/_vendor/requests/models.py
f	664	994:993	356	/home/woa23c1ro/.local/share/uv/python/cpython-3.11.14-linux-x86_64-gnu/share/terminfo/a/aixterm+sl
f	664	994:993	356	/home/woa23c1ro/.local/share/uv/python/cpython-3.11.14-linux-x86_64-gnu/share/terminfo/x/xerox1720
f	664	994:993	3568	/home/woa23c1ro/.local/share/uv/python/cpython-3.11.14-linux-x86_64-gnu/lib/python3.11/idlelib/percolator.py
f	664	994:993	3569	/home/woa23c1ro/.local/share/uv/python/cpython-3.11.14-linux-x86_64-gnu/share/terminfo/t/terminology
f	664	994:993	357	/home/woa23c1ro/.local/share/uv/python/cpython-3.11.14-linux-x86_64-gnu/share/terminfo/a/aj830
f	664	994:993	3571	/home/woa23c1ro/.local/share/uv/python/cpython-3.11.14-linux-x86_64-gnu/share/terminfo/k/kitty-direct
f	664	994:993	3575	/home/woa23c1ro/.local/share/uv/python/cpython-3.11.14-linux-x86_64-gnu/lib/python3.11/site-packages/setuptools/_vendor/zipp-3.19.2.dist-info/METADATA
f	664	994:993	35767	/home/woa23c1ro/.local/share/uv/python/cpython-3.11.14-linux-x86_64-gnu/lib/python3.11/xml/dom/expatbuilder.py
f	664	994:993	3577	/home/woa23c1ro/.local/share/uv/python/cpython-3.11.14-linux-x86_64-gnu/lib/python3.11/distutils/errors.py
f	664	994:993	35815	/home/woa23c1ro/.local/share/uv/python/cpython-3.11.14-linux-x86_64-gnu/lib/python3.11/ftplib.py
f	664	994:993	3583	/home/woa23c1ro/.local/share/uv/python/cpython-3.11.14-linux-x86_64-gnu/share/terminfo/t/terminology-1.8.1
f	664	994:993	3584	/home/woa23c1ro/.local/share/uv/python/cpython-3.11.14-linux-x86_64-gnu/share/terminfo/k/kitty
f	664	994:993	35861	/home/woa23c1ro/.local/share/uv/python/cpython-3.11.14-linux-x86_64-gnu/lib/python3.11/site-packages/pip/_vendor/rich/traceback.py
f	664	994:993	359	/home/woa23c1ro/.local/share/uv/python/cpython-3.11.14-linux-x86_64-gnu/lib/python3.11/site-packages/setuptools/_distutils/__init__.py
f	664	994:993	359	/home/woa23c1ro/.local/share/uv/python/cpython-3.11.14-linux-x86_64-gnu/share/terminfo/a/aas1901
f	664	994:993	359	/home/woa23c1ro/.local/share/uv/python/cpython-3.11.14-linux-x86_64-gnu/share/terminfo/w/wyse+sl
f	664	994:993	3596	/home/woa23c1ro/.local/share/uv/python/cpython-3.11.14-linux-x86_64-gnu/share/terminfo/t/tmux-direct
f	664	994:993	3598	/home/woa23c1ro/.local/share/uv/python/cpython-3.11.14-linux-x86_64-gnu/share/terminfo/m/mosh-256color
f	664	994:993	360	/home/woa23c1ro/.local/share/uv/python/cpython-3.11.14-linux-x86_64-gnu/share/terminfo/m/mime314
f	664	994:993	36032	/home/woa23c1ro/.local/share/uv/python/cpython-3.11.14-linux-x86_64-gnu/include/python3.11/unicodeobject.h
f	664	994:993	3604	/home/woa23c1ro/.local/share/uv/python/cpython-3.11.14-linux-x86_64-gnu/lib/tk8.6/ttk/altTheme.tcl
f	664	994:993	3612	/home/woa23c1ro/.local/share/uv/python/cpython-3.11.14-linux-x86_64-gnu/lib/python3.11/site-packages/setuptools/_distutils/tests/test_install_lib.py
f	664	994:993	362	/home/woa23c1ro/.local/share/uv/python/cpython-3.11.14-linux-x86_64-gnu/share/terminfo/c/ca22851
f	664	994:993	362	/home/woa23c1ro/.local/share/uv/python/cpython-3.11.14-linux-x86_64-gnu/share/terminfo/i/infoton2
f	664	994:993	362	/home/woa23c1ro/.local/share/uv/python/cpython-3.11.14-linux-x86_64-gnu/share/terminfo/p/pckermit
f	664	994:993	362	/home/woa23c1ro/.local/share/uv/python/cpython-3.11.14-linux-x86_64-gnu/share/terminfo/t/teletec
f	664	994:993	3625	/home/woa23c1ro/.local/share/uv/python/cpython-3.11.14-linux-x86_64-gnu/share/terminfo/k/konsole-16color
f	664	994:993	3626	/home/woa23c1ro/.local/share/uv/python/cpython-3.11.14-linux-x86_64-gnu/share/terminfo/f/foot-direct
f	664	994:993	36293	/home/woa23c1ro/.local/share/uv/python/cpython-3.11.14-linux-x86_64-gnu/lib/python3.11/site-packages/setuptools/_vendor/more_itertools-10.3.0.dist-info/METADATA
f	664	994:993	363	/home/woa23c1ro/.local/share/uv/python/cpython-3.11.14-linux-x86_64-gnu/share/terminfo/d/dec+sl
f	664	994:993	3631	/home/woa23c1ro/.local/share/uv/python/cpython-3.11.14-linux-x86_64-gnu/lib/python3.11/idlelib/extend.txt
f	664	994:993	36371	/home/woa23c1ro/.local/share/uv/python/cpython-3.11.14-linux-x86_64-gnu/lib/python3.11/site-packages/pip/_vendor/rich/syntax.py
f	664	994:993	36391	/home/woa23c1ro/.local/share/uv/python/cpython-3.11.14-linux-x86_64-gnu/lib/python3.11/site-packages/pip/_vendor/rich/pretty.py
f	664	994:993	364	/home/woa23c1ro/.local/share/uv/python/cpython-3.11.14-linux-x86_64-gnu/share/terminfo/q/qume5
f	664	994:993	3640	/home/woa23c1ro/.local/share/uv/python/cpython-3.11.14-linux-x86_64-gnu/lib/python3.11/lib2to3/fixes/fix_map.py
f	664	994:993	3642	/home/woa23c1ro/.local/share/uv/python/cpython-3.11.14-linux-x86_64-gnu/lib/python3.11/xml/sax/__init__.py
f	664	994:993	36467	/home/woa23c1ro/.local/share/uv/python/cpython-3.11.14-linux-x86_64-gnu/lib/python3.11/encodings/mac_arabic.py
f	664	994:993	3647	/home/woa23c1ro/.local/share/uv/python/cpython-3.11.14-linux-x86_64-gnu/share/terminfo/f/foot
f	664	994:993	365	/home/woa23c1ro/.local/share/uv/python/cpython-3.11.14-linux-x86_64-gnu/share/terminfo/r/regent
f	664	994:993	3658	/home/woa23c1ro/.local/share/uv/python/cpython-3.11.14-linux-x86_64-gnu/lib/python3.11/site-packages/setuptools/_vendor/jaraco.text-3.12.1.dist-info/METADATA
f	664	994:993	366	/home/woa23c1ro/.local/share/uv/python/cpython-3.11.14-linux-x86_64-gnu/lib/python3.11/site-packages/setuptools/compat/py312.py
f	664	994:993	366	/home/woa23c1ro/.local/share/uv/python/cpython-3.11.14-linux-x86_64-gnu/share/terminfo/n/ncr260vt+sl
f	664	994:993	3669	/home/woa23c1ro/.local/share/uv/python/cpython-3.11.14-linux-x86_64-gnu/share/terminfo/s/screen-bce.xterm-new
f	664	994:993	3670	/home/woa23c1ro/.local/share/uv/python/cpython-3.11.14-linux-x86_64-gnu/lib/python3.11/site-packages/setuptools/_distutils/tests/test_extension.py
f	664	994:993	3672	/home/woa23c1ro/.local/share/uv/python/cpython-3.11.14-linux-x86_64-gnu/share/terminfo/s/screen.vte-256color
f	664	994:993	368	/home/woa23c1ro/.local/share/uv/python/cpython-3.11.14-linux-x86_64-gnu/share/terminfo/a/ansi+sgr
f	664	994:993	368	/home/woa23c1ro/.local/share/uv/python/cpython-3.11.14-linux-x86_64-gnu/share/terminfo/p/pmcons
f	664	994:993	368	/home/woa23c1ro/.local/share/uv/python/cpython-3.11.14-linux-x86_64-gnu/share/terminfo/v/vt100+keypad
f	664	994:993	3681	/home/woa23c1ro/.local/share/uv/python/cpython-3.11.14-linux-x86_64-gnu/share/terminfo/s/screen.xterm-256color
f	664	994:993	3683	/home/woa23c1ro/.local/share/uv/python/cpython-3.11.14-linux-x86_64-gnu/share/terminfo/a/alacritty+common
f	664	994:993	36867	/home/woa23c1ro/.local/share/uv/python/cpython-3.11.14-linux-x86_64-gnu/lib/python3.11/xmlrpc/server.py
f	664	994:993	369	/home/woa23c1ro/.local/share/uv/python/cpython-3.11.14-linux-x86_64-gnu/share/terminfo/t/tty37
f	664	994:993	3692	/home/woa23c1ro/.local/share/uv/python/cpython-3.11.14-linux-x86_64-gnu/lib/tk8.6/msgs/it.msg
f	664	994:993	3696	/home/woa23c1ro/.local/share/uv/python/cpython-3.11.14-linux-x86_64-gnu/include/python3.11/internal/pycore_hamt.h
f	664	994:993	3696	/home/woa23c1ro/.local/share/uv/python/cpython-3.11.14-linux-x86_64-gnu/lib/python3.11/site-packages/pip/_internal/utils/deprecation.py
f	664	994:993	3697	/home/woa23c1ro/.local/share/uv/python/cpython-3.11.14-linux-x86_64-gnu/share/terminfo/h/hterm
f	664	994:993	370	/home/woa23c1ro/.local/share/uv/python/cpython-3.11.14-linux-x86_64-gnu/share/terminfo/a/apple-videx3
f	664	994:993	370	/home/woa23c1ro/.local/share/uv/python/cpython-3.11.14-linux-x86_64-gnu/share/terminfo/c/cops10
f	664	994:993	370	/home/woa23c1ro/.local/share/uv/python/cpython-3.11.14-linux-x86_64-gnu/share/terminfo/e/ep40
f	664	994:993	370	/home/woa23c1ro/.local/share/uv/python/cpython-3.11.14-linux-x86_64-gnu/share/terminfo/e/ep48
f	664	994:993	37001	/home/woa23c1ro/.local/share/uv/python/cpython-3.11.14-linux-x86_64-gnu/lib/python3.11/logging/config.py
f	664	994:993	3708	/home/woa23c1ro/.local/share/uv/python/cpython-3.11.14-linux-x86_64-gnu/include/python3.11/internal/pycore_pymem.h
f	664	994:993	3709	/home/woa23c1ro/.local/share/uv/python/cpython-3.11.14-linux-x86_64-gnu/share/terminfo/r/rio-direct
f	664	994:993	371	/home/woa23c1ro/.local/share/uv/python/cpython-3.11.14-linux-x86_64-gnu/share/terminfo/d/dp3360
f	664	994:993	37150	/home/woa23c1ro/.local/share/uv/python/cpython-3.11.14-linux-x86_64-gnu/lib/python3.11/codecs.py
f	664	994:993	3717	/home/woa23c1ro/.local/share/uv/python/cpython-3.11.14-linux-x86_64-gnu/lib/python3.11/site-packages/setuptools/_vendor/typeguard-4.3.0.dist-info/METADATA
f	664	994:993	3717	/home/woa23c1ro/.local/share/uv/python/cpython-3.11.14-linux-x86_64-gnu/lib/python3.11/site-packages/setuptools/monkey.py
f	664	994:993	3719	/home/woa23c1ro/.local/share/uv/python/cpython-3.11.14-linux-x86_64-gnu/lib/tk8.6/ttk/aquaTheme.tcl
f	664	994:993	3726	/home/woa23c1ro/.local/share/uv/python/cpython-3.11.14-linux-x86_64-gnu/lib/python3.11/email/mime/image.py
f	664	994:993	3726	/home/woa23c1ro/.local/share/uv/python/cpython-3.11.14-linux-x86_64-gnu/lib/python3.11/site-packages/pip/_internal/utils/glibc.py
f	664	994:993	373	/home/woa23c1ro/.local/share/uv/python/cpython-3.11.14-linux-x86_64-gnu/share/terminfo/d/dw4
f	664	994:993	3730	/home/woa23c1ro/.local/share/uv/python/cpython-3.11.14-linux-x86_64-gnu/lib/python3.11/site-packages/setuptools/tests/test_virtualenv.py
f	664	994:993	3733	/home/woa23c1ro/.local/share/uv/python/cpython-3.11.14-linux-x86_64-gnu/share/terminfo/a/alacritty-direct
f	664	994:993	3734	/home/woa23c1ro/.local/share/uv/python/cpython-3.11.14-linux-x86_64-gnu/lib/python3.11/site-packages/pip/_internal/vcs/bazaar.py
f	664	994:993	3736	/home/woa23c1ro/.local/share/uv/python/cpython-3.11.14-linux-x86_64-gnu/include/python3.11/longobject.h
f	664	994:993	374	/home/woa23c1ro/.local/share/uv/python/cpython-3.11.14-linux-x86_64-gnu/share/terminfo/x/xterm+sl
f	664	994:993	3744	/home/woa23c1ro/.local/share/uv/python/cpython-3.11.14-linux-x86_64-gnu/share/terminfo/v/vte-direct
f	664	994:993	3749	/home/woa23c1ro/.local/share/uv/python/cpython-3.11.14-linux-x86_64-gnu/lib/tk8.6/ttk/classicTheme.tcl
f	664	994:993	375	/home/woa23c1ro/.local/share/uv/python/cpython-3.11.14-linux-x86_64-gnu/share/terminfo/l/ln03
f	664	994:993	37557	/home/woa23c1ro/.local/share/uv/python/cpython-3.11.14-linux-x86_64-gnu/lib/python3.11/socket.py
f	664	994:993	376	/home/woa23c1ro/.local/share/uv/python/cpython-3.11.14-linux-x86_64-gnu/share/terminfo/i/ibm-system1
f	664	994:993	376	/home/woa23c1ro/.local/share/uv/python/cpython-3.11.14-linux-x86_64-gnu/share/terminfo/x/xterm+sl-alt
f	664	994:993	3760	/home/woa23c1ro/.local/share/uv/python/cpython-3.11.14-linux-x86_64-gnu/lib/python3.11/lib2to3/fixes/fix_dict.py
f	664	994:993	3763	/home/woa23c1ro/.local/share/uv/python/cpython-3.11.14-linux-x86_64-gnu/share/terminfo/r/rio
f	664	994:993	377	/home/woa23c1ro/.local/share/uv/python/cpython-3.11.14-linux-x86_64-gnu/share/terminfo/a/ansi-mr
f	664	994:993	377	/home/woa23c1ro/.local/share/uv/python/cpython-3.11.14-linux-x86_64-gnu/share/terminfo/c/coco3
f	664	994:993	377	/home/woa23c1ro/.local/share/uv/python/cpython-3.11.14-linux-x86_64-gnu/share/terminfo/d/djgpp203
f	664	994:993	377	/home/woa23c1ro/.local/share/uv/python/cpython-3.11.14-linux-x86_64-gnu/share/terminfo/k/kermit-am
f	664	994:993	3771	/home/woa23c1ro/.local/share/uv/python/cpython-3.11.14-linux-x86_64-gnu/lib/python3.11/site-packages/pip/_vendor/rich/theme.py
f	664	994:993	3779	/home/woa23c1ro/.local/share/uv/python/cpython-3.11.14-linux-x86_64-gnu/share/terminfo/a/alacritty
f	664	994:993	3783	/home/woa23c1ro/.local/share/uv/python/cpython-3.11.14-linux-x86_64-gnu/share/terminfo/s/screen.xterm-xfree86
f	664	994:993	379	/home/woa23c1ro/.local/share/uv/python/cpython-3.11.14-linux-x86_64-gnu/lib/python3.11/site-packages/setuptools/_vendor/importlib_metadata/diagnose.py
f	664	994:993	379	/home/woa23c1ro/.local/share/uv/python/cpython-3.11.14-linux-x86_64-gnu/lib/python3.11/site-packages/setuptools/tests/test_scripts.py
f	664	994:993	3796	/home/woa23c1ro/.local/share/uv/python/cpython-3.11.14-linux-x86_64-gnu/lib/python3.11/site-packages/setuptools/warnings.py
f	664	994:993	3796	/home/woa23c1ro/.local/share/uv/python/cpython-3.11.14-linux-x86_64-gnu/share/terminfo/v/vte-256color
f	664	994:993	38	/home/woa23c1ro/.local/share/uv/python/cpython-3.11.14-linux-x86_64-gnu/lib/python3.11/concurrent/__init__.py
f	664	994:993	38	/home/woa23c1ro/.local/share/uv/python/cpython-3.11.14-linux-x86_64-gnu/lib/python3.11/xmlrpc/__init__.py
f	664	994:993	380	/home/woa23c1ro/.local/share/uv/python/cpython-3.11.14-linux-x86_64-gnu/lib/python3.11/idlelib/Icons/python.gif
f	664	994:993	3805	/home/woa23c1ro/.local/share/uv/python/cpython-3.11.14-linux-x86_64-gnu/lib/tk8.6/msgs/fr.msg
f	664	994:993	381	/home/woa23c1ro/.local/share/uv/python/cpython-3.11.14-linux-x86_64-gnu/share/terminfo/o/otek4112
f	664	994:993	3813	/home/woa23c1ro/.local/share/uv/python/cpython-3.11.14-linux-x86_64-gnu/lib/python3.11/site-packages/pip/_vendor/requests/help.py
f	664	994:993	3814	/home/woa23c1ro/.local/share/uv/python/cpython-3.11.14-linux-x86_64-gnu/lib/python3.11/email/errors.py
f	664	994:993	3817	/home/woa23c1ro/.local/share/uv/python/cpython-3.11.14-linux-x86_64-gnu/include/python3.11/cpython/longintrepr.h
f	664	994:993	382	/home/woa23c1ro/.local/share/uv/python/cpython-3.11.14-linux-x86_64-gnu/share/terminfo/a/apple-soroc
f	664	994:993	382	/home/woa23c1ro/.local/share/uv/python/cpython-3.11.14-linux-x86_64-gnu/share/terminfo/h/hz1510
f	664	994:993	382	/home/woa23c1ro/.local/share/uv/python/cpython-3.11.14-linux-x86_64-gnu/share/terminfo/n/nec5520
f	664	994:993	3829	/home/woa23c1ro/.local/share/uv/python/cpython-3.11.14-linux-x86_64-gnu/lib/python3.11/site-packages/setuptools/_distutils/tests/test_core.py
f	664	994:993	3832	/home/woa23c1ro/.local/share/uv/python/cpython-3.11.14-linux-x86_64-gnu/lib/tk8.6/msgs/sv.msg
f	664	994:993	38365	/home/woa23c1ro/.local/share/uv/python/cpython-3.11.14-linux-x86_64-gnu/lib/tk8.6/tkfbox.tcl
f	664	994:993	38387	/home/woa23c1ro/.local/share/uv/python/cpython-3.11.14-linux-x86_64-gnu/lib/python3.11/idlelib/config.py
f	664	994:993	384	/home/woa23c1ro/.local/share/uv/python/cpython-3.11.14-linux-x86_64-gnu/share/terminfo/t/terminet1200
f	664	994:993	38413	/home/woa23c1ro/.local/share/uv/python/cpython-3.11.14-linux-x86_64-gnu/lib/python3.11/functools.py
f	664	994:993	385	/home/woa23c1ro/.local/share/uv/python/cpython-3.11.14-linux-x86_64-gnu/share/terminfo/e/elks-glasstty
f	664	994:993	3852	/home/woa23c1ro/.local/share/uv/python/cpython-3.11.14-linux-x86_64-gnu/include/python3.11/dictobject.h
f	664	994:993	386	/home/woa23c1ro/.local/share/uv/python/cpython-3.11.14-linux-x86_64-gnu/lib/python3.11/site-packages/setuptools/_distutils/command/__init__.py
f	664	994:993	386	/home/woa23c1ro/.local/share/uv/python/cpython-3.11.14-linux-x86_64-gnu/lib/python3.11/site-packages/setuptools/_distutils/tests/unix_compat.py
f	664	994:993	386	/home/woa23c1ro/.local/share/uv/python/cpython-3.11.14-linux-x86_64-gnu/share/terminfo/t/ti703
f	664	994:993	3861	/home/woa23c1ro/.local/share/uv/python/cpython-3.11.14-linux-x86_64-gnu/lib/python3.11/tkinter/messagebox.py
f	664	994:993	3867	/home/woa23c1ro/.local/share/uv/python/cpython-3.11.14-linux-x86_64-gnu/lib/tk8.6/demos/en.msg
f	664	994:993	3868	/home/woa23c1ro/.local/share/uv/python/cpython-3.11.14-linux-x86_64-gnu/lib/python3.11/site-packages/pip/_internal/commands/uninstall.py
f	664	994:993	387	/home/woa23c1ro/.local/share/uv/python/cpython-3.11.14-linux-x86_64-gnu/share/terminfo/h/hz2000
f	664	994:993	387	/home/woa23c1ro/.local/share/uv/python/cpython-3.11.14-linux-x86_64-gnu/share/terminfo/x/x10term+sl
f	664	994:993	3871	/home/woa23c1ro/.local/share/uv/python/cpython-3.11.14-linux-x86_64-gnu/lib/python3.11/idlelib/filelist.py
f	664	994:993	3878	/home/woa23c1ro/.local/share/uv/python/cpython-3.11.14-linux-x86_64-gnu/lib/python3.11/site-packages/setuptools/_vendor/jaraco/functools/__init__.pyi
f	664	994:993	388	/home/woa23c1ro/.local/share/uv/python/cpython-3.11.14-linux-x86_64-gnu/share/terminfo/o/omron
f	664	994:993	38828	/home/woa23c1ro/.local/share/uv/python/cpython-3.11.14-linux-x86_64-gnu/lib/tk8.6/menu.tcl
f	664	994:993	38835	/home/woa23c1ro/.local/share/uv/python/cpython-3.11.14-linux-x86_64-gnu/lib/python3.11/site-packages/pip/_internal/index/package_finder.py
f	664	994:993	3889	/home/woa23c1ro/.local/share/uv/python/cpython-3.11.14-linux-x86_64-gnu/lib/tk8.6/images/logoMed.gif
f	664	994:993	3890	/home/woa23c1ro/.local/share/uv/python/cpython-3.11.14-linux-x86_64-gnu/include/python3.11/pymem.h
f	664	994:993	3909	/home/woa23c1ro/.local/share/uv/python/cpython-3.11.14-linux-x86_64-gnu/lib/python3.11/site-packages/pip/_internal/resolution/resolvelib/reporter.py
f	664	994:993	3909	/home/woa23c1ro/.local/share/uv/python/cpython-3.11.14-linux-x86_64-gnu/lib/tk8.6/msgs/da.msg
f	664	994:993	391	/home/woa23c1ro/.local/share/uv/python/cpython-3.11.14-linux-x86_64-gnu/share/terminfo/d/diablo1620
f	664	994:993	391	/home/woa23c1ro/.local/share/uv/python/cpython-3.11.14-linux-x86_64-gnu/share/terminfo/v/vt52+keypad
f	664	994:993	3913	/home/woa23c1ro/.local/share/uv/python/cpython-3.11.14-linux-x86_64-gnu/lib/python3.11/crypt.py
f	664	994:993	3913	/home/woa23c1ro/.local/share/uv/python/cpython-3.11.14-linux-x86_64-gnu/lib/tk8.6/msgs/pt.msg
f	664	994:993	392	/home/woa23c1ro/.local/share/uv/python/cpython-3.11.14-linux-x86_64-gnu/include/python3.11/internal/pycore_namespace.h
f	664	994:993	39205	/home/woa23c1ro/.local/share/uv/python/cpython-3.11.14-linux-x86_64-gnu/lib/python3.11/idlelib/Icons/idle_256.png
f	664	994:993	3926	/home/woa23c1ro/.local/share/uv/python/cpython-3.11.14-linux-x86_64-gnu/share/terminfo/m/mintty+common
f	664	994:993	393	/home/woa23c1ro/.local/share/uv/python/cpython-3.11.14-linux-x86_64-gnu/share/terminfo/l/ln03-w
f	664	994:993	393	/home/woa23c1ro/.local/share/uv/python/cpython-3.11.14-linux-x86_64-gnu/share/terminfo/m/mterm
f	664	994:993	3932	/home/woa23c1ro/.local/share/uv/python/cpython-3.11.14-linux-x86_64-gnu/lib/python3.11/site-packages/setuptools/_distutils/tests/test_bdist_rpm.py
f	664	994:993	3933	/home/woa23c1ro/.local/share/uv/python/cpython-3.11.14-linux-x86_64-gnu/lib/python3.11/site-packages/setuptools/_vendor/jaraco.collections-5.1.0.dist-info/METADATA
f	664	994:993	3933	/home/woa23c1ro/.local/share/uv/python/cpython-3.11.14-linux-x86_64-gnu/share/terminfo/x/xterm-noapp
f	664	994:993	3934	/home/woa23c1ro/.local/share/uv/python/cpython-3.11.14-linux-x86_64-gnu/lib/python3.11/unittest/__init__.py
f	664	994:993	3938	/home/woa23c1ro/.local/share/uv/python/cpython-3.11.14-linux-x86_64-gnu/lib/python3.11/idlelib/mainmenu.py
f	664	994:993	394	/home/woa23c1ro/.local/share/uv/python/cpython-3.11.14-linux-x86_64-gnu/share/terminfo/c/cdc456
f	664	994:993	394	/home/woa23c1ro/.local/share/uv/python/cpython-3.11.14-linux-x86_64-gnu/share/terminfo/r/regent20
f	664	994:993	3948	/home/woa23c1ro/.local/share/uv/python/cpython-3.11.14-linux-x86_64-gnu/lib/tk8.6/msgs/es.msg
f	664	994:993	395	/home/woa23c1ro/.local/share/uv/python/cpython-3.11.14-linux-x86_64-gnu/share/terminfo/a/apple2e
f	664	994:993	395	/home/woa23c1ro/.local/share/uv/python/cpython-3.11.14-linux-x86_64-gnu/share/terminfo/c/cdc752
f	664	994:993	395	/home/woa23c1ro/.local/share/uv/python/cpython-3.11.14-linux-x86_64-gnu/share/terminfo/h/hz1520-noesc
f	664	994:993	3952	/home/woa23c1ro/.local/share/uv/python/cpython-3.11.14-linux-x86_64-gnu/lib/python3.11/imghdr.py
f	664	994:993	3953	/home/woa23c1ro/.local/share/uv/python/cpython-3.11.14-linux-x86_64-gnu/share/terminfo/x/xterm-x10mouse
f	664	994:993	39530	/home/woa23c1ro/.local/share/uv/python/cpython-3.11.14-linux-x86_64-gnu/lib/python3.11/os.py
f	664	994:993	3957	/home/woa23c1ro/.local/share/uv/python/cpython-3.11.14-linux-x86_64-gnu/share/terminfo/x/xterm-1006
f	664	994:993	3957	/home/woa23c1ro/.local/share/uv/python/cpython-3.11.14-linux-x86_64-gnu/share/terminfo/x/xterm-p370
f	664	994:993	3959	/home/woa23c1ro/.local/share/uv/python/cpython-3.11.14-linux-x86_64-gnu/share/terminfo/h/hterm-256color
f	664	994:993	396	/home/woa23c1ro/.local/share/uv/python/cpython-3.11.14-linux-x86_64-gnu/lib/python3.11/idlelib/__init__.py
f	664	994:993	396	/home/woa23c1ro/.local/share/uv/python/cpython-3.11.14-linux-x86_64-gnu/lib/python3.11/site-packages/setuptools/_vendor/tomli/__init__.py
f	664	994:993	396	/home/woa23c1ro/.local/share/uv/python/cpython-3.11.14-linux-x86_64-gnu/share/terminfo/d/dtc382
f	664	994:993	396	/home/woa23c1ro/.local/share/uv/python/cpython-3.11.14-linux-x86_64-gnu/share/terminfo/l/luna
f	664	994:993	3960	/home/woa23c1ro/.local/share/uv/python/cpython-3.11.14-linux-x86_64-gnu/lib/tk8.6/msgs/eo.msg
f	664	994:993	3961	/home/woa23c1ro/.local/share/uv/python/cpython-3.11.14-linux-x86_64-gnu/share/terminfo/x/xterm1
f	664	994:993	3965	/home/woa23c1ro/.local/share/uv/python/cpython-3.11.14-linux-x86_64-gnu/share/terminfo/x/xterm-x11mouse
f	664	994:993	397	/home/woa23c1ro/.local/share/uv/python/cpython-3.11.14-linux-x86_64-gnu/share/terminfo/v/vt52-basic
f	664	994:993	3971	/home/woa23c1ro/.local/share/uv/python/cpython-3.11.14-linux-x86_64-gnu/share/terminfo/x/xterm-1005
f	664	994:993	3971	/home/woa23c1ro/.local/share/uv/python/cpython-3.11.14-linux-x86_64-gnu/share/terminfo/x/xterm-new
f	664	994:993	3977	/home/woa23c1ro/.local/share/uv/python/cpython-3.11.14-linux-x86_64-gnu/lib/python3.11/idlelib/Icons/idle_48.png
f	664	994:993	3977	/home/woa23c1ro/.local/share/uv/python/cpython-3.11.14-linux-x86_64-gnu/share/terminfo/x/xterm
f	664	994:993	39778	/home/woa23c1ro/.local/share/uv/python/cpython-3.11.14-linux-x86_64-gnu/lib/python3.11/site-packages/setuptools/_vendor/wheel/vendored/packaging/specifiers.py
f	664	994:993	3978	/home/woa23c1ro/.local/share/uv/python/cpython-3.11.14-linux-x86_64-gnu/share/terminfo/x/xterm-1003
f	664	994:993	398	/home/woa23c1ro/.local/share/uv/python/cpython-3.11.14-linux-x86_64-gnu/share/terminfo/n/next
f	664	994:993	398	/home/woa23c1ro/.local/share/uv/python/cpython-3.11.14-linux-x86_64-gnu/share/terminfo/s/simterm
f	664	994:993	398	/home/woa23c1ro/.local/share/uv/python/cpython-3.11.14-linux-x86_64-gnu/share/terminfo/x/xterm+app+pc
f	664	994:993	3980	/home/woa23c1ro/.local/share/uv/python/cpython-3.11.14-linux-x86_64-gnu/share/terminfo/x/xterm-1002
f	664	994:993	3981	/home/woa23c1ro/.local/share/uv/python/cpython-3.11.14-linux-x86_64-gnu/share/terminfo/x/xterm-x11hilite
f	664	994:993	3987	/home/woa23c1ro/.local/share/uv/python/cpython-3.11.14-linux-x86_64-gnu/share/terminfo/x/xterm-nic
f	664	994:993	399	/home/woa23c1ro/.local/share/uv/python/cpython-3.11.14-linux-x86_64-gnu/share/terminfo/i/ibm-pc
f	664	994:993	3991	/home/woa23c1ro/.local/share/uv/python/cpython-3.11.14-linux-x86_64-gnu/share/terminfo/x/xterm-p371
f	664	994:993	3994	/home/woa23c1ro/.local/share/uv/python/cpython-3.11.14-linux-x86_64-gnu/share/terminfo/x/xterm-utf8
f	664	994:993	3997	/home/woa23c1ro/.local/share/uv/python/cpython-3.11.14-linux-x86_64-gnu/lib/python3.11/site-packages/pip/_vendor/urllib3/util/request.py
f	664	994:993	4	/home/woa23c1ro/.local/share/uv/python/cpython-3.11.14-linux-x86_64-gnu/lib/python3.11/site-packages/pip-25.3.dist-info/INSTALLER
f	664	994:993	4	/home/woa23c1ro/.local/share/uv/python/cpython-3.11.14-linux-x86_64-gnu/lib/python3.11/site-packages/setuptools-80.9.0.dist-info/INSTALLER
f	664	994:993	4	/home/woa23c1ro/.local/share/uv/python/cpython-3.11.14-linux-x86_64-gnu/lib/python3.11/site-packages/setuptools/_vendor/autocommand-2.2.2.dist-info/INSTALLER
f	664	994:993	4	/home/woa23c1ro/.local/share/uv/python/cpython-3.11.14-linux-x86_64-gnu/lib/python3.11/site-packages/setuptools/_vendor/backports.tarfile-1.2.0.dist-info/INSTALLER
f	664	994:993	4	/home/woa23c1ro/.local/share/uv/python/cpython-3.11.14-linux-x86_64-gnu/lib/python3.11/site-packages/setuptools/_vendor/importlib_metadata-8.0.0.dist-info/INSTALLER
f	664	994:993	4	/home/woa23c1ro/.local/share/uv/python/cpython-3.11.14-linux-x86_64-gnu/lib/python3.11/site-packages/setuptools/_vendor/inflect-7.3.1.dist-info/INSTALLER
f	664	994:993	4	/home/woa23c1ro/.local/share/uv/python/cpython-3.11.14-linux-x86_64-gnu/lib/python3.11/site-packages/setuptools/_vendor/jaraco.collections-5.1.0.dist-info/INSTALLER
f	664	994:993	4	/home/woa23c1ro/.local/share/uv/python/cpython-3.11.14-linux-x86_64-gnu/lib/python3.11/site-packages/setuptools/_vendor/jaraco.context-5.3.0.dist-info/INSTALLER
f	664	994:993	4	/home/woa23c1ro/.local/share/uv/python/cpython-3.11.14-linux-x86_64-gnu/lib/python3.11/site-packages/setuptools/_vendor/jaraco.functools-4.0.1.dist-info/INSTALLER
f	664	994:993	4	/home/woa23c1ro/.local/share/uv/python/cpython-3.11.14-linux-x86_64-gnu/lib/python3.11/site-packages/setuptools/_vendor/jaraco.text-3.12.1.dist-info/INSTALLER
f	664	994:993	4	/home/woa23c1ro/.local/share/uv/python/cpython-3.11.14-linux-x86_64-gnu/lib/python3.11/site-packages/setuptools/_vendor/more_itertools-10.3.0.dist-info/INSTALLER
f	664	994:993	4	/home/woa23c1ro/.local/share/uv/python/cpython-3.11.14-linux-x86_64-gnu/lib/python3.11/site-packages/setuptools/_vendor/platformdirs-4.2.2.dist-info/INSTALLER
f	664	994:993	4	/home/woa23c1ro/.local/share/uv/python/cpython-3.11.14-linux-x86_64-gnu/lib/python3.11/site-packages/setuptools/_vendor/tomli-2.0.1.dist-info/INSTALLER
f	664	994:993	4	/home/woa23c1ro/.local/share/uv/python/cpython-3.11.14-linux-x86_64-gnu/lib/python3.11/site-packages/setuptools/_vendor/typeguard-4.3.0.dist-info/INSTALLER
f	664	994:993	4	/home/woa23c1ro/.local/share/uv/python/cpython-3.11.14-linux-x86_64-gnu/lib/python3.11/site-packages/setuptools/_vendor/typing_extensions-4.12.2.dist-info/INSTALLER
f	664	994:993	4	/home/woa23c1ro/.local/share/uv/python/cpython-3.11.14-linux-x86_64-gnu/lib/python3.11/site-packages/setuptools/_vendor/wheel-0.45.1.dist-info/INSTALLER
f	664	994:993	4	/home/woa23c1ro/.local/share/uv/python/cpython-3.11.14-linux-x86_64-gnu/lib/python3.11/site-packages/setuptools/_vendor/zipp-3.19.2.dist-info/INSTALLER
f	664	994:993	400	/home/woa23c1ro/.local/share/uv/python/cpython-3.11.14-linux-x86_64-gnu/share/terminfo/s/swtp
f	664	994:993	40049	/home/woa23c1ro/.local/share/uv/python/cpython-3.11.14-linux-x86_64-gnu/lib/python3.11/site-packages/pip/_vendor/rich/table.py
f	664	994:993	40074	/home/woa23c1ro/.local/share/uv/python/cpython-3.11.14-linux-x86_64-gnu/lib/python3.11/site-packages/setuptools/_vendor/packaging/specifiers.py
f	664	994:993	40079	/home/woa23c1ro/.local/share/uv/python/cpython-3.11.14-linux-x86_64-gnu/lib/python3.11/site-packages/pip/_vendor/packaging/specifiers.py
f	664	994:993	4016	/home/woa23c1ro/.local/share/uv/python/cpython-3.11.14-linux-x86_64-gnu/lib/python3.11/idlelib/stackviewer.py
f	664	994:993	4018	/home/woa23c1ro/.local/share/uv/python/cpython-3.11.14-linux-x86_64-gnu/share/terminfo/x/xterm-direct2
f	664	994:993	4019	/home/woa23c1ro/.local/share/uv/python/cpython-3.11.14-linux-x86_64-gnu/lib/python3.11/xml/dom/__init__.py
f	664	994:993	402	/home/woa23c1ro/.local/share/uv/python/cpython-3.11.14-linux-x86_64-gnu/share/terminfo/a/adm2
f	664	994:993	402	/home/woa23c1ro/.local/share/uv/python/cpython-3.11.14-linux-x86_64-gnu/share/terminfo/d/dku7003-dumb
f	664	994:993	402	/home/woa23c1ro/.local/share/uv/python/cpython-3.11.14-linux-x86_64-gnu/share/terminfo/g/guru+s
f	664	994:993	402	/home/woa23c1ro/.local/share/uv/python/cpython-3.11.14-linux-x86_64-gnu/share/terminfo/t/ti703-w
f	664	994:993	402	/home/woa23c1ro/.local/share/uv/python/cpython-3.11.14-linux-x86_64-gnu/share/terminfo/v/vt100+noapp+pc
f	664	994:993	402	/home/woa23c1ro/.local/share/uv/python/cpython-3.11.14-linux-x86_64-gnu/share/terminfo/x/xterm+sl-twm
f	664	994:993	4020	/home/woa23c1ro/.local/share/uv/python/cpython-3.11.14-linux-x86_64-gnu/lib/python3.11/site-packages/setuptools/_vendor/jaraco.context-5.3.0.dist-info/METADATA
f	664	994:993	4022	/home/woa23c1ro/.local/share/uv/python/cpython-3.11.14-linux-x86_64-gnu/share/terminfo/m/mintty
f	664	994:993	4026	/home/woa23c1ro/.local/share/uv/python/cpython-3.11.14-linux-x86_64-gnu/lib/python3.11/site-packages/pip/_internal/commands/__init__.py
f	664	994:993	4028	/home/woa23c1ro/.local/share/uv/python/cpython-3.11.14-linux-x86_64-gnu/share/terminfo/x/xterm-direct
f	664	994:993	403	/home/woa23c1ro/.local/share/uv/python/cpython-3.11.14-linux-x86_64-gnu/share/terminfo/i/ifmr
f	664	994:993	4033	/home/woa23c1ro/.local/share/uv/python/cpython-3.11.14-linux-x86_64-gnu/share/terminfo/w/wezterm
f	664	994:993	4039	/home/woa23c1ro/.local/share/uv/python/cpython-3.11.14-linux-x86_64-gnu/share/terminfo/x/xterm-88color
f	664	994:993	40392	/home/woa23c1ro/.local/share/uv/python/cpython-3.11.14-linux-x86_64-gnu/lib/python3.11/site-packages/pip/_vendor/pygments/filters/__init__.py
f	664	994:993	404	/home/woa23c1ro/.local/share/uv/python/cpython-3.11.14-linux-x86_64-gnu/share/terminfo/a/aj510
f	664	994:993	404	/home/woa23c1ro/.local/share/uv/python/cpython-3.11.14-linux-x86_64-gnu/share/terminfo/k/kaypro
f	664	994:993	404	/home/woa23c1ro/.local/share/uv/python/cpython-3.11.14-linux-x86_64-gnu/share/terminfo/r/regent25
f	664	994:993	404	/home/woa23c1ro/.local/share/uv/python/cpython-3.11.14-linux-x86_64-gnu/share/terminfo/x/xterm+pc+edit
f	664	994:993	40408	/home/woa23c1ro/.local/share/uv/python/cpython-3.11.14-linux-x86_64-gnu/lib/python3.11/site-packages/pip/_vendor/urllib3/connectionpool.py
f	664	994:993	4048	/home/woa23c1ro/.local/share/uv/python/cpython-3.11.14-linux-x86_64-gnu/share/terminfo/m/mintty-direct
f	664	994:993	405	/home/woa23c1ro/.local/share/uv/python/cpython-3.11.14-linux-x86_64-gnu/share/terminfo/d/d132
f	664	994:993	405	/home/woa23c1ro/.local/share/uv/python/cpython-3.11.14-linux-x86_64-gnu/share/terminfo/h/hz1420
f	664	994:993	40547	/home/woa23c1ro/.local/share/uv/python/cpython-3.11.14-linux-x86_64-gnu/lib/python3.11/traceback.py
f	664	994:993	4062	/home/woa23c1ro/.local/share/uv/python/cpython-3.11.14-linux-x86_64-gnu/lib/python3.11/colorsys.py
f	664	994:993	4065	/home/woa23c1ro/.local/share/uv/python/cpython-3.11.14-linux-x86_64-gnu/lib/python3.11/idlelib/history.py
f	664	994:993	407	/home/woa23c1ro/.local/share/uv/python/cpython-3.11.14-linux-x86_64-gnu/share/terminfo/g/glasstty
f	664	994:993	4071	/home/woa23c1ro/.local/share/uv/python/cpython-3.11.14-linux-x86_64-gnu/share/terminfo/x/xterm-256color
f	664	994:993	4086	/home/woa23c1ro/.local/share/uv/python/cpython-3.11.14-linux-x86_64-gnu/lib/python3.11/site-packages/setuptools/_distutils/spawn.py
f	664	994:993	40896	/home/woa23c1ro/.local/share/uv/python/cpython-3.11.14-linux-x86_64-gnu/lib/python3.11/_sysconfigdata__linux_x86_64-linux-gnu.py
f	664	994:993	409	/home/woa23c1ro/.local/share/uv/python/cpython-3.11.14-linux-x86_64-gnu/share/terminfo/g/gator-52
f	664	994:993	409	/home/woa23c1ro/.local/share/uv/python/cpython-3.11.14-linux-x86_64-gnu/share/terminfo/v/vc415
f	664	994:993	4091	/home/woa23c1ro/.local/share/uv/python/cpython-3.11.14-linux-x86_64-gnu/lib/python3.11/site-packages/pip/_internal/network/utils.py
f	664	994:993	4092	/home/woa23c1ro/.local/share/uv/python/cpython-3.11.14-linux-x86_64-gnu/lib/python3.11/config-3.11-x86_64-linux-gnu/python.o
f	664	994:993	40936	/home/woa23c1ro/.local/share/uv/python/cpython-3.11.14-linux-x86_64-gnu/lib/tcl8.6/safe.tcl
f	664	994:993	4099	/home/woa23c1ro/.local/share/uv/python/cpython-3.11.14-linux-x86_64-gnu/lib/python3.11/site-packages/setuptools/_distutils/tests/support.py
f	664	994:993	41	/home/woa23c1ro/.local/share/uv/python/cpython-3.11.14-linux-x86_64-gnu/lib/python3.11/site-packages/setuptools-80.9.0.dist-info/top_level.txt
f	664	994:993	410	/home/woa23c1ro/.local/share/uv/python/cpython-3.11.14-linux-x86_64-gnu/share/terminfo/i/intertube
f	664	994:993	410	/home/woa23c1ro/.local/share/uv/python/cpython-3.11.14-linux-x86_64-gnu/share/terminfo/t/t3800
f	664	994:993	4104	/home/woa23c1ro/.local/share/uv/python/cpython-3.11.14-linux-x86_64-gnu/share/terminfo/x/xterm-direct16
f	664	994:993	41087	/home/woa23c1ro/.local/share/uv/python/cpython-3.11.14-linux-x86_64-gnu/lib/python3.11/nntplib.py
f	664	994:993	411	/home/woa23c1ro/.local/share/uv/python/cpython-3.11.14-linux-x86_64-gnu/lib/python3.11/site-packages/setuptools/_vendor/platformdirs/version.py
f	664	994:993	411	/home/woa23c1ro/.local/share/uv/python/cpython-3.11.14-linux-x86_64-gnu/lib/tcl8.6/msgs/te_in.msg
f	664	994:993	411	/home/woa23c1ro/.local/share/uv/python/cpython-3.11.14-linux-x86_64-gnu/share/terminfo/d/diablo1740-lm
f	664	994:993	411	/home/woa23c1ro/.local/share/uv/python/cpython-3.11.14-linux-x86_64-gnu/share/terminfo/t/tek4013
f	664	994:993	4117	/home/woa23c1ro/.local/share/uv/python/cpython-3.11.14-linux-x86_64-gnu/lib/python3.11/site-packages/pip/_vendor/cachecontrol/caches/file_cache.py
f	664	994:993	412	/home/woa23c1ro/.local/share/uv/python/cpython-3.11.14-linux-x86_64-gnu/lib/python3.11/site-packages/setuptools/_vendor/jaraco/text/strip-prefix.py
f	664	994:993	412	/home/woa23c1ro/.local/share/uv/python/cpython-3.11.14-linux-x86_64-gnu/share/terminfo/a/ampex175
f	664	994:993	412	/home/woa23c1ro/.local/share/uv/python/cpython-3.11.14-linux-x86_64-gnu/share/terminfo/p/pc-venix
f	664	994:993	412	/home/woa23c1ro/.local/share/uv/python/cpython-3.11.14-linux-x86_64-gnu/share/terminfo/t/ti700
f	664	994:993	413	/home/woa23c1ro/.local/share/uv/python/cpython-3.11.14-linux-x86_64-gnu/include/python3.11/internal/pycore_function.h
f	664	994:993	413	/home/woa23c1ro/.local/share/uv/python/cpython-3.11.14-linux-x86_64-gnu/share/terminfo/t/tek4015
f	664	994:993	4133	/home/woa23c1ro/.local/share/uv/python/cpython-3.11.14-linux-x86_64-gnu/lib/python3.11/encodings/utf_8_sig.py
f	664	994:993	414	/home/woa23c1ro/.local/share/uv/python/cpython-3.11.14-linux-x86_64-gnu/share/terminfo/c/cyb83
f	664	994:993	414	/home/woa23c1ro/.local/share/uv/python/cpython-3.11.14-linux-x86_64-gnu/share/terminfo/d/dm1520
f	664	994:993	414	/home/woa23c1ro/.local/share/uv/python/cpython-3.11.14-linux-x86_64-gnu/share/terminfo/h/hmod1
f	664	994:993	414	/home/woa23c1ro/.local/share/uv/python/cpython-3.11.14-linux-x86_64-gnu/share/terminfo/v/vc404
f	664	994:993	41467	/home/woa23c1ro/.local/share/uv/python/cpython-3.11.14-linux-x86_64-gnu/lib/python3.11/site-packages/pip/_vendor/distlib/compat.py
f	664	994:993	415	/home/woa23c1ro/.local/share/uv/python/cpython-3.11.14-linux-x86_64-gnu/share/terminfo/s/sibo
f	664	994:993	4151	/home/woa23c1ro/.local/share/uv/python/cpython-3.11.14-linux-x86_64-gnu/lib/python3.11/site-packages/setuptools/_distutils/compilers/C/tests/test_msvc.py
f	664	994:993	4154	/home/woa23c1ro/.local/share/uv/python/cpython-3.11.14-linux-x86_64-gnu/include/python3.11/pyhash.h
f	664	994:993	4158	/home/woa23c1ro/.local/share/uv/python/cpython-3.11.14-linux-x86_64-gnu/lib/tk8.6/msgs/cs.msg
f	664	994:993	4158	/home/woa23c1ro/.local/share/uv/python/cpython-3.11.14-linux-x86_64-gnu/share/terminfo/x/xterm-direct256
f	664	994:993	41631	/home/woa23c1ro/.local/share/uv/python/cpython-3.11.14-linux-x86_64-gnu/lib/python3.11/site-packages/setuptools/msvc.py
f	664	994:993	417	/home/woa23c1ro/.local/share/uv/python/cpython-3.11.14-linux-x86_64-gnu/lib/python3.11/site-packages/pip/_vendor/rich/_timer.py
f	664	994:993	417	/home/woa23c1ro/.local/share/uv/python/cpython-3.11.14-linux-x86_64-gnu/lib/tcl8.6/msgs/fa_ir.msg
f	664	994:993	417	/home/woa23c1ro/.local/share/uv/python/cpython-3.11.14-linux-x86_64-gnu/share/terminfo/c/ct8500
f	664	994:993	417	/home/woa23c1ro/.local/share/uv/python/cpython-3.11.14-linux-x86_64-gnu/share/terminfo/d/diablo1620-m8
f	664	994:993	417	/home/woa23c1ro/.local/share/uv/python/cpython-3.11.14-linux-x86_64-gnu/share/terminfo/e/elks
f	664	994:993	417	/home/woa23c1ro/.local/share/uv/python/cpython-3.11.14-linux-x86_64-gnu/share/terminfo/v/vi50adm
f	664	994:993	4176	/home/woa23c1ro/.local/share/uv/python/cpython-3.11.14-linux-x86_64-gnu/lib/python3.11/site-packages/pip/_vendor/pygments/formatters/_mapping.py
f	664	994:993	4177	/home/woa23c1ro/.local/share/uv/python/cpython-3.11.14-linux-x86_64-gnu/lib/python3.11/idlelib/debugobj.py
f	664	994:993	4177	/home/woa23c1ro/.local/share/uv/python/cpython-3.11.14-linux-x86_64-gnu/lib/tk8.6/demos/ttkpane.tcl
f	664	994:993	418	/home/woa23c1ro/.local/share/uv/python/cpython-3.11.14-linux-x86_64-gnu/share/terminfo/a/ansi-mini
f	664	994:993	418	/home/woa23c1ro/.local/share/uv/python/cpython-3.11.14-linux-x86_64-gnu/share/terminfo/n/nsterm+s
f	664	994:993	418	/home/woa23c1ro/.local/share/uv/python/cpython-3.11.14-linux-x86_64-gnu/share/terminfo/t/tvi912b+dim
f	664	994:993	418	/home/woa23c1ro/.local/share/uv/python/cpython-3.11.14-linux-x86_64-gnu/share/terminfo/x/xterm+edit
f	664	994:993	41862	/home/woa23c1ro/.local/share/uv/python/cpython-3.11.14-linux-x86_64-gnu/lib/tcl8.6/encoding/shiftjis.enc
f	664	994:993	419	/home/woa23c1ro/.local/share/uv/python/cpython-3.11.14-linux-x86_64-gnu/share/terminfo/e/elks-vt52
f	664	994:993	4197	/home/woa23c1ro/.local/share/uv/python/cpython-3.11.14-linux-x86_64-gnu/include/python3.11/internal/pycore_hashtable.h
f	664	994:993	42	/home/woa23c1ro/.local/share/uv/python/cpython-3.11.14-linux-x86_64-gnu/lib/python3.11/site-packages/setuptools/_distutils/_log.py
f	664	994:993	420	/home/woa23c1ro/.local/share/uv/python/cpython-3.11.14-linux-x86_64-gnu/share/terminfo/v/vt100+noapp
f	664	994:993	420	/home/woa23c1ro/.local/share/uv/python/cpython-3.11.14-linux-x86_64-gnu/share/terminfo/x/xterm+noapp
f	664	994:993	4203	/home/woa23c1ro/.local/share/uv/python/cpython-3.11.14-linux-x86_64-gnu/lib/python3.11/idlelib/zoomheight.py
f	664	994:993	421	/home/woa23c1ro/.local/share/uv/python/cpython-3.11.14-linux-x86_64-gnu/share/terminfo/a/apple-ae
f	664	994:993	421	/home/woa23c1ro/.local/share/uv/python/cpython-3.11.14-linux-x86_64-gnu/share/terminfo/b/bantam
f	664	994:993	421	/home/woa23c1ro/.local/share/uv/python/cpython-3.11.14-linux-x86_64-gnu/share/terminfo/g/gator-52t
f	664	994:993	4214	/home/woa23c1ro/.local/share/uv/python/cpython-3.11.14-linux-x86_64-gnu/lib/python3.11/site-packages/pip/_vendor/rich/spinner.py
f	664	994:993	4217	/home/woa23c1ro/.local/share/uv/python/cpython-3.11.14-linux-x86_64-gnu/share/terminfo/x/xterm-16color
f	664	994:993	422	/home/woa23c1ro/.local/share/uv/python/cpython-3.11.14-linux-x86_64-gnu/share/terminfo/b/beehive3
f	664	994:993	422	/home/woa23c1ro/.local/share/uv/python/cpython-3.11.14-linux-x86_64-gnu/share/terminfo/i/ibm3101
f	664	994:993	422	/home/woa23c1ro/.local/share/uv/python/cpython-3.11.14-linux-x86_64-gnu/share/terminfo/m/mm340
f	664	994:993	422	/home/woa23c1ro/.local/share/uv/python/cpython-3.11.14-linux-x86_64-gnu/share/terminfo/x/xterm+app
f	664	994:993	4221	/home/woa23c1ro/.local/share/uv/python/cpython-3.11.14-linux-x86_64-gnu/lib/python3.11/site-packages/setuptools/_distutils/tests/test_modified.py
f	664	994:993	4228	/home/woa23c1ro/.local/share/uv/python/cpython-3.11.14-linux-x86_64-gnu/lib/python3.11/site-packages/setuptools/command/_requirestxt.py
f	664	994:993	423	/home/woa23c1ro/.local/share/uv/python/cpython-3.11.14-linux-x86_64-gnu/lib/python3.11/site-packages/pip/_vendor/rich/_pick.py
f	664	994:993	423	/home/woa23c1ro/.local/share/uv/python/cpython-3.11.14-linux-x86_64-gnu/lib/python3.11/site-packages/setuptools/_vendor/wheel/util.py
f	664	994:993	423	/home/woa23c1ro/.local/share/uv/python/cpython-3.11.14-linux-x86_64-gnu/share/terminfo/f/f1720
f	664	994:993	424	/home/woa23c1ro/.local/share/uv/python/cpython-3.11.14-linux-x86_64-gnu/lib/python3.11/site-packages/setuptools/tests/test_depends.py
f	664	994:993	424	/home/woa23c1ro/.local/share/uv/python/cpython-3.11.14-linux-x86_64-gnu/share/terminfo/c/cit80
f	664	994:993	424	/home/woa23c1ro/.local/share/uv/python/cpython-3.11.14-linux-x86_64-gnu/share/terminfo/i/ibm-apl
f	664	994:993	424	/home/woa23c1ro/.local/share/uv/python/cpython-3.11.14-linux-x86_64-gnu/share/terminfo/o/osborne-w
f	664	994:993	424	/home/woa23c1ro/.local/share/uv/python/cpython-3.11.14-linux-x86_64-gnu/share/terminfo/t/tt
f	664	994:993	42420	/home/woa23c1ro/.local/share/uv/python/cpython-3.11.14-linux-x86_64-gnu/lib/python3.11/re/_parser.py
f	664	994:993	4243	/home/woa23c1ro/.local/share/uv/python/cpython-3.11.14-linux-x86_64-gnu/lib/python3.11/site-packages/pip/_internal/models/target_python.py
f	664	994:993	425	/home/woa23c1ro/.local/share/uv/python/cpython-3.11.14-linux-x86_64-gnu/share/terminfo/d/diablo1640-lm
f	664	994:993	4250	/home/woa23c1ro/.local/share/uv/python/cpython-3.11.14-linux-x86_64-gnu/include/python3.11/internal/pycore_pystate.h
f	664	994:993	4255	/home/woa23c1ro/.local/share/uv/python/cpython-3.11.14-linux-x86_64-gnu/lib/tk8.6/demos/menubu.tcl
f	664	994:993	426	/home/woa23c1ro/.local/share/uv/python/cpython-3.11.14-linux-x86_64-gnu/share/terminfo/a/atari-old
f	664	994:993	426	/home/woa23c1ro/.local/share/uv/python/cpython-3.11.14-linux-x86_64-gnu/share/terminfo/i/i400
f	664	994:993	42619	/home/woa23c1ro/.local/share/uv/python/cpython-3.11.14-linux-x86_64-gnu/lib/python3.11/site-packages/setuptools/tests/test_editable_install.py
f	664	994:993	427	/home/woa23c1ro/.local/share/uv/python/cpython-3.11.14-linux-x86_64-gnu/share/terminfo/d/dg211
f	664	994:993	427	/home/woa23c1ro/.local/share/uv/python/cpython-3.11.14-linux-x86_64-gnu/share/terminfo/v/vsc
f	664	994:993	4272	/home/woa23c1ro/.local/share/uv/python/cpython-3.11.14-linux-x86_64-gnu/lib/python3.11/site-packages/pip/_vendor/requests/exceptions.py
f	664	994:993	42739	/home/woa23c1ro/.local/share/uv/python/cpython-3.11.14-linux-x86_64-gnu/include/python3.11/cpython/unicodeobject.h
f	664	994:993	428	/home/woa23c1ro/.local/share/uv/python/cpython-3.11.14-linux-x86_64-gnu/share/terminfo/a/appleII
f	664	994:993	428	/home/woa23c1ro/.local/share/uv/python/cpython-3.11.14-linux-x86_64-gnu/share/terminfo/c/citoh-pica
f	664	994:993	428	/home/woa23c1ro/.local/share/uv/python/cpython-3.11.14-linux-x86_64-gnu/share/terminfo/v/vt220+pcedit
f	664	994:993	429	/home/woa23c1ro/.local/share/uv/python/cpython-3.11.14-linux-x86_64-gnu/share/terminfo/d/diablo1640
f	664	994:993	429	/home/woa23c1ro/.local/share/uv/python/cpython-3.11.14-linux-x86_64-gnu/share/terminfo/e/elks-ansi
f	664	994:993	429	/home/woa23c1ro/.local/share/uv/python/cpython-3.11.14-linux-x86_64-gnu/share/terminfo/t/tek4015-sm
f	664	994:993	4291	/home/woa23c1ro/.local/share/uv/python/cpython-3.11.14-linux-x86_64-gnu/lib/python3.11/site-packages/pip/_vendor/cachecontrol/filewrapper.py
f	664	994:993	4291	/home/woa23c1ro/.local/share/uv/python/cpython-3.11.14-linux-x86_64-gnu/lib/tk8.6/demos/text.tcl
f	664	994:993	43	/home/woa23c1ro/.local/share/uv/python/cpython-3.11.14-linux-x86_64-gnu/lib/python3.11/site-packages/setuptools/_vendor/more_itertools/__init__.pyi
f	664	994:993	430	/home/woa23c1ro/.local/share/uv/python/cpython-3.11.14-linux-x86_64-gnu/share/terminfo/d/delta
f	664	994:993	430	/home/woa23c1ro/.local/share/uv/python/cpython-3.11.14-linux-x86_64-gnu/share/terminfo/o/osborne
f	664	994:993	4303	/home/woa23c1ro/.local/share/uv/python/cpython-3.11.14-linux-x86_64-gnu/include/python3.11/cpython/modsupport.h
f	664	994:993	431	/home/woa23c1ro/.local/share/uv/python/cpython-3.11.14-linux-x86_64-gnu/share/terminfo/a/apollo
f	664	994:993	431	/home/woa23c1ro/.local/share/uv/python/cpython-3.11.14-linux-x86_64-gnu/share/terminfo/a/apple2e-p
f	664	994:993	431	/home/woa23c1ro/.local/share/uv/python/cpython-3.11.14-linux-x86_64-gnu/share/terminfo/c/cbunix
f	664	994:993	431	/home/woa23c1ro/.local/share/uv/python/cpython-3.11.14-linux-x86_64-gnu/share/terminfo/c/citoh
f	664	994:993	431	/home/woa23c1ro/.local/share/uv/python/cpython-3.11.14-linux-x86_64-gnu/share/terminfo/v/vremote
f	664	994:993	4319	/home/woa23c1ro/.local/share/uv/python/cpython-3.11.14-linux-x86_64-gnu/lib/python3.11/site-packages/setuptools/command/install_lib.py
f	664	994:993	432	/home/woa23c1ro/.local/share/uv/python/cpython-3.11.14-linux-x86_64-gnu/lib/python3.11/site-packages/setuptools/tests/integration/test_pbr.py
f	664	994:993	432	/home/woa23c1ro/.local/share/uv/python/cpython-3.11.14-linux-x86_64-gnu/share/terminfo/v/vt100+pfkeys
f	664	994:993	432	/home/woa23c1ro/.local/share/uv/python/cpython-3.11.14-linux-x86_64-gnu/share/terminfo/v/vt61
f	664	994:993	4320	/home/woa23c1ro/.local/share/uv/python/cpython-3.11.14-linux-x86_64-gnu/lib/python3.11/io.py
f	664	994:993	4322	/home/woa23c1ro/.local/share/uv/python/cpython-3.11.14-linux-x86_64-gnu/lib/python3.11/site-packages/pip/_vendor/requests/status_codes.py
f	664	994:993	4329	/home/woa23c1ro/.local/share/uv/python/cpython-3.11.14-linux-x86_64-gnu/lib/python3.11/site-packages/pip/_internal/cli/main_parser.py
f	664	994:993	4331	/home/woa23c1ro/.local/share/uv/python/cpython-3.11.14-linux-x86_64-gnu/lib/python3.11/site-packages/setuptools/_distutils/tests/test_build_clib.py
f	664	994:993	434	/home/woa23c1ro/.local/share/uv/python/cpython-3.11.14-linux-x86_64-gnu/share/terminfo/d/dg200
f	664	994:993	434	/home/woa23c1ro/.local/share/uv/python/cpython-3.11.14-linux-x86_64-gnu/share/terminfo/d/dg450
f	664	994:993	435	/home/woa23c1ro/.local/share/uv/python/cpython-3.11.14-linux-x86_64-gnu/lib/python3.11/site-packages/pip/_vendor/requests/__version__.py
f	664	994:993	435	/home/woa23c1ro/.local/share/uv/python/cpython-3.11.14-linux-x86_64-gnu/share/terminfo/h/hz1520
f	664	994:993	4357	/home/woa23c1ro/.local/share/uv/python/cpython-3.11.14-linux-x86_64-gnu/lib/tk8.6/demos/mclist.tcl
f	664	994:993	436	/home/woa23c1ro/.local/share/uv/python/cpython-3.11.14-linux-x86_64-gnu/include/python3.11/pystrcmp.h
f	664	994:993	436	/home/woa23c1ro/.local/share/uv/python/cpython-3.11.14-linux-x86_64-gnu/lib/itcl4.2.4/pkgIndex.tcl
f	664	994:993	436	/home/woa23c1ro/.local/share/uv/python/cpython-3.11.14-linux-x86_64-gnu/share/terminfo/v/vc404-s
f	664	994:993	437	/home/woa23c1ro/.local/share/uv/python/cpython-3.11.14-linux-x86_64-gnu/share/terminfo/a/adm1178
f	664	994:993	437	/home/woa23c1ro/.local/share/uv/python/cpython-3.11.14-linux-x86_64-gnu/share/terminfo/k/klone+acs
f	664	994:993	437	/home/woa23c1ro/.local/share/uv/python/cpython-3.11.14-linux-x86_64-gnu/share/terminfo/p/pty
f	664	994:993	438	/home/woa23c1ro/.local/share/uv/python/cpython-3.11.14-linux-x86_64-gnu/share/terminfo/a/apple-uterm
f	664	994:993	438	/home/woa23c1ro/.local/share/uv/python/cpython-3.11.14-linux-x86_64-gnu/share/terminfo/c/citoh-elite
f	664	994:993	4390	/home/woa23c1ro/.local/share/uv/python/cpython-3.11.14-linux-x86_64-gnu/lib/python3.11/site-packages/pip/_vendor/pygments/formatter.py
f	664	994:993	44	/home/woa23c1ro/.local/share/uv/python/cpython-3.11.14-linux-x86_64-gnu/lib/python3.11/site-packages/_distutils_hack/override.py
f	664	994:993	440	/home/woa23c1ro/.local/share/uv/python/cpython-3.11.14-linux-x86_64-gnu/share/terminfo/c/cs10
f	664	994:993	4402	/home/woa23c1ro/.local/share/uv/python/cpython-3.11.14-linux-x86_64-gnu/lib/python3.11/site-packages/setuptools/_vendor/wheel/cli/__init__.py
f	664	994:993	4403	/home/woa23c1ro/.local/share/uv/python/cpython-3.11.14-linux-x86_64-gnu/lib/tk8.6/demos/search.tcl
f	664	994:993	4409	/home/woa23c1ro/.local/share/uv/python/cpython-3.11.14-linux-x86_64-gnu/include/python3.11/internal/pycore_ceval.h
f	664	994:993	441	/home/woa23c1ro/.local/share/uv/python/cpython-3.11.14-linux-x86_64-gnu/lib/python3.11/site-packages/pip/_vendor/requests/certs.py
f	664	994:993	441	/home/woa23c1ro/.local/share/uv/python/cpython-3.11.14-linux-x86_64-gnu/share/terminfo/a/adm20
f	664	994:993	441	/home/woa23c1ro/.local/share/uv/python/cpython-3.11.14-linux-x86_64-gnu/share/terminfo/a/avt+s
f	664	994:993	4410	/home/woa23c1ro/.local/share/uv/python/cpython-3.11.14-linux-x86_64-gnu/lib/tk8.6/ttk/defaults.tcl
f	664	994:993	4416	/home/woa23c1ro/.local/share/uv/python/cpython-3.11.14-linux-x86_64-gnu/lib/python3.11/site-packages/setuptools/_vendor/typeguard/_pytest_plugin.py
f	664	994:993	4424	/home/woa23c1ro/.local/share/uv/python/cpython-3.11.14-linux-x86_64-gnu/include/python3.11/cpython/funcobject.h
f	664	994:993	4424	/home/woa23c1ro/.local/share/uv/python/cpython-3.11.14-linux-x86_64-gnu/lib/python3.11/site-packages/pip/_vendor/rich/status.py
f	664	994:993	443	/home/woa23c1ro/.local/share/uv/python/cpython-3.11.14-linux-x86_64-gnu/lib/python3.11/idlelib/Icons/README.txt
f	664	994:993	4431	/home/woa23c1ro/.local/share/uv/python/cpython-3.11.14-linux-x86_64-gnu/lib/python3.11/site-packages/pip/_vendor/rich/repr.py
f	664	994:993	444	/home/woa23c1ro/.local/share/uv/python/cpython-3.11.14-linux-x86_64-gnu/include/python3.11/cpython/pyfpe.h
f	664	994:993	444	/home/woa23c1ro/.local/share/uv/python/cpython-3.11.14-linux-x86_64-gnu/include/python3.11/cpython/traceback.h
f	664	994:993	444	/home/woa23c1ro/.local/share/uv/python/cpython-3.11.14-linux-x86_64-gnu/share/terminfo/a/adds980
f	664	994:993	444	/home/woa23c1ro/.local/share/uv/python/cpython-3.11.14-linux-x86_64-gnu/share/terminfo/a/ampex175-b
f	664	994:993	444	/home/woa23c1ro/.local/share/uv/python/cpython-3.11.14-linux-x86_64-gnu/share/terminfo/c/citoh-6lpi
f	664	994:993	444	/home/woa23c1ro/.local/share/uv/python/cpython-3.11.14-linux-x86_64-gnu/share/terminfo/c/citoh-8lpi
f	664	994:993	445	/home/woa23c1ro/.local/share/uv/python/cpython-3.11.14-linux-x86_64-gnu/share/terminfo/f/fox
f	664	994:993	445	/home/woa23c1ro/.local/share/uv/python/cpython-3.11.14-linux-x86_64-gnu/share/terminfo/x/xterm+acs
f	664	994:993	446	/home/woa23c1ro/.local/share/uv/python/cpython-3.11.14-linux-x86_64-gnu/share/terminfo/t/t10
f	664	994:993	446	/home/woa23c1ro/.local/share/uv/python/cpython-3.11.14-linux-x86_64-gnu/share/terminfo/z/zen30
f	664	994:993	4466	/home/woa23c1ro/.local/share/uv/python/cpython-3.11.14-linux-x86_64-gnu/lib/tk8.6/msgs/nl.msg
f	664	994:993	4468	/home/woa23c1ro/.local/share/uv/python/cpython-3.11.14-linux-x86_64-gnu/lib/python3.11/site-packages/pip/_internal/utils/wheel.py
f	664	994:993	4468	/home/woa23c1ro/.local/share/uv/python/cpython-3.11.14-linux-x86_64-gnu/lib/tk8.6/tearoff.tcl
f	664	994:993	4469	/home/woa23c1ro/.local/share/uv/python/cpython-3.11.14-linux-x86_64-gnu/lib/tk8.6/ttk/cursors.tcl
f	664	994:993	447	/home/woa23c1ro/.local/share/uv/python/cpython-3.11.14-linux-x86_64-gnu/share/terminfo/o/oldpc3
f	664	994:993	4478	/home/woa23c1ro/.local/share/uv/python/cpython-3.11.14-linux-x86_64-gnu/lib/python3.11/idlelib/scrolledlist.py
f	664	994:993	448	/home/woa23c1ro/.local/share/uv/python/cpython-3.11.14-linux-x86_64-gnu/share/terminfo/i/ibmaed
f	664	994:993	448	/home/woa23c1ro/.local/share/uv/python/cpython-3.11.14-linux-x86_64-gnu/share/terminfo/o/oblit
f	664	994:993	44836	/home/woa23c1ro/.local/share/uv/python/cpython-3.11.14-linux-x86_64-gnu/lib/python3.11/urllib/parse.py
f	664	994:993	44887	/home/woa23c1ro/.local/share/uv/python/cpython-3.11.14-linux-x86_64-gnu/lib/python3.11/site-packages/setuptools/dist.py
f	664	994:993	449	/home/woa23c1ro/.local/share/uv/python/cpython-3.11.14-linux-x86_64-gnu/lib/python3.11/lib2to3/fixes/fix_standarderror.py
f	664	994:993	44937	/home/woa23c1ro/.local/share/uv/python/cpython-3.11.14-linux-x86_64-gnu/lib/python3.11/site-packages/setuptools/_vendor/typeguard/_transformer.py
f	664	994:993	44941	/home/woa23c1ro/.local/share/uv/python/cpython-3.11.14-linux-x86_64-gnu/lib/python3.11/site-packages/setuptools/tests/test_egg_info.py
f	664	994:993	450	/home/woa23c1ro/.local/share/uv/python/cpython-3.11.14-linux-x86_64-gnu/lib/python3.11/site-packages/setuptools/tests/config/downloads/preload.py
f	664	994:993	450	/home/woa23c1ro/.local/share/uv/python/cpython-3.11.14-linux-x86_64-gnu/share/terminfo/c/cs10-w
f	664	994:993	4500	/home/woa23c1ro/.local/share/uv/python/cpython-3.11.14-linux-x86_64-gnu/lib/python3.11/site-packages/setuptools/_distutils/tests/test_dir_util.py
f	664	994:993	4504	/home/woa23c1ro/.local/share/uv/python/cpython-3.11.14-linux-x86_64-gnu/lib/python3.11/importlib/resources/_adapters.py
f	664	994:993	4507	/home/woa23c1ro/.local/share/uv/python/cpython-3.11.14-linux-x86_64-gnu/lib/python3.11/site-packages/pip/_internal/models/search_scope.py
f	664	994:993	451	/home/woa23c1ro/.local/share/uv/python/cpython-3.11.14-linux-x86_64-gnu/lib/python3.11/lib2to3/fixes/fix_getcwdu.py
f	664	994:993	451	/home/woa23c1ro/.local/share/uv/python/cpython-3.11.14-linux-x86_64-gnu/share/terminfo/t/trs2
f	664	994:993	4515	/home/woa23c1ro/.local/share/uv/python/cpython-3.11.14-linux-x86_64-gnu/lib/python3.11/multiprocessing/popen_spawn_win32.py
f	664	994:993	4515	/home/woa23c1ro/.local/share/uv/python/cpython-3.11.14-linux-x86_64-gnu/lib/python3.11/site-packages/setuptools/tests/test_namespaces.py
f	664	994:993	452	/home/woa23c1ro/.local/share/uv/python/cpython-3.11.14-linux-x86_64-gnu/share/terminfo/a/apple-videx2
f	664	994:993	452	/home/woa23c1ro/.local/share/uv/python/cpython-3.11.14-linux-x86_64-gnu/share/terminfo/h/hz1500
f	664	994:993	452	/home/woa23c1ro/.local/share/uv/python/cpython-3.11.14-linux-x86_64-gnu/share/terminfo/v/vc414
f	664	994:993	4522	/home/woa23c1ro/.local/share/uv/python/cpython-3.11.14-linux-x86_64-gnu/include/python3.11/cpython/pyerrors.h
f	664	994:993	4528	/home/woa23c1ro/.local/share/uv/python/cpython-3.11.14-linux-x86_64-gnu/lib/python3.11/site-packages/pip/_vendor/urllib3/contrib/ntlmpool.py
f	664	994:993	4528	/home/woa23c1ro/.local/share/uv/python/cpython-3.11.14-linux-x86_64-gnu/lib/python3.11/site-packages/setuptools/command/build_clib.py
f	664	994:993	4530	/home/woa23c1ro/.local/share/uv/python/cpython-3.11.14-linux-x86_64-gnu/lib/python3.11/site-packages/pip/_internal/commands/completion.py
f	664	994:993	4532	/home/woa23c1ro/.local/share/uv/python/cpython-3.11.14-linux-x86_64-gnu/include/python3.11/cpython/longobject.h
f	664	994:993	454	/home/woa23c1ro/.local/share/uv/python/cpython-3.11.14-linux-x86_64-gnu/lib/python3.11/idlelib/idle.py
f	664	994:993	454	/home/woa23c1ro/.local/share/uv/python/cpython-3.11.14-linux-x86_64-gnu/lib/python3.11/lib2to3/fixes/fix_raw_input.py
f	664	994:993	454	/home/woa23c1ro/.local/share/uv/python/cpython-3.11.14-linux-x86_64-gnu/share/terminfo/p/pilot
f	664	994:993	45400	/home/woa23c1ro/.local/share/uv/python/cpython-3.11.14-linux-x86_64-gnu/lib/python3.11/asyncio/selector_events.py
f	664	994:993	455	/home/woa23c1ro/.local/share/uv/python/cpython-3.11.14-linux-x86_64-gnu/lib/python3.11/site-packages/setuptools/_vendor/wheel/__main__.py
f	664	994:993	4555	/home/woa23c1ro/.local/share/uv/python/cpython-3.11.14-linux-x86_64-gnu/lib/python3.11/site-packages/pip/_internal/pyproject.py
f	664	994:993	456	/home/woa23c1ro/.local/share/uv/python/cpython-3.11.14-linux-x86_64-gnu/share/terminfo/i/i100
f	664	994:993	456	/home/woa23c1ro/.local/share/uv/python/cpython-3.11.14-linux-x86_64-gnu/share/terminfo/p/pc-coherent
f	664	994:993	456	/home/woa23c1ro/.local/share/uv/python/cpython-3.11.14-linux-x86_64-gnu/share/terminfo/s/screwpoint
f	664	994:993	4571	/home/woa23c1ro/.local/share/uv/python/cpython-3.11.14-linux-x86_64-gnu/lib/python3.11/importlib/resources/abc.py
f	664	994:993	459	/home/woa23c1ro/.local/share/uv/python/cpython-3.11.14-linux-x86_64-gnu/share/terminfo/a/adm42
f	664	994:993	459	/home/woa23c1ro/.local/share/uv/python/cpython-3.11.14-linux-x86_64-gnu/share/terminfo/n/newhpkeyboard
f	664	994:993	459	/home/woa23c1ro/.local/share/uv/python/cpython-3.11.14-linux-x86_64-gnu/share/terminfo/p/pe1251
f	664	994:993	460	/home/woa23c1ro/.local/share/uv/python/cpython-3.11.14-linux-x86_64-gnu/share/terminfo/f/falco
f	664	994:993	4600	/home/woa23c1ro/.local/share/uv/python/cpython-3.11.14-linux-x86_64-gnu/lib/tk8.6/msgs/hu.msg
f	664	994:993	4602	/home/woa23c1ro/.local/share/uv/python/cpython-3.11.14-linux-x86_64-gnu/lib/python3.11/site-packages/pip/_vendor/rich/rule.py
f	664	994:993	4604	/home/woa23c1ro/.local/share/uv/python/cpython-3.11.14-linux-x86_64-gnu/lib/tk8.6/msgs/fi.msg
f	664	994:993	461	/home/woa23c1ro/.local/share/uv/python/cpython-3.11.14-linux-x86_64-gnu/share/terminfo/a/appleIIgs
f	664	994:993	461	/home/woa23c1ro/.local/share/uv/python/cpython-3.11.14-linux-x86_64-gnu/share/terminfo/k/klone+koi8acs
f	664	994:993	4615	/home/woa23c1ro/.local/share/uv/python/cpython-3.11.14-linux-x86_64-gnu/lib/tk8.6/tkAppInit.c
f	664	994:993	4617	/home/woa23c1ro/.local/share/uv/python/cpython-3.11.14-linux-x86_64-gnu/lib/python3.11/site-packages/setuptools/_vendor/more_itertools/recipes.pyi
f	664	994:993	462	/home/woa23c1ro/.local/share/uv/python/cpython-3.11.14-linux-x86_64-gnu/share/terminfo/c/citoh-comp
f	664	994:993	462	/home/woa23c1ro/.local/share/uv/python/cpython-3.11.14-linux-x86_64-gnu/share/terminfo/c/citoh-prop
f	664	994:993	462	/home/woa23c1ro/.local/share/uv/python/cpython-3.11.14-linux-x86_64-gnu/share/terminfo/v/vt100+fnkeys
f	664	994:993	463	/home/woa23c1ro/.local/share/uv/python/cpython-3.11.14-linux-x86_64-gnu/share/terminfo/a/ansi+sgrbold
f	664	994:993	463	/home/woa23c1ro/.local/share/uv/python/cpython-3.11.14-linux-x86_64-gnu/share/terminfo/a/ansi+sgrdim
f	664	994:993	4631	/home/woa23c1ro/.local/share/uv/python/cpython-3.11.14-linux-x86_64-gnu/lib/python3.11/site-packages/setuptools/_distutils/command/bdist_dumb.py
f	664	994:993	4635	/home/woa23c1ro/.local/share/uv/python/cpython-3.11.14-linux-x86_64-gnu/include/python3.11/pystate.h
f	664	994:993	464	/home/woa23c1ro/.local/share/uv/python/cpython-3.11.14-linux-x86_64-gnu/share/terminfo/a/ansi-mtabs
f	664	994:993	464	/home/woa23c1ro/.local/share/uv/python/cpython-3.11.14-linux-x86_64-gnu/share/terminfo/x/xterm+vt+edit
f	664	994:993	4648	/home/woa23c1ro/.local/share/uv/python/cpython-3.11.14-linux-x86_64-gnu/lib/python3.11/site-packages/setuptools/_vendor/importlib_metadata-8.0.0.dist-info/METADATA
f	664	994:993	466	/home/woa23c1ro/.local/share/uv/python/cpython-3.11.14-linux-x86_64-gnu/share/terminfo/a/apple-videx
f	664	994:993	466	/home/woa23c1ro/.local/share/uv/python/cpython-3.11.14-linux-x86_64-gnu/share/terminfo/w/wy100q
f	664	994:993	4660	/home/woa23c1ro/.local/share/uv/python/cpython-3.11.14-linux-x86_64-gnu/lib/python3.11/distutils/spawn.py
f	664	994:993	4662	/home/woa23c1ro/.local/share/uv/python/cpython-3.11.14-linux-x86_64-gnu/lib/tk8.6/ttk/clamTheme.tcl
f	664	994:993	4668	/home/woa23c1ro/.local/share/uv/python/cpython-3.11.14-linux-x86_64-gnu/lib/python3.11/site-packages/pip/_internal/cli/progress_bars.py
f	664	994:993	467	/home/woa23c1ro/.local/share/uv/python/cpython-3.11.14-linux-x86_64-gnu/share/terminfo/d/dm2500
f	664	994:993	467	/home/woa23c1ro/.local/share/uv/python/cpython-3.11.14-linux-x86_64-gnu/share/terminfo/s/scanset
f	664	994:993	467	/home/woa23c1ro/.local/share/uv/python/cpython-3.11.14-linux-x86_64-gnu/share/terminfo/t/tandem653
f	664	994:993	4672	/home/woa23c1ro/.local/share/uv/python/cpython-3.11.14-linux-x86_64-gnu/lib/python3.11/site-packages/pip-25.3.dist-info/METADATA
f	664	994:993	47	/home/woa23c1ro/.local/share/uv/python/cpython-3.11.14-linux-x86_64-gnu/lib/python3.11/lib2to3/fixes/__init__.py
f	664	994:993	470	/home/woa23c1ro/.local/share/uv/python/cpython-3.11.14-linux-x86_64-gnu/share/terminfo/a/adm31-old
f	664	994:993	470	/home/woa23c1ro/.local/share/uv/python/cpython-3.11.14-linux-x86_64-gnu/share/terminfo/a/att5620-s
f	664	994:993	470	/home/woa23c1ro/.local/share/uv/python/cpython-3.11.14-linux-x86_64-gnu/share/terminfo/d/dku7003
f	664	994:993	470	/home/woa23c1ro/.local/share/uv/python/cpython-3.11.14-linux-x86_64-gnu/share/terminfo/v/vi55
f	664	994:993	4706	/home/woa23c1ro/.local/share/uv/python/cpython-3.11.14-linux-x86_64-gnu/lib/tk8.6/demos/unicodeout.tcl
f	664	994:993	471	/home/woa23c1ro/.local/share/uv/python/cpython-3.11.14-linux-x86_64-gnu/share/terminfo/a/att4415+nl
f	664	994:993	471	/home/woa23c1ro/.local/share/uv/python/cpython-3.11.14-linux-x86_64-gnu/share/terminfo/d/dmchat
f	664	994:993	471	/home/woa23c1ro/.local/share/uv/python/cpython-3.11.14-linux-x86_64-gnu/share/terminfo/v/viewpoint
f	664	994:993	471	/home/woa23c1ro/.local/share/uv/python/cpython-3.11.14-linux-x86_64-gnu/share/terminfo/w/wy100
f	664	994:993	472	/home/woa23c1ro/.local/share/uv/python/cpython-3.11.14-linux-x86_64-gnu/lib/python3.11/unittest/__main__.py
f	664	994:993	473	/home/woa23c1ro/.local/share/uv/python/cpython-3.11.14-linux-x86_64-gnu/share/terminfo/a/act4
f	664	994:993	473	/home/woa23c1ro/.local/share/uv/python/cpython-3.11.14-linux-x86_64-gnu/share/terminfo/a/annarbor4080
f	664	994:993	473	/home/woa23c1ro/.local/share/uv/python/cpython-3.11.14-linux-x86_64-gnu/share/terminfo/d/dw3
f	664	994:993	474	/home/woa23c1ro/.local/share/uv/python/cpython-3.11.14-linux-x86_64-gnu/share/terminfo/i/intertube2
f	664	994:993	474	/home/woa23c1ro/.local/share/uv/python/cpython-3.11.14-linux-x86_64-gnu/share/terminfo/s/screen+fkeys
f	664	994:993	474	/home/woa23c1ro/.local/share/uv/python/cpython-3.11.14-linux-x86_64-gnu/share/terminfo/t/tek4025-cr
f	664	994:993	47418	/home/woa23c1ro/.local/share/uv/python/cpython-3.11.14-linux-x86_64-gnu/lib/python3.11/distutils/ccompiler.py
f	664	994:993	475	/home/woa23c1ro/.local/share/uv/python/cpython-3.11.14-linux-x86_64-gnu/share/terminfo/m/microb
f	664	994:993	475	/home/woa23c1ro/.local/share/uv/python/cpython-3.11.14-linux-x86_64-gnu/share/terminfo/n/ncr7900iv
f	664	994:993	47552	/home/woa23c1ro/.local/share/uv/python/cpython-3.11.14-linux-x86_64-gnu/lib/python3.11/site-packages/pip/_vendor/rich/text.py
f	664	994:993	476	/home/woa23c1ro/.local/share/uv/python/cpython-3.11.14-linux-x86_64-gnu/lib/python3.11/lib2to3/fixes/fix_long.py
f	664	994:993	476	/home/woa23c1ro/.local/share/uv/python/cpython-3.11.14-linux-x86_64-gnu/share/terminfo/a/ansi-nt
f	664	994:993	476	/home/woa23c1ro/.local/share/uv/python/cpython-3.11.14-linux-x86_64-gnu/share/terminfo/c/cyb110
f	664	994:993	476	/home/woa23c1ro/.local/share/uv/python/cpython-3.11.14-linux-x86_64-gnu/share/terminfo/d/dm3025
f	664	994:993	476	/home/woa23c1ro/.local/share/uv/python/cpython-3.11.14-linux-x86_64-gnu/share/terminfo/m/mime-fb
f	664	994:993	476	/home/woa23c1ro/.local/share/uv/python/cpython-3.11.14-linux-x86_64-gnu/share/terminfo/m/mime-hb
f	664	994:993	4760	/home/woa23c1ro/.local/share/uv/python/cpython-3.11.14-linux-x86_64-gnu/lib/python3.11/site-packages/setuptools/_vendor/wheel/cli/tags.py
f	664	994:993	47684	/home/woa23c1ro/.local/share/uv/python/cpython-3.11.14-linux-x86_64-gnu/lib/python3.11/multiprocessing/managers.py
f	664	994:993	477	/home/woa23c1ro/.local/share/uv/python/cpython-3.11.14-linux-x86_64-gnu/share/terminfo/a/aaa+rv
f	664	994:993	477	/home/woa23c1ro/.local/share/uv/python/cpython-3.11.14-linux-x86_64-gnu/share/terminfo/t/tvipt
f	664	994:993	47705	/home/woa23c1ro/.local/share/uv/python/cpython-3.11.14-linux-x86_64-gnu/lib/python3.11/statistics.py
f	664	994:993	4771	/home/woa23c1ro/.local/share/uv/python/cpython-3.11.14-linux-x86_64-gnu/lib/python3.11/site-packages/pip/_internal/operations/build/build_tracker.py
f	664	994:993	4775	/home/woa23c1ro/.local/share/uv/python/cpython-3.11.14-linux-x86_64-gnu/lib/python3.11/html/__init__.py
f	664	994:993	478	/home/woa23c1ro/.local/share/uv/python/cpython-3.11.14-linux-x86_64-gnu/share/terminfo/m/masscomp
f	664	994:993	4785	/home/woa23c1ro/.local/share/uv/python/cpython-3.11.14-linux-x86_64-gnu/lib/python3.11/xml/sax/_exceptions.py
f	664	994:993	48	/home/woa23c1ro/.local/share/uv/python/cpython-3.11.14-linux-x86_64-gnu/lib/python3.11/site-packages/setuptools/_vendor/typeguard-4.3.0.dist-info/entry_points.txt
f	664	994:993	480	/home/woa23c1ro/.local/share/uv/python/cpython-3.11.14-linux-x86_64-gnu/include/python3.11/internal/pycore_format.h
f	664	994:993	480	/home/woa23c1ro/.local/share/uv/python/cpython-3.11.14-linux-x86_64-gnu/share/terminfo/v/vt220+keypad
f	664	994:993	4802	/home/woa23c1ro/.local/share/uv/python/cpython-3.11.14-linux-x86_64-gnu/include/python3.11/cpython/bytesobject.h
f	664	994:993	48028	/home/woa23c1ro/.local/share/uv/python/cpython-3.11.14-linux-x86_64-gnu/lib/tcl8.6/encoding/macJapan.enc
f	664	994:993	48029	/home/woa23c1ro/.local/share/uv/python/cpython-3.11.14-linux-x86_64-gnu/lib/python3.11/email/message.py
f	664	994:993	4803	/home/woa23c1ro/.local/share/uv/python/cpython-3.11.14-linux-x86_64-gnu/lib/python3.11/site-packages/setuptools/_distutils/tests/test_spawn.py
f	664	994:993	481	/home/woa23c1ro/.local/share/uv/python/cpython-3.11.14-linux-x86_64-gnu/lib/python3.11/asyncio/mixins.py
f	664	994:993	481	/home/woa23c1ro/.local/share/uv/python/cpython-3.11.14-linux-x86_64-gnu/share/terminfo/a/ampex80
f	664	994:993	4811	/home/woa23c1ro/.local/share/uv/python/cpython-3.11.14-linux-x86_64-gnu/include/python3.11/cpython/pythonrun.h
f	664	994:993	4811	/home/woa23c1ro/.local/share/uv/python/cpython-3.11.14-linux-x86_64-gnu/lib/tk8.6/ttk/spinbox.tcl
f	664	994:993	4817	/home/woa23c1ro/.local/share/uv/python/cpython-3.11.14-linux-x86_64-gnu/lib/tk8.6/ttk/ttk.tcl
f	664	994:993	482	/home/woa23c1ro/.local/share/uv/python/cpython-3.11.14-linux-x86_64-gnu/share/terminfo/e/esprit
f	664	994:993	482	/home/woa23c1ro/.local/share/uv/python/cpython-3.11.14-linux-x86_64-gnu/share/terminfo/m/masscomp1
f	664	994:993	482	/home/woa23c1ro/.local/share/uv/python/cpython-3.11.14-linux-x86_64-gnu/share/terminfo/m/masscomp2
f	664	994:993	482	/home/woa23c1ro/.local/share/uv/python/cpython-3.11.14-linux-x86_64-gnu/share/terminfo/t/tek4112
f	664	994:993	48207	/home/woa23c1ro/.local/share/uv/python/cpython-3.11.14-linux-x86_64-gnu/lib/tcl8.6/encoding/cp932.enc
f	664	994:993	48223	/home/woa23c1ro/.local/share/uv/python/cpython-3.11.14-linux-x86_64-gnu/lib/python3.11/importlib/_bootstrap.py
f	664	994:993	4823	/home/woa23c1ro/.local/share/uv/python/cpython-3.11.14-linux-x86_64-gnu/lib/tk8.6/msgs/de.msg
f	664	994:993	4833	/home/woa23c1ro/.local/share/uv/python/cpython-3.11.14-linux-x86_64-gnu/include/python3.11/pythread.h
f	664	994:993	48398	/home/woa23c1ro/.local/share/uv/python/cpython-3.11.14-linux-x86_64-gnu/lib/python3.11/site-packages/pip/_vendor/packaging/licenses/_spdx.py
f	664	994:993	48398	/home/woa23c1ro/.local/share/uv/python/cpython-3.11.14-linux-x86_64-gnu/lib/python3.11/site-packages/setuptools/_vendor/packaging/licenses/_spdx.py
f	664	994:993	484	/home/woa23c1ro/.local/share/uv/python/cpython-3.11.14-linux-x86_64-gnu/share/terminfo/a/aaa-rv-unk
f	664	994:993	484	/home/woa23c1ro/.local/share/uv/python/cpython-3.11.14-linux-x86_64-gnu/share/terminfo/p/pe7000m
f	664	994:993	484	/home/woa23c1ro/.local/share/uv/python/cpython-3.11.14-linux-x86_64-gnu/share/terminfo/x/xterm+decedit
f	664	994:993	4841	/home/woa23c1ro/.local/share/uv/python/cpython-3.11.14-linux-x86_64-gnu/lib/tk8.6/msgs/pl.msg
f	664	994:993	48479	/home/woa23c1ro/.local/share/uv/python/cpython-3.11.14-linux-x86_64-gnu/lib/python3.11/http/server.py
f	664	994:993	4855	/home/woa23c1ro/.local/share/uv/python/cpython-3.11.14-linux-x86_64-gnu/lib/python3.11/site-packages/setuptools/_static.py
f	664	994:993	4856	/home/woa23c1ro/.local/share/uv/python/cpython-3.11.14-linux-x86_64-gnu/lib/tk8.6/msgs/zh_cn.msg
f	664	994:993	48566	/home/woa23c1ro/.local/share/uv/python/cpython-3.11.14-linux-x86_64-gnu/lib/python3.11/pathlib.py
f	664	994:993	4857	/home/woa23c1ro/.local/share/uv/python/cpython-3.11.14-linux-x86_64-gnu/lib/tk8.6/focus.tcl
f	664	994:993	486	/home/woa23c1ro/.local/share/uv/python/cpython-3.11.14-linux-x86_64-gnu/share/terminfo/a/att4424m
f	664	994:993	486	/home/woa23c1ro/.local/share/uv/python/cpython-3.11.14-linux-x86_64-gnu/share/terminfo/p/pccons
f	664	994:993	486	/home/woa23c1ro/.local/share/uv/python/cpython-3.11.14-linux-x86_64-gnu/share/terminfo/s/soroc140
f	664	994:993	4862	/home/woa23c1ro/.local/share/uv/python/cpython-3.11.14-linux-x86_64-gnu/lib/python3.11/site-packages/pip/_internal/network/cache.py
f	664	994:993	487	/home/woa23c1ro/.local/share/uv/python/cpython-3.11.14-linux-x86_64-gnu/share/terminfo/d/dm3045
f	664	994:993	4871	/home/woa23c1ro/.local/share/uv/python/cpython-3.11.14-linux-x86_64-gnu/lib/tcl8.6/tclAppInit.c
f	664	994:993	4876	/home/woa23c1ro/.local/share/uv/python/cpython-3.11.14-linux-x86_64-gnu/lib/python3.11/lib2to3/fixes/fix_idioms.py
f	664	994:993	488	/home/woa23c1ro/.local/share/uv/python/cpython-3.11.14-linux-x86_64-gnu/share/terminfo/d/dmterm
f	664	994:993	488	/home/woa23c1ro/.local/share/uv/python/cpython-3.11.14-linux-x86_64-gnu/share/terminfo/t/t16
f	664	994:993	488	/home/woa23c1ro/.local/share/uv/python/cpython-3.11.14-linux-x86_64-gnu/share/terminfo/v/vt220+vtedit
f	664	994:993	4881	/home/woa23c1ro/.local/share/uv/python/cpython-3.11.14-linux-x86_64-gnu/lib/python3.11/site-packages/pip/_vendor/cachecontrol/heuristics.py
f	664	994:993	489	/home/woa23c1ro/.local/share/uv/python/cpython-3.11.14-linux-x86_64-gnu/include/python3.11/cpython/sysmodule.h
f	664	994:993	489	/home/woa23c1ro/.local/share/uv/python/cpython-3.11.14-linux-x86_64-gnu/share/terminfo/h/hp+labels
f	664	994:993	489	/home/woa23c1ro/.local/share/uv/python/cpython-3.11.14-linux-x86_64-gnu/share/terminfo/t/tek4112-nd
f	664	994:993	4897	/home/woa23c1ro/.local/share/uv/python/cpython-3.11.14-linux-x86_64-gnu/lib/tcl8.6/word.tcl
f	664	994:993	49	/home/woa23c1ro/.local/share/uv/python/cpython-3.11.14-linux-x86_64-gnu/lib/python3.11/site-packages/pip/_internal/network/__init__.py
f	664	994:993	490	/home/woa23c1ro/.local/share/uv/python/cpython-3.11.14-linux-x86_64-gnu/include/python3.11/internal/pycore_getopt.h
f	664	994:993	490	/home/woa23c1ro/.local/share/uv/python/cpython-3.11.14-linux-x86_64-gnu/share/terminfo/b/blit
f	664	994:993	490	/home/woa23c1ro/.local/share/uv/python/cpython-3.11.14-linux-x86_64-gnu/share/terminfo/p/pckermit120
f	664	994:993	490	/home/woa23c1ro/.local/share/uv/python/cpython-3.11.14-linux-x86_64-gnu/share/terminfo/r/regent100
f	664	994:993	4900	/home/woa23c1ro/.local/share/uv/python/cpython-3.11.14-linux-x86_64-gnu/lib/python3.11/site-packages/setuptools/_vendor/wheel-0.45.1.dist-info/RECORD
f	664	994:993	4901	/home/woa23c1ro/.local/share/uv/python/cpython-3.11.14-linux-x86_64-gnu/lib/python3.11/site-packages/pip/_vendor/urllib3/util/connection.py
f	664	994:993	4907	/home/woa23c1ro/.local/share/uv/python/cpython-3.11.14-linux-x86_64-gnu/lib/python3.11/site-packages/pip/_vendor/__init__.py
f	664	994:993	4908	/home/woa23c1ro/.local/share/uv/python/cpython-3.11.14-linux-x86_64-gnu/lib/python3.11/site-packages/pip/_vendor/rich/padding.py
f	664	994:993	49092	/home/woa23c1ro/.local/share/uv/python/cpython-3.11.14-linux-x86_64-gnu/include/python3.11/internal/pycore_runtime_init.h
f	664	994:993	4913	/home/woa23c1ro/.local/share/uv/python/cpython-3.11.14-linux-x86_64-gnu/lib/python3.11/distutils/command/bdist_dumb.py
f	664	994:993	492	/home/woa23c1ro/.local/share/uv/python/cpython-3.11.14-linux-x86_64-gnu/share/terminfo/h/hpsub
f	664	994:993	492	/home/woa23c1ro/.local/share/uv/python/cpython-3.11.14-linux-x86_64-gnu/share/terminfo/m/mime2a-s
f	664	994:993	492	/home/woa23c1ro/.local/share/uv/python/cpython-3.11.14-linux-x86_64-gnu/share/terminfo/t/tek4112-5
f	664	994:993	493	/home/woa23c1ro/.local/share/uv/python/cpython-3.11.14-linux-x86_64-gnu/lib/python3.11/site-packages/setuptools/compat/py39.py
f	664	994:993	493	/home/woa23c1ro/.local/share/uv/python/cpython-3.11.14-linux-x86_64-gnu/lib/python3.11/site-packages/setuptools/config/NOTICE
f	664	994:993	493	/home/woa23c1ro/.local/share/uv/python/cpython-3.11.14-linux-x86_64-gnu/share/terminfo/m/mime
f	664	994:993	493	/home/woa23c1ro/.local/share/uv/python/cpython-3.11.14-linux-x86_64-gnu/share/terminfo/t/tek4113
f	664	994:993	49391	/home/woa23c1ro/.local/share/uv/python/cpython-3.11.14-linux-x86_64-gnu/lib/python3.11/xmlrpc/client.py
f	664	994:993	494	/home/woa23c1ro/.local/share/uv/python/cpython-3.11.14-linux-x86_64-gnu/lib/python3.11/site-packages/pip/_vendor/packaging/__init__.py
f	664	994:993	494	/home/woa23c1ro/.local/share/uv/python/cpython-3.11.14-linux-x86_64-gnu/lib/python3.11/site-packages/setuptools/_vendor/packaging/__init__.py
f	664	994:993	49430	/home/woa23c1ro/.local/share/uv/python/cpython-3.11.14-linux-x86_64-gnu/lib/python3.11/site-packages/pip/_vendor/distro/distro.py
f	664	994:993	4946	/home/woa23c1ro/.local/share/uv/python/cpython-3.11.14-linux-x86_64-gnu/lib/python3.11/site-packages/setuptools/_distutils/command/check.py
f	664	994:993	495	/home/woa23c1ro/.local/share/uv/python/cpython-3.11.14-linux-x86_64-gnu/share/terminfo/a/abm85
f	664	994:993	4951	/home/woa23c1ro/.local/share/uv/python/cpython-3.11.14-linux-x86_64-gnu/lib/python3.11/distutils/config.py
f	664	994:993	496	/home/woa23c1ro/.local/share/uv/python/cpython-3.11.14-linux-x86_64-gnu/share/terminfo/e/esprit-am
f	664	994:993	498	/home/woa23c1ro/.local/share/uv/python/cpython-3.11.14-linux-x86_64-gnu/lib/python3.11/site-packages/pip/_vendor/urllib3/util/queue.py
f	664	994:993	498	/home/woa23c1ro/.local/share/uv/python/cpython-3.11.14-linux-x86_64-gnu/share/terminfo/a/act5
f	664	994:993	498	/home/woa23c1ro/.local/share/uv/python/cpython-3.11.14-linux-x86_64-gnu/share/terminfo/a/apple-uterm-vb
f	664	994:993	498	/home/woa23c1ro/.local/share/uv/python/cpython-3.11.14-linux-x86_64-gnu/share/terminfo/h/hp2641a
f	664	994:993	498	/home/woa23c1ro/.local/share/uv/python/cpython-3.11.14-linux-x86_64-gnu/share/terminfo/t/tek4113-34
f	664	994:993	4988	/home/woa23c1ro/.local/share/uv/python/cpython-3.11.14-linux-x86_64-gnu/lib/python3.11/site-packages/setuptools/tests/test_dist_info.py
f	664	994:993	4998	/home/woa23c1ro/.local/share/uv/python/cpython-3.11.14-linux-x86_64-gnu/lib/python3.11/site-packages/pip/_internal/utils/hashes.py
f	664	994:993	5	/home/woa23c1ro/.local/share/uv/python/cpython-3.11.14-linux-x86_64-gnu/lib/python3.11/site-packages/setuptools/_vendor/zipp-3.19.2.dist-info/top_level.txt
f	664	994:993	50	/home/woa23c1ro/.local/share/uv/python/cpython-3.11.14-linux-x86_64-gnu/lib/python3.11/site-packages/pip/_internal/operations/install/__init__.py
f	664	994:993	500	/home/woa23c1ro/.local/share/uv/python/cpython-3.11.14-linux-x86_64-gnu/lib/python3.11/antigravity.py
f	664	994:993	500	/home/woa23c1ro/.local/share/uv/python/cpython-3.11.14-linux-x86_64-gnu/share/terminfo/n/ncr7900i
f	664	994:993	500	/home/woa23c1ro/.local/share/uv/python/cpython-3.11.14-linux-x86_64-gnu/share/terminfo/r/regent40
f	664	994:993	5002	/home/woa23c1ro/.local/share/uv/python/cpython-3.11.14-linux-x86_64-gnu/lib/tk8.6/demos/colors.tcl
f	664	994:993	502	/home/woa23c1ro/.local/share/uv/python/cpython-3.11.14-linux-x86_64-gnu/share/terminfo/a/adm22
f	664	994:993	502	/home/woa23c1ro/.local/share/uv/python/cpython-3.11.14-linux-x86_64-gnu/share/terminfo/a/adm31
f	664	994:993	502	/home/woa23c1ro/.local/share/uv/python/cpython-3.11.14-linux-x86_64-gnu/share/terminfo/a/ampex232
f	664	994:993	502	/home/woa23c1ro/.local/share/uv/python/cpython-3.11.14-linux-x86_64-gnu/share/terminfo/p/pe7000c
f	664	994:993	5024	/home/woa23c1ro/.local/share/uv/python/cpython-3.11.14-linux-x86_64-gnu/lib/python3.11/ctypes/macholib/dyld.py
f	664	994:993	5031	/home/woa23c1ro/.local/share/uv/python/cpython-3.11.14-linux-x86_64-gnu/lib/python3.11/site-packages/pip/_vendor/rich/json.py
f	664	994:993	5038	/home/woa23c1ro/.local/share/uv/python/cpython-3.11.14-linux-x86_64-gnu/lib/python3.11/email/parser.py
f	664	994:993	50385	/home/woa23c1ro/.local/share/uv/python/cpython-3.11.14-linux-x86_64-gnu/lib/python3.11/distutils/dist.py
f	664	994:993	5041	/home/woa23c1ro/.local/share/uv/python/cpython-3.11.14-linux-x86_64-gnu/lib/tk8.6/demos/cscroll.tcl
f	664	994:993	5047	/home/woa23c1ro/.local/share/uv/python/cpython-3.11.14-linux-x86_64-gnu/lib/python3.11/site-packages/pip/_internal/resolution/resolvelib/base.py
f	664	994:993	505	/home/woa23c1ro/.local/share/uv/python/cpython-3.11.14-linux-x86_64-gnu/share/terminfo/m/mime2a
f	664	994:993	505	/home/woa23c1ro/.local/share/uv/python/cpython-3.11.14-linux-x86_64-gnu/share/terminfo/r/regent40+
f	664	994:993	5050	/home/woa23c1ro/.local/share/uv/python/cpython-3.11.14-linux-x86_64-gnu/lib/python3.11/site-packages/pip/_vendor/packaging/utils.py
f	664	994:993	5050	/home/woa23c1ro/.local/share/uv/python/cpython-3.11.14-linux-x86_64-gnu/lib/python3.11/site-packages/setuptools/_vendor/packaging/utils.py
f	664	994:993	5057	/home/woa23c1ro/.local/share/uv/python/cpython-3.11.14-linux-x86_64-gnu/lib/python3.11/site-packages/pip/_vendor/requests/__init__.py
f	664	994:993	506	/home/woa23c1ro/.local/share/uv/python/cpython-3.11.14-linux-x86_64-gnu/lib/python3.11/importlib/resources/__init__.py
f	664	994:993	506	/home/woa23c1ro/.local/share/uv/python/cpython-3.11.14-linux-x86_64-gnu/share/terminfo/h/hp262x
f	664	994:993	5060	/home/woa23c1ro/.local/share/uv/python/cpython-3.11.14-linux-x86_64-gnu/lib/python3.11/asyncio/windows_utils.py
f	664	994:993	5066	/home/woa23c1ro/.local/share/uv/python/cpython-3.11.14-linux-x86_64-gnu/lib/python3.11/site-packages/setuptools/command/install.py
f	664	994:993	507	/home/woa23c1ro/.local/share/uv/python/cpython-3.11.14-linux-x86_64-gnu/include/python3.11/fileutils.h
f	664	994:993	507	/home/woa23c1ro/.local/share/uv/python/cpython-3.11.14-linux-x86_64-gnu/share/terminfo/t/tvi912b+mc
f	664	994:993	5072	/home/woa23c1ro/.local/share/uv/python/cpython-3.11.14-linux-x86_64-gnu/include/python3.11/methodobject.h
f	664	994:993	5075	/home/woa23c1ro/.local/share/uv/python/cpython-3.11.14-linux-x86_64-gnu/lib/python3.11/site-packages/pip/_internal/commands/download.py
f	664	994:993	508	/home/woa23c1ro/.local/share/uv/python/cpython-3.11.14-linux-x86_64-gnu/share/terminfo/a/ampex232w
f	664	994:993	508	/home/woa23c1ro/.local/share/uv/python/cpython-3.11.14-linux-x86_64-gnu/share/terminfo/m/mono-emx
f	664	994:993	508	/home/woa23c1ro/.local/share/uv/python/cpython-3.11.14-linux-x86_64-gnu/share/terminfo/s/superbee-xsb
f	664	994:993	508	/home/woa23c1ro/.local/share/uv/python/cpython-3.11.14-linux-x86_64-gnu/share/terminfo/w/wyse-vp
f	664	994:993	509	/home/woa23c1ro/.local/share/uv/python/cpython-3.11.14-linux-x86_64-gnu/share/terminfo/b/beehive
f	664	994:993	509	/home/woa23c1ro/.local/share/uv/python/cpython-3.11.14-linux-x86_64-gnu/share/terminfo/p/psterm-fast
f	664	994:993	5093	/home/woa23c1ro/.local/share/uv/python/cpython-3.11.14-linux-x86_64-gnu/lib/python3.11/site-packages/setuptools/installer.py
f	664	994:993	5096	/home/woa23c1ro/.local/share/uv/python/cpython-3.11.14-linux-x86_64-gnu/lib/python3.11/zoneinfo/_tzpath.py
f	664	994:993	5100	/home/woa23c1ro/.local/share/uv/python/cpython-3.11.14-linux-x86_64-gnu/lib/python3.11/site-packages/setuptools/command/setopt.py
f	664	994:993	511	/home/woa23c1ro/.local/share/uv/python/cpython-3.11.14-linux-x86_64-gnu/share/terminfo/p/pccon+sgr+acs0
f	664	994:993	511	/home/woa23c1ro/.local/share/uv/python/cpython-3.11.14-linux-x86_64-gnu/share/terminfo/s/superbeeic
f	664	994:993	5115	/home/woa23c1ro/.local/share/uv/python/cpython-3.11.14-linux-x86_64-gnu/include/python3.11/pybuffer.h
f	664	994:993	5129	/home/woa23c1ro/.local/share/uv/python/cpython-3.11.14-linux-x86_64-gnu/lib/python3.11/encodings/utf_32.py
f	664	994:993	513	/home/woa23c1ro/.local/share/uv/python/cpython-3.11.14-linux-x86_64-gnu/share/terminfo/f/falco-p
f	664	994:993	5130	/home/woa23c1ro/.local/share/uv/python/cpython-3.11.14-linux-x86_64-gnu/lib/python3.11/site-packages/pip/_vendor/rich/cells.py
f	664	994:993	5133	/home/woa23c1ro/.local/share/uv/python/cpython-3.11.14-linux-x86_64-gnu/lib/python3.11/distutils/versionpredicate.py
f	664	994:993	5135	/home/woa23c1ro/.local/share/uv/python/cpython-3.11.14-linux-x86_64-gnu/lib/python3.11/site-packages/setuptools/_distutils/command/build_scripts.py
f	664	994:993	5145	/home/woa23c1ro/.local/share/uv/python/cpython-3.11.14-linux-x86_64-gnu/lib/python3.11/multiprocessing/resource_sharer.py
f	664	994:993	515	/home/woa23c1ro/.local/share/uv/python/cpython-3.11.14-linux-x86_64-gnu/share/terminfo/p/psterm-80x24
f	664	994:993	515	/home/woa23c1ro/.local/share/uv/python/cpython-3.11.14-linux-x86_64-gnu/share/terminfo/p/psterm-90x28
f	664	994:993	515	/home/woa23c1ro/.local/share/uv/python/cpython-3.11.14-linux-x86_64-gnu/share/terminfo/p/psterm-96x48
f	664	994:993	51559	/home/woa23c1ro/.local/share/uv/python/cpython-3.11.14-linux-x86_64-gnu/lib/tk8.6/demos/images/earth.gif
f	664	994:993	516	/home/woa23c1ro/.local/share/uv/python/cpython-3.11.14-linux-x86_64-gnu/share/terminfo/b/bobcat
f	664	994:993	5161	/home/woa23c1ro/.local/share/uv/python/cpython-3.11.14-linux-x86_64-gnu/lib/itcl4.2.4/itcl.tcl
f	664	994:993	5163	/home/woa23c1ro/.local/share/uv/python/cpython-3.11.14-linux-x86_64-gnu/lib/python3.11/site-packages/pip/_vendor/cachecontrol/serialize.py
f	664	994:993	5171	/home/woa23c1ro/.local/share/uv/python/cpython-3.11.14-linux-x86_64-gnu/lib/python3.11/wsgiref/simple_server.py
f	664	994:993	5176	/home/woa23c1ro/.local/share/uv/python/cpython-3.11.14-linux-x86_64-gnu/lib/tk8.6/panedwindow.tcl
f	664	994:993	51915	/home/woa23c1ro/.local/share/uv/python/cpython-3.11.14-linux-x86_64-gnu/lib/python3.11/asyncio/unix_events.py
f	664	994:993	520	/home/woa23c1ro/.local/share/uv/python/cpython-3.11.14-linux-x86_64-gnu/include/python3.11/compile.h
f	664	994:993	520	/home/woa23c1ro/.local/share/uv/python/cpython-3.11.14-linux-x86_64-gnu/share/terminfo/v/vp60
f	664	994:993	52018	/home/woa23c1ro/.local/share/uv/python/cpython-3.11.14-linux-x86_64-gnu/lib/python3.11/collections/__init__.py
f	664	994:993	5205	/home/woa23c1ro/.local/share/uv/python/cpython-3.11.14-linux-x86_64-gnu/lib/python3.11/site-packages/setuptools/_distutils/versionpredicate.py
f	664	994:993	521	/home/woa23c1ro/.local/share/uv/python/cpython-3.11.14-linux-x86_64-gnu/share/terminfo/a/adm42-ns
f	664	994:993	521	/home/woa23c1ro/.local/share/uv/python/cpython-3.11.14-linux-x86_64-gnu/share/terminfo/p/psterm
f	664	994:993	5215	/home/woa23c1ro/.local/share/uv/python/cpython-3.11.14-linux-x86_64-gnu/lib/python3.11/unittest/util.py
f	664	994:993	5218	/home/woa23c1ro/.local/share/uv/python/cpython-3.11.14-linux-x86_64-gnu/lib/python3.11/__future__.py
f	664	994:993	522	/home/woa23c1ro/.local/share/uv/python/cpython-3.11.14-linux-x86_64-gnu/lib/python3.11/site-packages/setuptools/_distutils/compat/__init__.py
f	664	994:993	523	/home/woa23c1ro/.local/share/uv/python/cpython-3.11.14-linux-x86_64-gnu/share/terminfo/b/bg1.25
f	664	994:993	523	/home/woa23c1ro/.local/share/uv/python/cpython-3.11.14-linux-x86_64-gnu/share/terminfo/c/cg7900
f	664	994:993	523	/home/woa23c1ro/.local/share/uv/python/cpython-3.11.14-linux-x86_64-gnu/share/terminfo/t/tek4113-nd
f	664	994:993	5236	/home/woa23c1ro/.local/share/uv/python/cpython-3.11.14-linux-x86_64-gnu/lib/python3.11/encodings/utf_16.py
f	664	994:993	524	/home/woa23c1ro/.local/share/uv/python/cpython-3.11.14-linux-x86_64-gnu/lib/python3.11/site-packages/setuptools/_distutils/ccompiler.py
f	664	994:993	524	/home/woa23c1ro/.local/share/uv/python/cpython-3.11.14-linux-x86_64-gnu/share/terminfo/h/hpex
f	664	994:993	524	/home/woa23c1ro/.local/share/uv/python/cpython-3.11.14-linux-x86_64-gnu/share/terminfo/t/tty40
f	664	994:993	5243	/home/woa23c1ro/.local/share/uv/python/cpython-3.11.14-linux-x86_64-gnu/lib/python3.11/site-packages/pip/_internal/commands/index.py
f	664	994:993	5246	/home/woa23c1ro/.local/share/uv/python/cpython-3.11.14-linux-x86_64-gnu/lib/python3.11/genericpath.py
f	664	994:993	525	/home/woa23c1ro/.local/share/uv/python/cpython-3.11.14-linux-x86_64-gnu/share/terminfo/o/oldsun
f	664	994:993	526	/home/woa23c1ro/.local/share/uv/python/cpython-3.11.14-linux-x86_64-gnu/share/terminfo/a/aaa+dec
f	664	994:993	5268	/home/woa23c1ro/.local/share/uv/python/cpython-3.11.14-linux-x86_64-gnu/lib/python3.11/site-packages/setuptools/_vendor/wheel/vendored/packaging/utils.py
f	664	994:993	527	/home/woa23c1ro/.local/share/uv/python/cpython-3.11.14-linux-x86_64-gnu/share/terminfo/c/cci
f	664	994:993	5270	/home/woa23c1ro/.local/share/uv/python/cpython-3.11.14-linux-x86_64-gnu/lib/python3.11/site-packages/setuptools/_vendor/typeguard/_utils.py
f	664	994:993	5273	/home/woa23c1ro/.local/share/uv/python/cpython-3.11.14-linux-x86_64-gnu/lib/python3.11/site-packages/setuptools/_vendor/packaging/_tokenizer.py
f	664	994:993	528	/home/woa23c1ro/.local/share/uv/python/cpython-3.11.14-linux-x86_64-gnu/share/terminfo/h/hp110
f	664	994:993	5292	/home/woa23c1ro/.local/share/uv/python/cpython-3.11.14-linux-x86_64-gnu/lib/python3.11/site-packages/setuptools/_vendor/wheel/vendored/packaging/_tokenizer.py
f	664	994:993	5294	/home/woa23c1ro/.local/share/uv/python/cpython-3.11.14-linux-x86_64-gnu/lib/python3.11/zoneinfo/_common.py
f	664	994:993	5298	/home/woa23c1ro/.local/share/uv/python/cpython-3.11.14-linux-x86_64-gnu/lib/tk8.6/demos/tclIndex
f	664	994:993	5305	/home/woa23c1ro/.local/share/uv/python/cpython-3.11.14-linux-x86_64-gnu/lib/python3.11/site-packages/pip/_vendor/rich/measure.py
f	664	994:993	531	/home/woa23c1ro/.local/share/uv/python/cpython-3.11.14-linux-x86_64-gnu/share/terminfo/m/msk227
f	664	994:993	5310	/home/woa23c1ro/.local/share/uv/python/cpython-3.11.14-linux-x86_64-gnu/lib/python3.11/site-packages/pip/_vendor/packaging/_tokenizer.py
f	664	994:993	532	/home/woa23c1ro/.local/share/uv/python/cpython-3.11.14-linux-x86_64-gnu/share/terminfo/i/ims-ansi
f	664	994:993	5321	/home/woa23c1ro/.local/share/uv/python/cpython-3.11.14-linux-x86_64-gnu/lib/python3.11/asyncio/timeouts.py
f	664	994:993	5325	/home/woa23c1ro/.local/share/uv/python/cpython-3.11.14-linux-x86_64-gnu/lib/python3.11/site-packages/pip/_vendor/rich/_ratio.py
f	664	994:993	533	/home/woa23c1ro/.local/share/uv/python/cpython-3.11.14-linux-x86_64-gnu/share/terminfo/t/ti931
f	664	994:993	5333	/home/woa23c1ro/.local/share/uv/python/cpython-3.11.14-linux-x86_64-gnu/lib/python3.11/distutils/command/bdist.py
f	664	994:993	5333	/home/woa23c1ro/.local/share/uv/python/cpython-3.11.14-linux-x86_64-gnu/lib/python3.11/site-packages/pip/_internal/metadata/importlib/_envs.py
f	664	994:993	5333	/home/woa23c1ro/.local/share/uv/python/cpython-3.11.14-linux-x86_64-gnu/lib/tk8.6/demos/ruler.tcl
f	664	994:993	53348	/home/woa23c1ro/.local/share/uv/python/cpython-3.11.14-linux-x86_64-gnu/include/python3.11/pyconfig.h
f	664	994:993	534	/home/woa23c1ro/.local/share/uv/python/cpython-3.11.14-linux-x86_64-gnu/share/terminfo/h/hpgeneric
f	664	994:993	534	/home/woa23c1ro/.local/share/uv/python/cpython-3.11.14-linux-x86_64-gnu/share/terminfo/n/ncr7901
f	664	994:993	5343	/home/woa23c1ro/.local/share/uv/python/cpython-3.11.14-linux-x86_64-gnu/lib/python3.11/site-packages/pip/_vendor/urllib3/packages/backports/weakref_finalize.py
f	664	994:993	535	/home/woa23c1ro/.local/share/uv/python/cpython-3.11.14-linux-x86_64-gnu/share/terminfo/a/abm85e
f	664	994:993	537	/home/woa23c1ro/.local/share/uv/python/cpython-3.11.14-linux-x86_64-gnu/share/terminfo/x/xterm-vt52
f	664	994:993	538	/home/woa23c1ro/.local/share/uv/python/cpython-3.11.14-linux-x86_64-gnu/share/terminfo/h/hp300h
f	664	994:993	5385	/home/woa23c1ro/.local/share/uv/python/cpython-3.11.14-linux-x86_64-gnu/lib/python3.11/site-packages/pip/_vendor/pygments/formatters/__init__.py
f	664	994:993	53853	/home/woa23c1ro/.local/share/uv/python/cpython-3.11.14-linux-x86_64-gnu/lib/python3.11/site-packages/pip/_vendor/pygments/lexers/python.py
f	664	994:993	5403	/home/woa23c1ro/.local/share/uv/python/cpython-3.11.14-linux-x86_64-gnu/lib/python3.11/site-packages/pip/_vendor/urllib3/util/wait.py
f	664	994:993	541	/home/woa23c1ro/.local/share/uv/python/cpython-3.11.14-linux-x86_64-gnu/lib/python3.11/distutils/__init__.py
f	664	994:993	541	/home/woa23c1ro/.local/share/uv/python/cpython-3.11.14-linux-x86_64-gnu/lib/python3.11/site-packages/pip/_vendor/resolvelib/__init__.py
f	664	994:993	542	/home/woa23c1ro/.local/share/uv/python/cpython-3.11.14-linux-x86_64-gnu/share/terminfo/d/dwk
f	664	994:993	54257	/home/woa23c1ro/.local/share/uv/python/cpython-3.11.14-linux-x86_64-gnu/lib/tk8.6/demos/images/ouster.png
f	664	994:993	543	/home/woa23c1ro/.local/share/uv/python/cpython-3.11.14-linux-x86_64-gnu/share/terminfo/a/ansi77
f	664	994:993	543	/home/woa23c1ro/.local/share/uv/python/cpython-3.11.14-linux-x86_64-gnu/share/terminfo/a/att4420
f	664	994:993	543	/home/woa23c1ro/.local/share/uv/python/cpython-3.11.14-linux-x86_64-gnu/share/terminfo/p/pro350
f	664	994:993	54305	/home/woa23c1ro/.local/share/uv/python/cpython-3.11.14-linux-x86_64-gnu/lib/python3.11/ssl.py
f	664	994:993	5437	/home/woa23c1ro/.local/share/uv/python/cpython-3.11.14-linux-x86_64-gnu/lib/python3.11/reprlib.py
f	664	994:993	544	/home/woa23c1ro/.local/share/uv/python/cpython-3.11.14-linux-x86_64-gnu/share/terminfo/g/gator
f	664	994:993	5446	/home/woa23c1ro/.local/share/uv/python/cpython-3.11.14-linux-x86_64-gnu/lib/python3.11/re/_casefix.py
f	664	994:993	5449	/home/woa23c1ro/.local/share/uv/python/cpython-3.11.14-linux-x86_64-gnu/lib/python3.11/config-3.11-x86_64-linux-gnu/Setup.stdlib
f	664	994:993	546	/home/woa23c1ro/.local/share/uv/python/cpython-3.11.14-linux-x86_64-gnu/share/terminfo/o/owl
f	664	994:993	5465	/home/woa23c1ro/.local/share/uv/python/cpython-3.11.14-linux-x86_64-gnu/lib/python3.11/unittest/async_case.py
f	664	994:993	547	/home/woa23c1ro/.local/share/uv/python/cpython-3.11.14-linux-x86_64-gnu/lib/python3.11/lib2to3/fixes/fix_future.py
f	664	994:993	547	/home/woa23c1ro/.local/share/uv/python/cpython-3.11.14-linux-x86_64-gnu/share/terminfo/a/att5620-1
f	664	994:993	547	/home/woa23c1ro/.local/share/uv/python/cpython-3.11.14-linux-x86_64-gnu/share/terminfo/d/dp8242
f	664	994:993	5472	/home/woa23c1ro/.local/share/uv/python/cpython-3.11.14-linux-x86_64-gnu/lib/python3.11/wsgiref/util.py
f	664	994:993	5473	/home/woa23c1ro/.local/share/uv/python/cpython-3.11.14-linux-x86_64-gnu/lib/tk8.6/images/tai-ku.gif
f	664	994:993	5485	/home/woa23c1ro/.local/share/uv/python/cpython-3.11.14-linux-x86_64-gnu/lib/python3.11/stat.py
f	664	994:993	5485	/home/woa23c1ro/.local/share/uv/python/cpython-3.11.14-linux-x86_64-gnu/lib/tk8.6/ttk/fonts.tcl
f	664	994:993	54876	/home/woa23c1ro/.local/share/uv/python/cpython-3.11.14-linux-x86_64-gnu/lib/python3.11/site-packages/setuptools/_distutils/compilers/C/base.py
f	664	994:993	549	/home/woa23c1ro/.local/share/uv/python/cpython-3.11.14-linux-x86_64-gnu/share/terminfo/p/pccon+sgr+acs
f	664	994:993	549	/home/woa23c1ro/.local/share/uv/python/cpython-3.11.14-linux-x86_64-gnu/share/terminfo/z/ztx
f	664	994:993	5497	/home/woa23c1ro/.local/share/uv/python/cpython-3.11.14-linux-x86_64-gnu/lib/python3.11/site-packages/pip/_internal/utils/filesystem.py
f	664	994:993	5500	/home/woa23c1ro/.local/share/uv/python/cpython-3.11.14-linux-x86_64-gnu/lib/python3.11/chunk.py
f	664	994:993	5502	/home/woa23c1ro/.local/share/uv/python/cpython-3.11.14-linux-x86_64-gnu/lib/python3.11/site-packages/pip/_vendor/rich/containers.py
f	664	994:993	551	/home/woa23c1ro/.local/share/uv/python/cpython-3.11.14-linux-x86_64-gnu/include/python3.11/pyframe.h
f	664	994:993	551	/home/woa23c1ro/.local/share/uv/python/cpython-3.11.14-linux-x86_64-gnu/share/terminfo/c/contel301
f	664	994:993	551	/home/woa23c1ro/.local/share/uv/python/cpython-3.11.14-linux-x86_64-gnu/share/terminfo/i/ibmvga
f	664	994:993	551	/home/woa23c1ro/.local/share/uv/python/cpython-3.11.14-linux-x86_64-gnu/share/terminfo/v/vi500
f	664	994:993	552	/home/woa23c1ro/.local/share/uv/python/cpython-3.11.14-linux-x86_64-gnu/share/terminfo/p/prism2
f	664	994:993	55217	/home/woa23c1ro/.local/share/uv/python/cpython-3.11.14-linux-x86_64-gnu/lib/python3.11/imaplib.py
f	664	994:993	553	/home/woa23c1ro/.local/share/uv/python/cpython-3.11.14-linux-x86_64-gnu/share/terminfo/p/prism7
f	664	994:993	554	/home/woa23c1ro/.local/share/uv/python/cpython-3.11.14-linux-x86_64-gnu/share/terminfo/c/cbblit
f	664	994:993	554	/home/woa23c1ro/.local/share/uv/python/cpython-3.11.14-linux-x86_64-gnu/share/terminfo/e/ex155
f	664	994:993	554	/home/woa23c1ro/.local/share/uv/python/cpython-3.11.14-linux-x86_64-gnu/share/terminfo/m/msk227am
f	664	994:993	55422	/home/woa23c1ro/.local/share/uv/python/cpython-3.11.14-linux-x86_64-gnu/lib/python3.11/idlelib/News3.txt
f	664	994:993	555	/home/woa23c1ro/.local/share/uv/python/cpython-3.11.14-linux-x86_64-gnu/share/terminfo/l/lisa
f	664	994:993	555	/home/woa23c1ro/.local/share/uv/python/cpython-3.11.14-linux-x86_64-gnu/share/terminfo/t/tvi910
f	664	994:993	5552	/home/woa23c1ro/.local/share/uv/python/cpython-3.11.14-linux-x86_64-gnu/lib/python3.11/lib2to3/pgen2/grammar.py
f	664	994:993	556	/home/woa23c1ro/.local/share/uv/python/cpython-3.11.14-linux-x86_64-gnu/share/terminfo/p/pc6300plus
f	664	994:993	556	/home/woa23c1ro/.local/share/uv/python/cpython-3.11.14-linux-x86_64-gnu/share/terminfo/t/t1061f
f	664	994:993	556	/home/woa23c1ro/.local/share/uv/python/cpython-3.11.14-linux-x86_64-gnu/share/terminfo/t/tek4404
f	664	994:993	556	/home/woa23c1ro/.local/share/uv/python/cpython-3.11.14-linux-x86_64-gnu/share/terminfo/t/trs16
f	664	994:993	5565	/home/woa23c1ro/.local/share/uv/python/cpython-3.11.14-linux-x86_64-gnu/lib/python3.11/lib2to3/fixes/fix_tuple_params.py
f	664	994:993	55660	/home/woa23c1ro/.local/share/uv/python/cpython-3.11.14-linux-x86_64-gnu/lib/python3.11/configparser.py
f	664	994:993	5567	/home/woa23c1ro/.local/share/uv/python/cpython-3.11.14-linux-x86_64-gnu/lib/python3.11/idlelib/search.py
f	664	994:993	557	/home/woa23c1ro/.local/share/uv/python/cpython-3.11.14-linux-x86_64-gnu/lib/python3.11/site-packages/pip/_vendor/pyproject_hooks/_in_process/__init__.py
f	664	994:993	557	/home/woa23c1ro/.local/share/uv/python/cpython-3.11.14-linux-x86_64-gnu/lib/python3.11/xml/__init__.py
f	664	994:993	5575	/home/woa23c1ro/.local/share/uv/python/cpython-3.11.14-linux-x86_64-gnu/lib/python3.11/site-packages/pip/_internal/vcs/mercurial.py
f	664	994:993	55794	/home/woa23c1ro/.local/share/uv/python/cpython-3.11.14-linux-x86_64-gnu/lib/python3.11/site-packages/setuptools/_distutils/dist.py
f	664	994:993	558	/home/woa23c1ro/.local/share/uv/python/cpython-3.11.14-linux-x86_64-gnu/lib/python3.11/site-packages/pip-25.3.dist-info/licenses/src/pip/_vendor/cachecontrol/LICENSE.txt
f	664	994:993	558	/home/woa23c1ro/.local/share/uv/python/cpython-3.11.14-linux-x86_64-gnu/lib/python3.11/site-packages/pip/_vendor/cachecontrol/LICENSE.txt
f	664	994:993	558	/home/woa23c1ro/.local/share/uv/python/cpython-3.11.14-linux-x86_64-gnu/share/terminfo/g/gator-t
f	664	994:993	5580	/home/woa23c1ro/.local/share/uv/python/cpython-3.11.14-linux-x86_64-gnu/lib/python3.11/site-packages/setuptools/_vendor/platformdirs/macos.py
f	664	994:993	559	/home/woa23c1ro/.local/share/uv/python/cpython-3.11.14-linux-x86_64-gnu/share/terminfo/h/hp2392
f	664	994:993	5594	/home/woa23c1ro/.local/share/uv/python/cpython-3.11.14-linux-x86_64-gnu/lib/tk8.6/obsolete.tcl
f	664	994:993	560	/home/woa23c1ro/.local/share/uv/python/cpython-3.11.14-linux-x86_64-gnu/include/python3.11/cpython/warnings.h
f	664	994:993	560	/home/woa23c1ro/.local/share/uv/python/cpython-3.11.14-linux-x86_64-gnu/share/terminfo/b/bg2.0
f	664	994:993	560	/home/woa23c1ro/.local/share/uv/python/cpython-3.11.14-linux-x86_64-gnu/share/terminfo/c/contel300
f	664	994:993	561	/home/woa23c1ro/.local/share/uv/python/cpython-3.11.14-linux-x86_64-gnu/share/terminfo/i/ibmega
f	664	994:993	561	/home/woa23c1ro/.local/share/uv/python/cpython-3.11.14-linux-x86_64-gnu/share/terminfo/t/tvi925
f	664	994:993	561	/home/woa23c1ro/.local/share/uv/python/cpython-3.11.14-linux-x86_64-gnu/share/terminfo/v/vp90
f	664	994:993	5613	/home/woa23c1ro/.local/share/uv/python/cpython-3.11.14-linux-x86_64-gnu/lib/tcl8.6/tclIndex
f	664	994:993	562	/home/woa23c1ro/.local/share/uv/python/cpython-3.11.14-linux-x86_64-gnu/include/python3.11/internal/pycore_emscripten_signal.h
f	664	994:993	562	/home/woa23c1ro/.local/share/uv/python/cpython-3.11.14-linux-x86_64-gnu/include/python3.11/internal/pycore_interpreteridobject.h
f	664	994:993	562	/home/woa23c1ro/.local/share/uv/python/cpython-3.11.14-linux-x86_64-gnu/share/terminfo/a/abm85h-old
f	664	994:993	562	/home/woa23c1ro/.local/share/uv/python/cpython-3.11.14-linux-x86_64-gnu/share/terminfo/h/hp9837
f	664	994:993	562	/home/woa23c1ro/.local/share/uv/python/cpython-3.11.14-linux-x86_64-gnu/share/terminfo/s/st52-old
f	664	994:993	562	/home/woa23c1ro/.local/share/uv/python/cpython-3.11.14-linux-x86_64-gnu/share/terminfo/t/teken-sc+fkeys
f	664	994:993	56242	/home/woa23c1ro/.local/share/uv/python/cpython-3.11.14-linux-x86_64-gnu/lib/python3.11/tkinter/ttk.py
f	664	994:993	5628	/home/woa23c1ro/.local/share/uv/python/cpython-3.11.14-linux-x86_64-gnu/lib/python3.11/ctypes/wintypes.py
f	664	994:993	563	/home/woa23c1ro/.local/share/uv/python/cpython-3.11.14-linux-x86_64-gnu/share/terminfo/i/ibmmono
f	664	994:993	563	/home/woa23c1ro/.local/share/uv/python/cpython-3.11.14-linux-x86_64-gnu/share/terminfo/i/intext
f	664	994:993	563	/home/woa23c1ro/.local/share/uv/python/cpython-3.11.14-linux-x86_64-gnu/share/terminfo/l/liswb
f	664	994:993	563	/home/woa23c1ro/.local/share/uv/python/cpython-3.11.14-linux-x86_64-gnu/share/terminfo/q/qvt102
f	664	994:993	5634	/home/woa23c1ro/.local/share/uv/python/cpython-3.11.14-linux-x86_64-gnu/lib/python3.11/curses/has_key.py
f	664	994:993	56360	/home/woa23c1ro/.local/share/uv/python/cpython-3.11.14-linux-x86_64-gnu/lib/python3.11/idlelib/ChangeLog
f	664	994:993	5638	/home/woa23c1ro/.local/share/uv/python/cpython-3.11.14-linux-x86_64-gnu/include/python3.11/internal/pycore_symtable.h
f	664	994:993	564	/home/woa23c1ro/.local/share/uv/python/cpython-3.11.14-linux-x86_64-gnu/share/terminfo/o/origpc3
f	664	994:993	5649	/home/woa23c1ro/.local/share/uv/python/cpython-3.11.14-linux-x86_64-gnu/lib/python3.11/linecache.py
f	664	994:993	56517	/home/woa23c1ro/.local/share/uv/python/cpython-3.11.14-linux-x86_64-gnu/lib/python3.11/shutil.py
f	664	994:993	566	/home/woa23c1ro/.local/share/uv/python/cpython-3.11.14-linux-x86_64-gnu/share/terminfo/h/hp2621-fl
f	664	994:993	566	/home/woa23c1ro/.local/share/uv/python/cpython-3.11.14-linux-x86_64-gnu/share/terminfo/l/linux+sfkeys
f	664	994:993	566	/home/woa23c1ro/.local/share/uv/python/cpython-3.11.14-linux-x86_64-gnu/share/terminfo/t/t1061
f	664	994:993	5662	/home/woa23c1ro/.local/share/uv/python/cpython-3.11.14-linux-x86_64-gnu/lib/tk8.6/ttk/notebook.tcl
f	664	994:993	56666	/home/woa23c1ro/.local/share/uv/python/cpython-3.11.14-linux-x86_64-gnu/lib/tk8.6/demos/goldberg.tcl
f	664	994:993	568	/home/woa23c1ro/.local/share/uv/python/cpython-3.11.14-linux-x86_64-gnu/lib/python3.11/site-packages/setuptools/_vendor/backports/tarfile/compat/py38.py
f	664	994:993	568	/home/woa23c1ro/.local/share/uv/python/cpython-3.11.14-linux-x86_64-gnu/lib/python3.11/site-packages/setuptools/modified.py
f	664	994:993	5680	/home/woa23c1ro/.local/share/uv/python/cpython-3.11.14-linux-x86_64-gnu/lib/python3.11/site-packages/setuptools/_vendor/autocommand/autoasync.py
f	664	994:993	5681	/home/woa23c1ro/.local/share/uv/python/cpython-3.11.14-linux-x86_64-gnu/lib/python3.11/_compression.py
f	664	994:993	5684	/home/woa23c1ro/.local/share/uv/python/cpython-3.11.14-linux-x86_64-gnu/include/python3.11/internal/pycore_dict.h
f	664	994:993	5684	/home/woa23c1ro/.local/share/uv/python/cpython-3.11.14-linux-x86_64-gnu/lib/python3.11/lib2to3/fixes/fix_imports.py
f	664	994:993	570	/home/woa23c1ro/.local/share/uv/python/cpython-3.11.14-linux-x86_64-gnu/lib/python3.11/idlelib/idle.pyw
f	664	994:993	570	/home/woa23c1ro/.local/share/uv/python/cpython-3.11.14-linux-x86_64-gnu/share/terminfo/b/bg1.25nv
f	664	994:993	570	/home/woa23c1ro/.local/share/uv/python/cpython-3.11.14-linux-x86_64-gnu/share/terminfo/c/cdc756
f	664	994:993	570	/home/woa23c1ro/.local/share/uv/python/cpython-3.11.14-linux-x86_64-gnu/share/terminfo/h/hp2621-nl
f	664	994:993	570	/home/woa23c1ro/.local/share/uv/python/cpython-3.11.14-linux-x86_64-gnu/share/terminfo/h/hp2621-nt
f	664	994:993	570	/home/woa23c1ro/.local/share/uv/python/cpython-3.11.14-linux-x86_64-gnu/share/terminfo/t/ti926-8
f	664	994:993	571	/home/woa23c1ro/.local/share/uv/python/cpython-3.11.14-linux-x86_64-gnu/lib/python3.11/lib2to3/fixes/fix_ne.py
f	664	994:993	571	/home/woa23c1ro/.local/share/uv/python/cpython-3.11.14-linux-x86_64-gnu/lib/python3.11/site-packages/setuptools/_vendor/typing_extensions-4.12.2.dist-info/RECORD
f	664	994:993	571	/home/woa23c1ro/.local/share/uv/python/cpython-3.11.14-linux-x86_64-gnu/share/terminfo/a/abm85h
f	664	994:993	5715	/home/woa23c1ro/.local/share/uv/python/cpython-3.11.14-linux-x86_64-gnu/lib/python3.11/idlelib/outwin.py
f	664	994:993	5715	/home/woa23c1ro/.local/share/uv/python/cpython-3.11.14-linux-x86_64-gnu/lib/python3.11/site-packages/setuptools/_vendor/packaging/licenses/__init__.py
f	664	994:993	5717	/home/woa23c1ro/.local/share/uv/python/cpython-3.11.14-linux-x86_64-gnu/lib/python3.11/site-packages/pip/_internal/cli/index_command.py
f	664	994:993	572	/home/woa23c1ro/.local/share/uv/python/cpython-3.11.14-linux-x86_64-gnu/share/terminfo/b/bg1.25rv
f	664	994:993	5726	/home/woa23c1ro/.local/share/uv/python/cpython-3.11.14-linux-x86_64-gnu/lib/python3.11/site-packages/pip/_vendor/msgpack/ext.py
f	664	994:993	5727	/home/woa23c1ro/.local/share/uv/python/cpython-3.11.14-linux-x86_64-gnu/lib/python3.11/site-packages/pip/_vendor/packaging/licenses/__init__.py
f	664	994:993	573	/home/woa23c1ro/.local/share/uv/python/cpython-3.11.14-linux-x86_64-gnu/lib/python3.11/site-packages/setuptools/_distutils/compilers/C/errors.py
f	664	994:993	574	/home/woa23c1ro/.local/share/uv/python/cpython-3.11.14-linux-x86_64-gnu/share/terminfo/d/d800
f	664	994:993	5747	/home/woa23c1ro/.local/share/uv/python/cpython-3.11.14-linux-x86_64-gnu/lib/python3.11/site-packages/setuptools/_normalization.py
f	664	994:993	575	/home/woa23c1ro/.local/share/uv/python/cpython-3.11.14-linux-x86_64-gnu/lib/python3.11/site-packages/pip/_internal/models/scheme.py
f	664	994:993	575	/home/woa23c1ro/.local/share/uv/python/cpython-3.11.14-linux-x86_64-gnu/share/terminfo/i/ibmvga-c
f	664	994:993	57547	/home/woa23c1ro/.local/share/uv/python/cpython-3.11.14-linux-x86_64-gnu/lib/python3.11/http/client.py
f	664	994:993	5758	/home/woa23c1ro/.local/share/uv/python/cpython-3.11.14-linux-x86_64-gnu/lib/python3.11/site-packages/pip/_vendor/urllib3/util/ssl_match_hostname.py
f	664	994:993	576	/home/woa23c1ro/.local/share/uv/python/cpython-3.11.14-linux-x86_64-gnu/share/terminfo/t/tvi912
f	664	994:993	5767	/home/woa23c1ro/.local/share/uv/python/cpython-3.11.14-linux-x86_64-gnu/lib/python3.11/distutils/command/build.py
f	664	994:993	577	/home/woa23c1ro/.local/share/uv/python/cpython-3.11.14-linux-x86_64-gnu/lib/python3.11/site-packages/pip/_internal/resolution/base.py
f	664	994:993	577	/home/woa23c1ro/.local/share/uv/python/cpython-3.11.14-linux-x86_64-gnu/share/terminfo/g/graphos
f	664	994:993	577	/home/woa23c1ro/.local/share/uv/python/cpython-3.11.14-linux-x86_64-gnu/share/terminfo/h/hp2621-48
f	664	994:993	577	/home/woa23c1ro/.local/share/uv/python/cpython-3.11.14-linux-x86_64-gnu/share/terminfo/t/tvi910+
f	664	994:993	57746	/home/woa23c1ro/.local/share/uv/python/cpython-3.11.14-linux-x86_64-gnu/lib/python3.11/idlelib/Icons/idle.ico
f	664	994:993	5782	/home/woa23c1ro/.local/share/uv/python/cpython-3.11.14-linux-x86_64-gnu/lib/python3.11/site-packages/pip/_internal/commands/search.py
f	664	994:993	579	/home/woa23c1ro/.local/share/uv/python/cpython-3.11.14-linux-x86_64-gnu/share/terminfo/i/ibmapa8c
f	664	994:993	5797	/home/woa23c1ro/.local/share/uv/python/cpython-3.11.14-linux-x86_64-gnu/lib/python3.11/site-packages/pip/_internal/commands/lock.py
f	664	994:993	58	/home/woa23c1ro/.local/share/uv/python/cpython-3.11.14-linux-x86_64-gnu/lib/python3.11/site-packages/setuptools/_distutils/zosccompiler.py
f	664	994:993	580	/home/woa23c1ro/.local/share/uv/python/cpython-3.11.14-linux-x86_64-gnu/include/python3.11/internal/pycore_structseq.h
f	664	994:993	580	/home/woa23c1ro/.local/share/uv/python/cpython-3.11.14-linux-x86_64-gnu/share/terminfo/d/dt80-sas
f	664	994:993	5800	/home/woa23c1ro/.local/share/uv/python/cpython-3.11.14-linux-x86_64-gnu/include/python3.11/internal/pycore_initconfig.h
f	664	994:993	581	/home/woa23c1ro/.local/share/uv/python/cpython-3.11.14-linux-x86_64-gnu/share/terminfo/q/qvt119+-25
f	664	994:993	5813	/home/woa23c1ro/.local/share/uv/python/cpython-3.11.14-linux-x86_64-gnu/lib/tk8.6/dialog.tcl
f	664	994:993	582	/home/woa23c1ro/.local/share/uv/python/cpython-3.11.14-linux-x86_64-gnu/include/python3.11/cpython/pyframe.h
f	664	994:993	582	/home/woa23c1ro/.local/share/uv/python/cpython-3.11.14-linux-x86_64-gnu/share/terminfo/a/ampex210
f	664	994:993	582	/home/woa23c1ro/.local/share/uv/python/cpython-3.11.14-linux-x86_64-gnu/share/terminfo/p/prism8
f	664	994:993	582	/home/woa23c1ro/.local/share/uv/python/cpython-3.11.14-linux-x86_64-gnu/share/terminfo/p/pt250
f	664	994:993	582	/home/woa23c1ro/.local/share/uv/python/cpython-3.11.14-linux-x86_64-gnu/share/terminfo/t/teken-vt+fkeys
f	664	994:993	58231	/home/woa23c1ro/.local/share/uv/python/cpython-3.11.14-linux-x86_64-gnu/lib/python3.11/threading.py
f	664	994:993	5824	/home/woa23c1ro/.local/share/uv/python/cpython-3.11.14-linux-x86_64-gnu/lib/python3.11/site-packages/pip/_internal/metadata/__init__.py
f	664	994:993	583	/home/woa23c1ro/.local/share/uv/python/cpython-3.11.14-linux-x86_64-gnu/include/python3.11/traceback.h
f	664	994:993	584	/home/woa23c1ro/.local/share/uv/python/cpython-3.11.14-linux-x86_64-gnu/share/terminfo/k/kt7
f	664	994:993	584	/home/woa23c1ro/.local/share/uv/python/cpython-3.11.14-linux-x86_64-gnu/share/terminfo/q/qvt101
f	664	994:993	58472	/home/woa23c1ro/.local/share/uv/python/cpython-3.11.14-linux-x86_64-gnu/lib/python3.11/dataclasses.py
f	664	994:993	585	/home/woa23c1ro/.local/share/uv/python/cpython-3.11.14-linux-x86_64-gnu/share/terminfo/k/klone+sgr-dumb
f	664	994:993	585	/home/woa23c1ro/.local/share/uv/python/cpython-3.11.14-linux-x86_64-gnu/share/terminfo/q/qvt119+
f	664	994:993	585	/home/woa23c1ro/.local/share/uv/python/cpython-3.11.14-linux-x86_64-gnu/share/terminfo/t/ti924-8
f	664	994:993	585	/home/woa23c1ro/.local/share/uv/python/cpython-3.11.14-linux-x86_64-gnu/share/terminfo/v/vp3a+
f	664	994:993	58503	/home/woa23c1ro/.local/share/uv/python/cpython-3.11.14-linux-x86_64-gnu/lib/python3.11/unittest/case.py
f	664	994:993	5854	/home/woa23c1ro/.local/share/uv/python/cpython-3.11.14-linux-x86_64-gnu/lib/python3.11/site-packages/setuptools/_distutils/command/bdist.py
f	664	994:993	586	/home/woa23c1ro/.local/share/uv/python/cpython-3.11.14-linux-x86_64-gnu/share/terminfo/q/qvt101+
f	664	994:993	587	/home/woa23c1ro/.local/share/uv/python/cpython-3.11.14-linux-x86_64-gnu/share/terminfo/r/rtpc
f	664	994:993	588	/home/woa23c1ro/.local/share/uv/python/cpython-3.11.14-linux-x86_64-gnu/share/terminfo/r/rbcomm-nam
f	664	994:993	588	/home/woa23c1ro/.local/share/uv/python/cpython-3.11.14-linux-x86_64-gnu/share/terminfo/r/rbcomm-w
f	664	994:993	5882	/home/woa23c1ro/.local/share/uv/python/cpython-3.11.14-linux-x86_64-gnu/lib/python3.11/dbm/__init__.py
f	664	994:993	5884	/home/woa23c1ro/.local/share/uv/python/cpython-3.11.14-linux-x86_64-gnu/lib/python3.11/encodings/__init__.py
f	664	994:993	5890	/home/woa23c1ro/.local/share/uv/python/cpython-3.11.14-linux-x86_64-gnu/lib/python3.11/distutils/command/check.py
f	664	994:993	5893	/home/woa23c1ro/.local/share/uv/python/cpython-3.11.14-linux-x86_64-gnu/lib/python3.11/_weakrefset.py
f	664	994:993	5894	/home/woa23c1ro/.local/share/uv/python/cpython-3.11.14-linux-x86_64-gnu/lib/python3.11/site-packages/pip/_internal/operations/check.py
f	664	994:993	59	/home/woa23c1ro/.local/share/uv/python/cpython-3.11.14-linux-x86_64-gnu/lib/python3.11/site-packages/setuptools/_vendor/backports/tarfile/__main__.py
f	664	994:993	59	/home/woa23c1ro/.local/share/uv/python/cpython-3.11.14-linux-x86_64-gnu/lib/python3.11/site-packages/setuptools/_vendor/wheel/__init__.py
f	664	994:993	590	/home/woa23c1ro/.local/share/uv/python/cpython-3.11.14-linux-x86_64-gnu/lib/python3.11/lib2to3/fixes/fix_buffer.py
f	664	994:993	590	/home/woa23c1ro/.local/share/uv/python/cpython-3.11.14-linux-x86_64-gnu/share/terminfo/h/hp2621p
f	664	994:993	5907	/home/woa23c1ro/.local/share/uv/python/cpython-3.11.14-linux-x86_64-gnu/lib/python3.11/codeop.py
f	664	994:993	591	/home/woa23c1ro/.local/share/uv/python/cpython-3.11.14-linux-x86_64-gnu/lib/python3.11/lib2to3/fixes/fix_nonzero.py
f	664	994:993	591	/home/woa23c1ro/.local/share/uv/python/cpython-3.11.14-linux-x86_64-gnu/share/terminfo/b/bg2.0rv
f	664	994:993	591	/home/woa23c1ro/.local/share/uv/python/cpython-3.11.14-linux-x86_64-gnu/share/terminfo/s/screen2
f	664	994:993	591	/home/woa23c1ro/.local/share/uv/python/cpython-3.11.14-linux-x86_64-gnu/share/terminfo/t/ti924-8w
f	664	994:993	592	/home/woa23c1ro/.local/share/uv/python/cpython-3.11.14-linux-x86_64-gnu/share/terminfo/b/beacon
f	664	994:993	592	/home/woa23c1ro/.local/share/uv/python/cpython-3.11.14-linux-x86_64-gnu/share/terminfo/c/cit101
f	664	994:993	592	/home/woa23c1ro/.local/share/uv/python/cpython-3.11.14-linux-x86_64-gnu/share/terminfo/h/hp2621-a
f	664	994:993	592	/home/woa23c1ro/.local/share/uv/python/cpython-3.11.14-linux-x86_64-gnu/share/terminfo/r/rbcomm
f	664	994:993	5923	/home/woa23c1ro/.local/share/uv/python/cpython-3.11.14-linux-x86_64-gnu/lib/python3.11/site-packages/setuptools/_distutils/command/build.py
f	664	994:993	593	/home/woa23c1ro/.local/share/uv/python/cpython-3.11.14-linux-x86_64-gnu/include/python3.11/iterobject.h
f	664	994:993	5930	/home/woa23c1ro/.local/share/uv/python/cpython-3.11.14-linux-x86_64-gnu/lib/python3.11/re/_constants.py
f	664	994:993	594	/home/woa23c1ro/.local/share/uv/python/cpython-3.11.14-linux-x86_64-gnu/lib/python3.11/site-packages/setuptools/_distutils/cygwinccompiler.py
f	664	994:993	594	/home/woa23c1ro/.local/share/uv/python/cpython-3.11.14-linux-x86_64-gnu/share/terminfo/p/pt250w
f	664	994:993	595	/home/woa23c1ro/.local/share/uv/python/cpython-3.11.14-linux-x86_64-gnu/share/terminfo/g/graphos-30
f	664	994:993	595	/home/woa23c1ro/.local/share/uv/python/cpython-3.11.14-linux-x86_64-gnu/share/terminfo/q/qvt119+-25-w
f	664	994:993	596	/home/woa23c1ro/.local/share/uv/python/cpython-3.11.14-linux-x86_64-gnu/lib/python3.11/site-packages/pip/_internal/vcs/__init__.py
f	664	994:993	5965	/home/woa23c1ro/.local/share/uv/python/cpython-3.11.14-linux-x86_64-gnu/lib/python3.11/site-packages/setuptools/depends.py
f	664	994:993	5969	/home/woa23c1ro/.local/share/uv/python/cpython-3.11.14-linux-x86_64-gnu/lib/python3.11/lib2to3/pgen2/driver.py
f	664	994:993	597	/home/woa23c1ro/.local/share/uv/python/cpython-3.11.14-linux-x86_64-gnu/share/terminfo/i/ibm8514-c
f	664	994:993	597	/home/woa23c1ro/.local/share/uv/python/cpython-3.11.14-linux-x86_64-gnu/share/terminfo/t/ti926
f	664	994:993	597	/home/woa23c1ro/.local/share/uv/python/cpython-3.11.14-linux-x86_64-gnu/share/terminfo/v/viewdata
f	664	994:993	5975	/home/woa23c1ro/.local/share/uv/python/cpython-3.11.14-linux-x86_64-gnu/lib/python3.11/site-packages/pip/_internal/locations/_distutils.py
f	664	994:993	5976	/home/woa23c1ro/.local/share/uv/python/cpython-3.11.14-linux-x86_64-gnu/lib/tcl8/8.4/platform/shell-1.1.4.tm
f	664	994:993	5977	/home/woa23c1ro/.local/share/uv/python/cpython-3.11.14-linux-x86_64-gnu/lib/python3.11/xdrlib.py
f	664	994:993	598	/home/woa23c1ro/.local/share/uv/python/cpython-3.11.14-linux-x86_64-gnu/share/terminfo/h/hp2621p-a
f	664	994:993	598	/home/woa23c1ro/.local/share/uv/python/cpython-3.11.14-linux-x86_64-gnu/share/terminfo/m/modgraph2
f	664	994:993	598	/home/woa23c1ro/.local/share/uv/python/cpython-3.11.14-linux-x86_64-gnu/share/terminfo/q/qvt119+-w
f	664	994:993	5987	/home/woa23c1ro/.local/share/uv/python/cpython-3.11.14-linux-x86_64-gnu/lib/python3.11/site-packages/setuptools/tests/test_distutils_adoption.py
f	664	994:993	5988	/home/woa23c1ro/.local/share/uv/python/cpython-3.11.14-linux-x86_64-gnu/include/python3.11/internal/pycore_runtime.h
f	664	994:993	599	/home/woa23c1ro/.local/share/uv/python/cpython-3.11.14-linux-x86_64-gnu/share/terminfo/h/h19-u
f	664	994:993	599	/home/woa23c1ro/.local/share/uv/python/cpython-3.11.14-linux-x86_64-gnu/share/terminfo/n/nwp511
f	664	994:993	5990	/home/woa23c1ro/.local/share/uv/python/cpython-3.11.14-linux-x86_64-gnu/lib/python3.11/getpass.py
f	664	994:993	5992	/home/woa23c1ro/.local/share/uv/python/cpython-3.11.14-linux-x86_64-gnu/lib/python3.11/asyncio/staggered.py
f	664	994:993	5999	/home/woa23c1ro/.local/share/uv/python/cpython-3.11.14-linux-x86_64-gnu/lib/python3.11/fnmatch.py
f	664	994:993	601	/home/woa23c1ro/.local/share/uv/python/cpython-3.11.14-linux-x86_64-gnu/share/terminfo/h/h19-g
f	664	994:993	601	/home/woa23c1ro/.local/share/uv/python/cpython-3.11.14-linux-x86_64-gnu/share/terminfo/t/tvi925-hi
f	664	994:993	6013	/home/woa23c1ro/.local/share/uv/python/cpython-3.11.14-linux-x86_64-gnu/lib/python3.11/site-packages/pip/_internal/commands/wheel.py
f	664	994:993	6018	/home/woa23c1ro/.local/share/uv/python/cpython-3.11.14-linux-x86_64-gnu/lib/python3.11/site-packages/pip/_internal/resolution/resolvelib/found_candidates.py
f	664	994:993	603	/home/woa23c1ro/.local/share/uv/python/cpython-3.11.14-linux-x86_64-gnu/share/terminfo/m/mgr
f	664	994:993	603	/home/woa23c1ro/.local/share/uv/python/cpython-3.11.14-linux-x86_64-gnu/share/terminfo/m/msk22714
f	664	994:993	60369	/home/woa23c1ro/.local/share/uv/python/cpython-3.11.14-linux-x86_64-gnu/lib/python3.11/optparse.py
f	664	994:993	604	/home/woa23c1ro/.local/share/uv/python/cpython-3.11.14-linux-x86_64-gnu/share/terminfo/i/ibmapa8c-c
f	664	994:993	604	/home/woa23c1ro/.local/share/uv/python/cpython-3.11.14-linux-x86_64-gnu/share/terminfo/p/putty+fnkeys+vt100
f	664	994:993	60408	/home/woa23c1ro/.local/share/uv/python/cpython-3.11.14-linux-x86_64-gnu/lib/python3.11/site-packages/pip/_vendor/rich/progress.py
f	664	994:993	605	/home/woa23c1ro/.local/share/uv/python/cpython-3.11.14-linux-x86_64-gnu/include/python3.11/internal/pycore_sysmodule.h
f	664	994:993	6052	/home/woa23c1ro/.local/share/uv/python/cpython-3.11.14-linux-x86_64-gnu/lib/python3.11/site-packages/setuptools/command/build.py
f	664	994:993	606	/home/woa23c1ro/.local/share/uv/python/cpython-3.11.14-linux-x86_64-gnu/include/python3.11/internal/pycore_pathconfig.h
f	664	994:993	606	/home/woa23c1ro/.local/share/uv/python/cpython-3.11.14-linux-x86_64-gnu/lib/python3.11/lib2to3/fixes/fix_methodattrs.py
f	664	994:993	606	/home/woa23c1ro/.local/share/uv/python/cpython-3.11.14-linux-x86_64-gnu/share/terminfo/h/hp2621-ba
f	664	994:993	6062	/home/woa23c1ro/.local/share/uv/python/cpython-3.11.14-linux-x86_64-gnu/include/python3.11/internal/pycore_bitutils.h
f	664	994:993	6062	/home/woa23c1ro/.local/share/uv/python/cpython-3.11.14-linux-x86_64-gnu/lib/python3.11/site-packages/setuptools/glob.py
f	664	994:993	6064	/home/woa23c1ro/.local/share/uv/python/cpython-3.11.14-linux-x86_64-gnu/include/python3.11/pymacro.h
f	664	994:993	607	/home/woa23c1ro/.local/share/uv/python/cpython-3.11.14-linux-x86_64-gnu/share/terminfo/m/minix-old
f	664	994:993	607	/home/woa23c1ro/.local/share/uv/python/cpython-3.11.14-linux-x86_64-gnu/share/terminfo/m/minix-old-am
f	664	994:993	608	/home/woa23c1ro/.local/share/uv/python/cpython-3.11.14-linux-x86_64-gnu/lib/python3.11/site-packages/setuptools/_vendor/importlib_metadata/compat/py311.py
f	664	994:993	608	/home/woa23c1ro/.local/share/uv/python/cpython-3.11.14-linux-x86_64-gnu/lib/tcl8.6/opt0.4/pkgIndex.tcl
f	664	994:993	6089	/home/woa23c1ro/.local/share/uv/python/cpython-3.11.14-linux-x86_64-gnu/lib/python3.11/importlib/__init__.py
f	664	994:993	609	/home/woa23c1ro/.local/share/uv/python/cpython-3.11.14-linux-x86_64-gnu/share/terminfo/b/bitgraph
f	664	994:993	609	/home/woa23c1ro/.local/share/uv/python/cpython-3.11.14-linux-x86_64-gnu/share/terminfo/h/h19-bs
f	664	994:993	609	/home/woa23c1ro/.local/share/uv/python/cpython-3.11.14-linux-x86_64-gnu/share/terminfo/i/ibmega-c
f	664	994:993	6090	/home/woa23c1ro/.local/share/uv/python/cpython-3.11.14-linux-x86_64-gnu/lib/python3.11/site-packages/pip/_vendor/rich/__init__.py
f	664	994:993	610	/home/woa23c1ro/.local/share/uv/python/cpython-3.11.14-linux-x86_64-gnu/share/terminfo/t/ti924
f	664	994:993	610	/home/woa23c1ro/.local/share/uv/python/cpython-3.11.14-linux-x86_64-gnu/share/terminfo/v/v3220
f	664	994:993	6102	/home/woa23c1ro/.local/share/uv/python/cpython-3.11.14-linux-x86_64-gnu/lib/tk8.6/demos/entry3.tcl
f	664	994:993	611	/home/woa23c1ro/.local/share/uv/python/cpython-3.11.14-linux-x86_64-gnu/include/python3.11/internal/pycore_abstract.h
f	664	994:993	611	/home/woa23c1ro/.local/share/uv/python/cpython-3.11.14-linux-x86_64-gnu/share/terminfo/p/p19
f	664	994:993	612	/home/woa23c1ro/.local/share/uv/python/cpython-3.11.14-linux-x86_64-gnu/share/terminfo/v/vi300
f	664	994:993	612	/home/woa23c1ro/.local/share/uv/python/cpython-3.11.14-linux-x86_64-gnu/share/terminfo/x/xterm+keypad
f	664	994:993	613	/home/woa23c1ro/.local/share/uv/python/cpython-3.11.14-linux-x86_64-gnu/lib/python3.11/lib2to3/fixes/fix_repr.py
f	664	994:993	613	/home/woa23c1ro/.local/share/uv/python/cpython-3.11.14-linux-x86_64-gnu/share/terminfo/c/cit101e
f	664	994:993	613	/home/woa23c1ro/.local/share/uv/python/cpython-3.11.14-linux-x86_64-gnu/share/terminfo/c/cit101e-n
f	664	994:993	613	/home/woa23c1ro/.local/share/uv/python/cpython-3.11.14-linux-x86_64-gnu/share/terminfo/v/vi550
f	664	994:993	614	/home/woa23c1ro/.local/share/uv/python/cpython-3.11.14-linux-x86_64-gnu/lib/python3.11/site-packages/pip-25.3.dist-info/licenses/src/pip/_vendor/msgpack/COPYING
f	664	994:993	614	/home/woa23c1ro/.local/share/uv/python/cpython-3.11.14-linux-x86_64-gnu/lib/python3.11/site-packages/pip/_vendor/msgpack/COPYING
f	664	994:993	614	/home/woa23c1ro/.local/share/uv/python/cpython-3.11.14-linux-x86_64-gnu/share/terminfo/p/prism8-w
f	664	994:993	61444	/home/woa23c1ro/.local/share/uv/python/cpython-3.11.14-linux-x86_64-gnu/lib/python3.11/ast.py
f	664	994:993	615	/home/woa23c1ro/.local/share/uv/python/cpython-3.11.14-linux-x86_64-gnu/share/terminfo/g/gigi
f	664	994:993	615	/home/woa23c1ro/.local/share/uv/python/cpython-3.11.14-linux-x86_64-gnu/share/terminfo/h/hp2621-k45
f	664	994:993	615	/home/woa23c1ro/.local/share/uv/python/cpython-3.11.14-linux-x86_64-gnu/share/terminfo/i/ibm5081-c
f	664	994:993	615	/home/woa23c1ro/.local/share/uv/python/cpython-3.11.14-linux-x86_64-gnu/share/terminfo/p/pt100
f	664	994:993	616	/home/woa23c1ro/.local/share/uv/python/cpython-3.11.14-linux-x86_64-gnu/share/terminfo/p/putty+fnkeys
f	664	994:993	617	/home/woa23c1ro/.local/share/uv/python/cpython-3.11.14-linux-x86_64-gnu/share/terminfo/m/mai
f	664	994:993	6171	/home/woa23c1ro/.local/share/uv/python/cpython-3.11.14-linux-x86_64-gnu/lib/python3.11/site-packages/setuptools/_vendor/wheel/metadata.py
f	664	994:993	6175	/home/woa23c1ro/.local/share/uv/python/cpython-3.11.14-linux-x86_64-gnu/lib/tk8.6/ttk/menubutton.tcl
f	664	994:993	618	/home/woa23c1ro/.local/share/uv/python/cpython-3.11.14-linux-x86_64-gnu/share/terminfo/t/ti924w
f	664	994:993	6189	/home/woa23c1ro/.local/share/uv/python/cpython-3.11.14-linux-x86_64-gnu/lib/python3.11/_py_abc.py
f	664	994:993	61920	/home/woa23c1ro/.local/share/uv/python/cpython-3.11.14-linux-x86_64-gnu/lib/python3.11/logging/handlers.py
f	664	994:993	62	/home/woa23c1ro/.local/share/uv/python/cpython-3.11.14-linux-x86_64-gnu/lib/python3.11/site-packages/pip/_internal/models/__init__.py
f	664	994:993	620	/home/woa23c1ro/.local/share/uv/python/cpython-3.11.14-linux-x86_64-gnu/share/terminfo/t/tvi920b+fn
f	664	994:993	6205	/home/woa23c1ro/.local/share/uv/python/cpython-3.11.14-linux-x86_64-gnu/lib/tk8.6/demos/ctext.tcl
f	664	994:993	621	/home/woa23c1ro/.local/share/uv/python/cpython-3.11.14-linux-x86_64-gnu/share/terminfo/c/cit101e-132
f	664	994:993	6211	/home/woa23c1ro/.local/share/uv/python/cpython-3.11.14-linux-x86_64-gnu/lib/python3.11/site-packages/pip/_internal/models/pylock.py
f	664	994:993	622	/home/woa23c1ro/.local/share/uv/python/cpython-3.11.14-linux-x86_64-gnu/share/terminfo/h/hp2621
f	664	994:993	622	/home/woa23c1ro/.local/share/uv/python/cpython-3.11.14-linux-x86_64-gnu/share/terminfo/p/putty+fnkeys+xterm
f	664	994:993	6226	/home/woa23c1ro/.local/share/uv/python/cpython-3.11.14-linux-x86_64-gnu/lib/python3.11/site-packages/pip/_vendor/pygments/token.py
f	664	994:993	6226	/home/woa23c1ro/.local/share/uv/python/cpython-3.11.14-linux-x86_64-gnu/lib/python3.11/site-packages/setuptools/_distutils/tests/test_check.py
f	664	994:993	623	/home/woa23c1ro/.local/share/uv/python/cpython-3.11.14-linux-x86_64-gnu/share/terminfo/p/putty+fnkeys+linux
f	664	994:993	6232	/home/woa23c1ro/.local/share/uv/python/cpython-3.11.14-linux-x86_64-gnu/lib/python3.11/distutils/command/build_scripts.py
f	664	994:993	625	/home/woa23c1ro/.local/share/uv/python/cpython-3.11.14-linux-x86_64-gnu/lib/python3.11/site-packages/pip/_vendor/distlib/__init__.py
f	664	994:993	625	/home/woa23c1ro/.local/share/uv/python/cpython-3.11.14-linux-x86_64-gnu/share/terminfo/o/ofcons
f	664	994:993	6255	/home/woa23c1ro/.local/share/uv/python/cpython-3.11.14-linux-x86_64-gnu/include/python3.11/ceval.h
f	664	994:993	626	/home/woa23c1ro/.local/share/uv/python/cpython-3.11.14-linux-x86_64-gnu/include/python3.11/internal/pycore_parser.h
f	664	994:993	626	/home/woa23c1ro/.local/share/uv/python/cpython-3.11.14-linux-x86_64-gnu/share/terminfo/p/putty+fnkeys+esc
f	664	994:993	627	/home/woa23c1ro/.local/share/uv/python/cpython-3.11.14-linux-x86_64-gnu/share/terminfo/h/h19
f	664	994:993	628	/home/woa23c1ro/.local/share/uv/python/cpython-3.11.14-linux-x86_64-gnu/include/python3.11/rangeobject.h
f	664	994:993	628	/home/woa23c1ro/.local/share/uv/python/cpython-3.11.14-linux-x86_64-gnu/lib/python3.11/site-packages/setuptools/command/launcher manifest.xml
f	664	994:993	628	/home/woa23c1ro/.local/share/uv/python/cpython-3.11.14-linux-x86_64-gnu/share/terminfo/g/go140
f	664	994:993	628	/home/woa23c1ro/.local/share/uv/python/cpython-3.11.14-linux-x86_64-gnu/share/terminfo/p/putty+fnkeys+vt400
f	664	994:993	628	/home/woa23c1ro/.local/share/uv/python/cpython-3.11.14-linux-x86_64-gnu/share/terminfo/s/sb2
f	664	994:993	628	/home/woa23c1ro/.local/share/uv/python/cpython-3.11.14-linux-x86_64-gnu/share/terminfo/t/tvi92D
f	664	994:993	629	/home/woa23c1ro/.local/share/uv/python/cpython-3.11.14-linux-x86_64-gnu/share/terminfo/c/cit101e-n132
f	664	994:993	629	/home/woa23c1ro/.local/share/uv/python/cpython-3.11.14-linux-x86_64-gnu/share/terminfo/h/h19k
f	664	994:993	629	/home/woa23c1ro/.local/share/uv/python/cpython-3.11.14-linux-x86_64-gnu/share/terminfo/m/mac
f	664	994:993	63	/home/woa23c1ro/.local/share/uv/python/cpython-3.11.14-linux-x86_64-gnu/lib/tk8.6/msgs/en_gb.msg
f	664	994:993	630	/home/woa23c1ro/.local/share/uv/python/cpython-3.11.14-linux-x86_64-gnu/share/terminfo/a/att5620
f	664	994:993	6306	/home/woa23c1ro/.local/share/uv/python/cpython-3.11.14-linux-x86_64-gnu/lib/python3.11/multiprocessing/sharedctypes.py
f	664	994:993	631	/home/woa23c1ro/.local/share/uv/python/cpython-3.11.14-linux-x86_64-gnu/share/terminfo/p/pt100w
f	664	994:993	6317	/home/woa23c1ro/.local/share/uv/python/cpython-3.11.14-linux-x86_64-gnu/lib/python3.11/pty.py
f	664	994:993	632	/home/woa23c1ro/.local/share/uv/python/cpython-3.11.14-linux-x86_64-gnu/share/terminfo/a/att5620-24
f	664	994:993	632	/home/woa23c1ro/.local/share/uv/python/cpython-3.11.14-linux-x86_64-gnu/share/terminfo/a/att5620-34
f	664	994:993	63208	/home/woa23c1ro/.local/share/uv/python/cpython-3.11.14-linux-x86_64-gnu/lib/python3.11/site-packages/pip/_vendor/pygments/unistring.py
f	664	994:993	6322	/home/woa23c1ro/.local/share/uv/python/cpython-3.11.14-linux-x86_64-gnu/lib/python3.11/site-packages/pip/_vendor/platformdirs/macos.py
f	664	994:993	633	/home/woa23c1ro/.local/share/uv/python/cpython-3.11.14-linux-x86_64-gnu/lib/python3.11/distutils/command/command_template
f	664	994:993	633	/home/woa23c1ro/.local/share/uv/python/cpython-3.11.14-linux-x86_64-gnu/share/terminfo/h/h19-us
f	664	994:993	633	/home/woa23c1ro/.local/share/uv/python/cpython-3.11.14-linux-x86_64-gnu/share/terminfo/h/hp2627a
f	664	994:993	634	/home/woa23c1ro/.local/share/uv/python/cpython-3.11.14-linux-x86_64-gnu/lib/python3.11/idlelib/Icons/idle_16.gif
f	664	994:993	634	/home/woa23c1ro/.local/share/uv/python/cpython-3.11.14-linux-x86_64-gnu/share/terminfo/s/screen3
f	664	994:993	6343	/home/woa23c1ro/.local/share/uv/python/cpython-3.11.14-linux-x86_64-gnu/lib/tk8.6/demos/images/earthris.gif
f	664	994:993	635	/home/woa23c1ro/.local/share/uv/python/cpython-3.11.14-linux-x86_64-gnu/share/terminfo/h/hp2627a-rev
f	664	994:993	635	/home/woa23c1ro/.local/share/uv/python/cpython-3.11.14-linux-x86_64-gnu/share/terminfo/m/mach
f	664	994:993	6351	/home/woa23c1ro/.local/share/uv/python/cpython-3.11.14-linux-x86_64-gnu/lib/python3.11/sched.py
f	664	994:993	636	/home/woa23c1ro/.local/share/uv/python/cpython-3.11.14-linux-x86_64-gnu/share/terminfo/a/adm12
f	664	994:993	637	/home/woa23c1ro/.local/share/uv/python/cpython-3.11.14-linux-x86_64-gnu/share/terminfo/h/hp700-wy
f	664	994:993	638	/home/woa23c1ro/.local/share/uv/python/cpython-3.11.14-linux-x86_64-gnu/share/terminfo/e/ergo4000
f	664	994:993	6389	/home/woa23c1ro/.local/share/uv/python/cpython-3.11.14-linux-x86_64-gnu/lib/python3.11/site-packages/setuptools/_vendor/typeguard/_importhook.py
f	664	994:993	639	/home/woa23c1ro/.local/share/uv/python/cpython-3.11.14-linux-x86_64-gnu/share/terminfo/h/hp2627c
f	664	994:993	64	/home/woa23c1ro/.local/share/uv/python/cpython-3.11.14-linux-x86_64-gnu/lib/python3.11/site-packages/pip/_vendor/distro/__main__.py
f	664	994:993	64	/home/woa23c1ro/.local/share/uv/python/cpython-3.11.14-linux-x86_64-gnu/lib/python3.11/site-packages/pip/_vendor/urllib3/_version.py
f	664	994:993	640	/home/woa23c1ro/.local/share/uv/python/cpython-3.11.14-linux-x86_64-gnu/lib/python3.11/site-packages/pip/_vendor/resolvelib/resolvers/__init__.py
f	664	994:993	640	/home/woa23c1ro/.local/share/uv/python/cpython-3.11.14-linux-x86_64-gnu/share/terminfo/t/tek4105
f	664	994:993	640	/home/woa23c1ro/.local/share/uv/python/cpython-3.11.14-linux-x86_64-gnu/share/terminfo/t/tvi92B
f	664	994:993	641	/home/woa23c1ro/.local/share/uv/python/cpython-3.11.14-linux-x86_64-gnu/lib/python3.11/site-packages/setuptools/_vendor/jaraco.context-5.3.0.dist-info/RECORD
f	664	994:993	641	/home/woa23c1ro/.local/share/uv/python/cpython-3.11.14-linux-x86_64-gnu/lib/python3.11/site-packages/setuptools/tests/test_shutil_wrapper.py
f	664	994:993	641	/home/woa23c1ro/.local/share/uv/python/cpython-3.11.14-linux-x86_64-gnu/share/terminfo/a/alto-h19
f	664	994:993	642	/home/woa23c1ro/.local/share/uv/python/cpython-3.11.14-linux-x86_64-gnu/lib/python3.11/site-packages/pip/_vendor/rich/errors.py
f	664	994:993	6420	/home/woa23c1ro/.local/share/uv/python/cpython-3.11.14-linux-x86_64-gnu/lib/python3.11/site-packages/pip/_vendor/pygments/style.py
f	664	994:993	6420	/home/woa23c1ro/.local/share/uv/python/cpython-3.11.14-linux-x86_64-gnu/lib/python3.11/site-packages/pip/_vendor/resolvelib/structs.py
f	664	994:993	643	/home/woa23c1ro/.local/share/uv/python/cpython-3.11.14-linux-x86_64-gnu/lib/python3.11/site-packages/setuptools/_vendor/jaraco/text/layouts.py
f	664	994:993	644	/home/woa23c1ro/.local/share/uv/python/cpython-3.11.14-linux-x86_64-gnu/lib/python3.11/lib2to3/fixes/fix_funcattrs.py
f	664	994:993	644	/home/woa23c1ro/.local/share/uv/python/cpython-3.11.14-linux-x86_64-gnu/share/terminfo/i/intext2
f	664	994:993	6449	/home/woa23c1ro/.local/share/uv/python/cpython-3.11.14-linux-x86_64-gnu/lib/python3.11/site-packages/pip/_vendor/requests/api.py
f	664	994:993	645	/home/woa23c1ro/.local/share/uv/python/cpython-3.11.14-linux-x86_64-gnu/share/terminfo/a/avatar0
f	664	994:993	6471	/home/woa23c1ro/.local/share/uv/python/cpython-3.11.14-linux-x86_64-gnu/lib/python3.11/idlelib/tooltip.py
f	664	994:993	648	/home/woa23c1ro/.local/share/uv/python/cpython-3.11.14-linux-x86_64-gnu/share/terminfo/g/go140w
f	664	994:993	648	/home/woa23c1ro/.local/share/uv/python/cpython-3.11.14-linux-x86_64-gnu/share/terminfo/s/sbi
f	664	994:993	6487	/home/woa23c1ro/.local/share/uv/python/cpython-3.11.14-linux-x86_64-gnu/lib/python3.11/site-packages/pip/_vendor/rich/control.py
f	664	994:993	649	/home/woa23c1ro/.local/share/uv/python/cpython-3.11.14-linux-x86_64-gnu/share/terminfo/t/tek4025a
f	664	994:993	650	/home/woa23c1ro/.local/share/uv/python/cpython-3.11.14-linux-x86_64-gnu/share/terminfo/f/fos
f	664	994:993	650	/home/woa23c1ro/.local/share/uv/python/cpython-3.11.14-linux-x86_64-gnu/share/terminfo/v/vi300-old
f	664	994:993	6513	/home/woa23c1ro/.local/share/uv/python/cpython-3.11.14-linux-x86_64-gnu/lib/python3.11/turtledemo/nim.py
f	664	994:993	65132	/home/woa23c1ro/.local/share/uv/python/cpython-3.11.14-linux-x86_64-gnu/lib/python3.11/pickle.py
f	664	994:993	652	/home/woa23c1ro/.local/share/uv/python/cpython-3.11.14-linux-x86_64-gnu/share/terminfo/p/prism9-8
f	664	994:993	652	/home/woa23c1ro/.local/share/uv/python/cpython-3.11.14-linux-x86_64-gnu/share/terminfo/t/tvi921
f	664	994:993	6524	/home/woa23c1ro/.local/share/uv/python/cpython-3.11.14-linux-x86_64-gnu/lib/python3.11/encodings/__pycache__/__init__.cpython-311.pyc
f	664	994:993	653	/home/woa23c1ro/.local/share/uv/python/cpython-3.11.14-linux-x86_64-gnu/share/terminfo/f/f100
f	664	994:993	6538	/home/woa23c1ro/.local/share/uv/python/cpython-3.11.14-linux-x86_64-gnu/lib/python3.11/abc.py
f	664	994:993	654	/home/woa23c1ro/.local/share/uv/python/cpython-3.11.14-linux-x86_64-gnu/share/terminfo/d/dt100
f	664	994:993	6541	/home/woa23c1ro/.local/share/uv/python/cpython-3.11.14-linux-x86_64-gnu/include/python3.11/modsupport.h
f	664	994:993	6549	/home/woa23c1ro/.local/share/uv/python/cpython-3.11.14-linux-x86_64-gnu/include/python3.11/internal/pycore_ast_state.h
f	664	994:993	655	/home/woa23c1ro/.local/share/uv/python/cpython-3.11.14-linux-x86_64-gnu/share/terminfo/a/amiga-h
f	664	994:993	655	/home/woa23c1ro/.local/share/uv/python/cpython-3.11.14-linux-x86_64-gnu/share/terminfo/c/cdc721-esc
f	664	994:993	6555	/home/woa23c1ro/.local/share/uv/python/cpython-3.11.14-linux-x86_64-gnu/lib/python3.11/site-packages/pip/_internal/models/direct_url.py
f	664	994:993	657	/home/woa23c1ro/.local/share/uv/python/cpython-3.11.14-linux-x86_64-gnu/lib/python3.11/site-packages/setuptools/_itertools.py
f	664	994:993	657	/home/woa23c1ro/.local/share/uv/python/cpython-3.11.14-linux-x86_64-gnu/lib/python3.11/wsgiref/__init__.py
f	664	994:993	657	/home/woa23c1ro/.local/share/uv/python/cpython-3.11.14-linux-x86_64-gnu/share/terminfo/t/tek4207
f	664	994:993	657	/home/woa23c1ro/.local/share/uv/python/cpython-3.11.14-linux-x86_64-gnu/share/terminfo/x/x10term
f	664	994:993	6572	/home/woa23c1ro/.local/share/uv/python/cpython-3.11.14-linux-x86_64-gnu/lib/python3.11/site-packages/setuptools-80.9.0.dist-info/METADATA
f	664	994:993	658	/home/woa23c1ro/.local/share/uv/python/cpython-3.11.14-linux-x86_64-gnu/share/terminfo/a/ansi+cpr
f	664	994:993	658	/home/woa23c1ro/.local/share/uv/python/cpython-3.11.14-linux-x86_64-gnu/share/terminfo/h/hp2640a
f	664	994:993	6586	/home/woa23c1ro/.local/share/uv/python/cpython-3.11.14-linux-x86_64-gnu/lib/python3.11/site-packages/setuptools/_distutils/compilers/C/zos.py
f	664	994:993	659	/home/woa23c1ro/.local/share/uv/python/cpython-3.11.14-linux-x86_64-gnu/share/terminfo/f/f100-rv
f	664	994:993	659	/home/woa23c1ro/.local/share/uv/python/cpython-3.11.14-linux-x86_64-gnu/share/terminfo/m/mac-w
f	664	994:993	6599	/home/woa23c1ro/.local/share/uv/python/cpython-3.11.14-linux-x86_64-gnu/lib/python3.11/site-packages/pip/_vendor/cachecontrol/adapter.py
f	664	994:993	660	/home/woa23c1ro/.local/share/uv/python/cpython-3.11.14-linux-x86_64-gnu/share/terminfo/a/avatar0+
f	664	994:993	660	/home/woa23c1ro/.local/share/uv/python/cpython-3.11.14-linux-x86_64-gnu/share/terminfo/p/pcmw
f	664	994:993	660	/home/woa23c1ro/.local/share/uv/python/cpython-3.11.14-linux-x86_64-gnu/share/terminfo/x/xterm+osc104
f	664	994:993	661	/home/woa23c1ro/.local/share/uv/python/cpython-3.11.14-linux-x86_64-gnu/share/terminfo/t/tek4025-17
f	664	994:993	6623	/home/woa23c1ro/.local/share/uv/python/cpython-3.11.14-linux-x86_64-gnu/lib/python3.11/lib2to3/btm_matcher.py
f	664	994:993	6627	/home/woa23c1ro/.local/share/uv/python/cpython-3.11.14-linux-x86_64-gnu/lib/python3.11/site-packages/pip/_internal/distributions/sdist.py
f	664	994:993	6630	/home/woa23c1ro/.local/share/uv/python/cpython-3.11.14-linux-x86_64-gnu/lib/python3.11/site-packages/pip/_internal/utils/compatibility_tags.py
f	664	994:993	665	/home/woa23c1ro/.local/share/uv/python/cpython-3.11.14-linux-x86_64-gnu/share/terminfo/f/f110-14
f	664	994:993	666	/home/woa23c1ro/.local/share/uv/python/cpython-3.11.14-linux-x86_64-gnu/share/terminfo/p/prism12-m
f	664	994:993	666	/home/woa23c1ro/.local/share/uv/python/cpython-3.11.14-linux-x86_64-gnu/share/terminfo/p/prism14-m
f	664	994:993	66682	/home/woa23c1ro/.local/share/uv/python/cpython-3.11.14-linux-x86_64-gnu/lib/python3.11/site-packages/pip/_vendor/distlib/util.py
f	664	994:993	6670	/home/woa23c1ro/.local/share/uv/python/cpython-3.11.14-linux-x86_64-gnu/lib/tk8.6/demos/anilabel.tcl
f	664	994:993	6671	/home/woa23c1ro/.local/share/uv/python/cpython-3.11.14-linux-x86_64-gnu/include/python3.11/internal/pycore_interp.h
f	664	994:993	668	/home/woa23c1ro/.local/share/uv/python/cpython-3.11.14-linux-x86_64-gnu/share/terminfo/d/dt100w
f	664	994:993	668	/home/woa23c1ro/.local/share/uv/python/cpython-3.11.14-linux-x86_64-gnu/share/terminfo/f/f110
f	664	994:993	6683	/home/woa23c1ro/.local/share/uv/python/cpython-3.11.14-linux-x86_64-gnu/lib/python3.11/site-packages/setuptools/extension.py
f	664	994:993	669	/home/woa23c1ro/.local/share/uv/python/cpython-3.11.14-linux-x86_64-gnu/share/terminfo/m/mach-bold
f	664	994:993	669	/home/woa23c1ro/.local/share/uv/python/cpython-3.11.14-linux-x86_64-gnu/share/terminfo/t/tek4024
f	664	994:993	6690	/home/woa23c1ro/.local/share/uv/python/cpython-3.11.14-linux-x86_64-gnu/lib/python3.11/lib2to3/fixer_base.py
f	664	994:993	6691	/home/woa23c1ro/.local/share/uv/python/cpython-3.11.14-linux-x86_64-gnu/lib/python3.11/site-packages/pip/_vendor/urllib3/request.py
f	664	994:993	67	/home/woa23c1ro/.local/share/uv/python/cpython-3.11.14-linux-x86_64-gnu/lib/python3.11/lib2to3/__main__.py
f	664	994:993	670	/home/woa23c1ro/.local/share/uv/python/cpython-3.11.14-linux-x86_64-gnu/share/terminfo/f/f110-w
f	664	994:993	671	/home/woa23c1ro/.local/share/uv/python/cpython-3.11.14-linux-x86_64-gnu/share/terminfo/h/h19-a
f	664	994:993	673	/home/woa23c1ro/.local/share/uv/python/cpython-3.11.14-linux-x86_64-gnu/share/terminfo/f/f110-14w
f	664	994:993	6750	/home/woa23c1ro/.local/share/uv/python/cpython-3.11.14-linux-x86_64-gnu/lib/tk8.6/demos/nl.msg
f	664	994:993	6755	/home/woa23c1ro/.local/share/uv/python/cpython-3.11.14-linux-x86_64-gnu/lib/python3.11/site-packages/_distutils_hack/__init__.py
f	664	994:993	6766	/home/woa23c1ro/.local/share/uv/python/cpython-3.11.14-linux-x86_64-gnu/lib/python3.11/wsgiref/headers.py
f	664	994:993	677	/home/woa23c1ro/.local/share/uv/python/cpython-3.11.14-linux-x86_64-gnu/lib/python3.11/site-packages/pip/_vendor/cachecontrol/__init__.py
f	664	994:993	677	/home/woa23c1ro/.local/share/uv/python/cpython-3.11.14-linux-x86_64-gnu/share/terminfo/f/f200vi
f	664	994:993	6777	/home/woa23c1ro/.local/share/uv/python/cpython-3.11.14-linux-x86_64-gnu/lib/python3.11/idlelib/redirector.py
f	664	994:993	678	/home/woa23c1ro/.local/share/uv/python/cpython-3.11.14-linux-x86_64-gnu/include/python3.11/internal/pycore_unionobject.h
f	664	994:993	678	/home/woa23c1ro/.local/share/uv/python/cpython-3.11.14-linux-x86_64-gnu/share/terminfo/h/hp70092
f	664	994:993	678	/home/woa23c1ro/.local/share/uv/python/cpython-3.11.14-linux-x86_64-gnu/share/terminfo/v/vt200-js
f	664	994:993	679	/home/woa23c1ro/.local/share/uv/python/cpython-3.11.14-linux-x86_64-gnu/share/terminfo/f/f200
f	664	994:993	680	/home/woa23c1ro/.local/share/uv/python/cpython-3.11.14-linux-x86_64-gnu/share/terminfo/v/vt102+enq
f	664	994:993	6805	/home/woa23c1ro/.local/share/uv/python/cpython-3.11.14-linux-x86_64-gnu/lib/python3.11/site-packages/pip/_internal/commands/debug.py
f	664	994:993	6808	/home/woa23c1ro/.local/share/uv/python/cpython-3.11.14-linux-x86_64-gnu/lib/python3.11/idlelib/textview.py
f	664	994:993	681	/home/woa23c1ro/.local/share/uv/python/cpython-3.11.14-linux-x86_64-gnu/share/terminfo/f/f200-w
f	664	994:993	681	/home/woa23c1ro/.local/share/uv/python/cpython-3.11.14-linux-x86_64-gnu/share/terminfo/t/tek4025ex
f	664	994:993	68140	/home/woa23c1ro/.local/share/uv/python/cpython-3.11.14-linux-x86_64-gnu/lib/python3.11/xml/dom/minidom.py
f	664	994:993	682	/home/woa23c1ro/.local/share/uv/python/cpython-3.11.14-linux-x86_64-gnu/share/terminfo/a/amiga
f	664	994:993	682	/home/woa23c1ro/.local/share/uv/python/cpython-3.11.14-linux-x86_64-gnu/share/terminfo/d/decid+cpr
f	664	994:993	682	/home/woa23c1ro/.local/share/uv/python/cpython-3.11.14-linux-x86_64-gnu/share/terminfo/v/vt100+enq
f	664	994:993	683	/home/woa23c1ro/.local/share/uv/python/cpython-3.11.14-linux-x86_64-gnu/share/terminfo/t/tek4025-ex
f	664	994:993	68340	/home/woa23c1ro/.local/share/uv/python/cpython-3.11.14-linux-x86_64-gnu/lib/python3.11/site-packages/pip-25.3.dist-info/RECORD
f	664	994:993	6842	/home/woa23c1ro/.local/share/uv/python/cpython-3.11.14-linux-x86_64-gnu/lib/python3.11/asyncio/runners.py
f	664	994:993	685	/home/woa23c1ro/.local/share/uv/python/cpython-3.11.14-linux-x86_64-gnu/share/terminfo/a/ansi+enq
f	664	994:993	685	/home/woa23c1ro/.local/share/uv/python/cpython-3.11.14-linux-x86_64-gnu/share/terminfo/l/linux+decid
f	664	994:993	685	/home/woa23c1ro/.local/share/uv/python/cpython-3.11.14-linux-x86_64-gnu/share/terminfo/t/tvi970
f	664	994:993	688	/home/woa23c1ro/.local/share/uv/python/cpython-3.11.14-linux-x86_64-gnu/share/terminfo/v/versaterm
f	664	994:993	6882	/home/woa23c1ro/.local/share/uv/python/cpython-3.11.14-linux-x86_64-gnu/lib/python3.11/site-packages/setuptools/_distutils/tests/test_build_py.py
f	664	994:993	6882	/home/woa23c1ro/.local/share/uv/python/cpython-3.11.14-linux-x86_64-gnu/lib/python3.11/xml/etree/ElementInclude.py
f	664	994:993	6883	/home/woa23c1ro/.local/share/uv/python/cpython-3.11.14-linux-x86_64-gnu/lib/python3.11/encodings/punycode.py
f	664	994:993	689	/home/woa23c1ro/.local/share/uv/python/cpython-3.11.14-linux-x86_64-gnu/lib/python3.11/email/mime/nonmultipart.py
f	664	994:993	689	/home/woa23c1ro/.local/share/uv/python/cpython-3.11.14-linux-x86_64-gnu/lib/python3.11/lib2to3/fixes/fix_xreadlines.py
f	664	994:993	689	/home/woa23c1ro/.local/share/uv/python/cpython-3.11.14-linux-x86_64-gnu/lib/python3.11/site-packages/pip/_internal/utils/filetypes.py
f	664	994:993	689	/home/woa23c1ro/.local/share/uv/python/cpython-3.11.14-linux-x86_64-gnu/share/terminfo/z/z100bw
f	664	994:993	6895	/home/woa23c1ro/.local/share/uv/python/cpython-3.11.14-linux-x86_64-gnu/include/python3.11/internal/pycore_gc.h
f	664	994:993	6895	/home/woa23c1ro/.local/share/uv/python/cpython-3.11.14-linux-x86_64-gnu/lib/python3.11/site-packages/pip/_vendor/urllib3/util/ssltransport.py
f	664	994:993	68962	/home/woa23c1ro/.local/share/uv/python/cpython-3.11.14-linux-x86_64-gnu/lib/python3.11/importlib/_bootstrap_external.py
f	664	994:993	690	/home/woa23c1ro/.local/share/uv/python/cpython-3.11.14-linux-x86_64-gnu/lib/tcl8.6/msgs/mt.msg
f	664	994:993	690	/home/woa23c1ro/.local/share/uv/python/cpython-3.11.14-linux-x86_64-gnu/share/terminfo/h/hp98550
f	664	994:993	690	/home/woa23c1ro/.local/share/uv/python/cpython-3.11.14-linux-x86_64-gnu/share/terminfo/v/vt131
f	664	994:993	691	/home/woa23c1ro/.local/share/uv/python/cpython-3.11.14-linux-x86_64-gnu/lib/python3.11/site-packages/pip/_vendor/pyproject_hooks/__init__.py
f	664	994:993	691	/home/woa23c1ro/.local/share/uv/python/cpython-3.11.14-linux-x86_64-gnu/share/terminfo/f/f200vi-w
f	664	994:993	691	/home/woa23c1ro/.local/share/uv/python/cpython-3.11.14-linux-x86_64-gnu/share/terminfo/t/tek4107
f	664	994:993	692	/home/woa23c1ro/.local/share/uv/python/cpython-3.11.14-linux-x86_64-gnu/lib/python3.11/site-packages/setuptools/command/saveopts.py
f	664	994:993	692	/home/woa23c1ro/.local/share/uv/python/cpython-3.11.14-linux-x86_64-gnu/share/terminfo/h/hp2640b
f	664	994:993	6921	/home/woa23c1ro/.local/share/uv/python/cpython-3.11.14-linux-x86_64-gnu/lib/python3.11/site-packages/pip/_vendor/rich/ansi.py
f	664	994:993	6929	/home/woa23c1ro/.local/share/uv/python/cpython-3.11.14-linux-x86_64-gnu/lib/python3.11/netrc.py
f	664	994:993	694	/home/woa23c1ro/.local/share/uv/python/cpython-3.11.14-linux-x86_64-gnu/share/terminfo/p/prism12-m-w
f	664	994:993	694	/home/woa23c1ro/.local/share/uv/python/cpython-3.11.14-linux-x86_64-gnu/share/terminfo/p/prism14-m-w
f	664	994:993	694	/home/woa23c1ro/.local/share/uv/python/cpython-3.11.14-linux-x86_64-gnu/share/terminfo/p/prism9-8-w
f	664	994:993	6943	/home/woa23c1ro/.local/share/uv/python/cpython-3.11.14-linux-x86_64-gnu/lib/tk8.6/demos/style.tcl
f	664	994:993	69561	/home/woa23c1ro/.local/share/uv/python/cpython-3.11.14-linux-x86_64-gnu/lib/python3.11/idlelib/editor.py
f	664	994:993	6957	/home/woa23c1ro/.local/share/uv/python/cpython-3.11.14-linux-x86_64-gnu/lib/python3.11/asyncio/protocols.py
f	664	994:993	696	/home/woa23c1ro/.local/share/uv/python/cpython-3.11.14-linux-x86_64-gnu/share/terminfo/a/ampex219w
f	664	994:993	6961	/home/woa23c1ro/.local/share/uv/python/cpython-3.11.14-linux-x86_64-gnu/lib/python3.11/site-packages/pip/_vendor/tomli_w/_writer.py
f	664	994:993	697	/home/woa23c1ro/.local/share/uv/python/cpython-3.11.14-linux-x86_64-gnu/share/terminfo/a/avatar
f	664	994:993	697	/home/woa23c1ro/.local/share/uv/python/cpython-3.11.14-linux-x86_64-gnu/share/terminfo/e/ecma+italics
f	664	994:993	7	/home/woa23c1ro/.local/share/uv/python/cpython-3.11.14-linux-x86_64-gnu/lib/python3.11/site-packages/setuptools/_vendor/jaraco.collections-5.1.0.dist-info/top_level.txt
f	664	994:993	7	/home/woa23c1ro/.local/share/uv/python/cpython-3.11.14-linux-x86_64-gnu/lib/python3.11/site-packages/setuptools/_vendor/jaraco.context-5.3.0.dist-info/top_level.txt
f	664	994:993	7	/home/woa23c1ro/.local/share/uv/python/cpython-3.11.14-linux-x86_64-gnu/lib/python3.11/site-packages/setuptools/_vendor/jaraco.functools-4.0.1.dist-info/top_level.txt
f	664	994:993	7	/home/woa23c1ro/.local/share/uv/python/cpython-3.11.14-linux-x86_64-gnu/lib/python3.11/site-packages/setuptools/_vendor/jaraco.text-3.12.1.dist-info/top_level.txt
f	664	994:993	70	/home/woa23c1ro/.local/share/uv/python/cpython-3.11.14-linux-x86_64-gnu/lib/python3.11/dbm/ndbm.py
f	664	994:993	700	/home/woa23c1ro/.local/share/uv/python/cpython-3.11.14-linux-x86_64-gnu/share/terminfo/h/hp2645
f	664	994:993	700	/home/woa23c1ro/.local/share/uv/python/cpython-3.11.14-linux-x86_64-gnu/share/terminfo/v/vt50
f	664	994:993	7000	/home/woa23c1ro/.local/share/uv/python/cpython-3.11.14-linux-x86_64-gnu/lib/python3.11/tkinter/font.py
f	664	994:993	702	/home/woa23c1ro/.local/share/uv/python/cpython-3.11.14-linux-x86_64-gnu/include/python3.11/cpython/floatobject.h
f	664	994:993	702	/home/woa23c1ro/.local/share/uv/python/cpython-3.11.14-linux-x86_64-gnu/share/terminfo/s/screen+italics
f	664	994:993	703	/home/woa23c1ro/.local/share/uv/python/cpython-3.11.14-linux-x86_64-gnu/lib/python3.11/zoneinfo/__init__.py
f	664	994:993	704	/home/woa23c1ro/.local/share/uv/python/cpython-3.11.14-linux-x86_64-gnu/include/python3.11/internal/pycore_dtoa.h
f	664	994:993	704	/home/woa23c1ro/.local/share/uv/python/cpython-3.11.14-linux-x86_64-gnu/lib/python3.11/site-packages/pip/_vendor/platformdirs/version.py
f	664	994:993	704	/home/woa23c1ro/.local/share/uv/python/cpython-3.11.14-linux-x86_64-gnu/share/terminfo/o/otek4115
f	664	994:993	704	/home/woa23c1ro/.local/share/uv/python/cpython-3.11.14-linux-x86_64-gnu/share/terminfo/p/pccon+keys
f	664	994:993	704	/home/woa23c1ro/.local/share/uv/python/cpython-3.11.14-linux-x86_64-gnu/share/terminfo/v/vi200
f	664	994:993	705	/home/woa23c1ro/.local/share/uv/python/cpython-3.11.14-linux-x86_64-gnu/share/terminfo/s/sb1
f	664	994:993	7054	/home/woa23c1ro/.local/share/uv/python/cpython-3.11.14-linux-x86_64-gnu/lib/python3.11/lib2to3/patcomp.py
f	664	994:993	7063	/home/woa23c1ro/.local/share/uv/python/cpython-3.11.14-linux-x86_64-gnu/lib/python3.11/site-packages/pip/_vendor/rich/_palettes.py
f	664	994:993	707	/home/woa23c1ro/.local/share/uv/python/cpython-3.11.14-linux-x86_64-gnu/share/terminfo/z/z100
f	664	994:993	7071	/home/woa23c1ro/.local/share/uv/python/cpython-3.11.14-linux-x86_64-gnu/include/python3.11/codecs.h
f	664	994:993	708	/home/woa23c1ro/.local/share/uv/python/cpython-3.11.14-linux-x86_64-gnu/lib/python3.11/lib2to3/fixes/fix_input.py
f	664	994:993	7083	/home/woa23c1ro/.local/share/uv/python/cpython-3.11.14-linux-x86_64-gnu/lib/python3.11/idlelib/calltip_w.py
f	664	994:993	709	/home/woa23c1ro/.local/share/uv/python/cpython-3.11.14-linux-x86_64-gnu/share/terminfo/a/ampex219
f	664	994:993	709	/home/woa23c1ro/.local/share/uv/python/cpython-3.11.14-linux-x86_64-gnu/share/terminfo/h/ha8675
f	664	994:993	7097	/home/woa23c1ro/.local/share/uv/python/cpython-3.11.14-linux-x86_64-gnu/lib/python3.11/site-packages/pip/_vendor/urllib3/contrib/socks.py
f	664	994:993	70974	/home/woa23c1ro/.local/share/uv/python/cpython-3.11.14-linux-x86_64-gnu/lib/tcl8.6/encoding/jis0212.enc
f	664	994:993	710	/home/woa23c1ro/.local/share/uv/python/cpython-3.11.14-linux-x86_64-gnu/share/terminfo/d/dt110
f	664	994:993	710	/home/woa23c1ro/.local/share/uv/python/cpython-3.11.14-linux-x86_64-gnu/share/terminfo/g/go225
f	664	994:993	713	/home/woa23c1ro/.local/share/uv/python/cpython-3.11.14-linux-x86_64-gnu/share/terminfo/v/vi200-rv
f	664	994:993	7131	/home/woa23c1ro/.local/share/uv/python/cpython-3.11.14-linux-x86_64-gnu/lib/python3.11/site-packages/pip/_vendor/rich/columns.py
f	664	994:993	714	/home/woa23c1ro/.local/share/uv/python/cpython-3.11.14-linux-x86_64-gnu/share/terminfo/t/tvi970-vb
f	664	994:993	716	/home/woa23c1ro/.local/share/uv/python/cpython-3.11.14-linux-x86_64-gnu/share/terminfo/h/hp2621b
f	664	994:993	717	/home/woa23c1ro/.local/share/uv/python/cpython-3.11.14-linux-x86_64-gnu/share/terminfo/i/icl6404-w
f	664	994:993	719	/home/woa23c1ro/.local/share/uv/python/cpython-3.11.14-linux-x86_64-gnu/share/terminfo/a/amiga-8bit
f	664	994:993	719	/home/woa23c1ro/.local/share/uv/python/cpython-3.11.14-linux-x86_64-gnu/share/terminfo/i/icl6404
f	664	994:993	7193	/home/woa23c1ro/.local/share/uv/python/cpython-3.11.14-linux-x86_64-gnu/lib/python3.11/site-packages/pip/_internal/cli/autocompletion.py
f	664	994:993	72	/home/woa23c1ro/.local/share/uv/python/cpython-3.11.14-linux-x86_64-gnu/lib/python3.11/dbm/gnu.py
f	664	994:993	72	/home/woa23c1ro/.local/share/uv/python/cpython-3.11.14-linux-x86_64-gnu/lib/python3.11/idlelib/Icons/tk.gif
f	664	994:993	720	/home/woa23c1ro/.local/share/uv/python/cpython-3.11.14-linux-x86_64-gnu/share/terminfo/l/lisaterm-w
f	664	994:993	7204	/home/woa23c1ro/.local/share/uv/python/cpython-3.11.14-linux-x86_64-gnu/lib/python3.11/idlelib/parenmatch.py
f	664	994:993	7220	/home/woa23c1ro/.local/share/uv/python/cpython-3.11.14-linux-x86_64-gnu/lib/python3.11/_threading_local.py
f	664	994:993	723	/home/woa23c1ro/.local/share/uv/python/cpython-3.11.14-linux-x86_64-gnu/include/python3.11/cpython/cellobject.h
f	664	994:993	7236	/home/woa23c1ro/.local/share/uv/python/cpython-3.11.14-linux-x86_64-gnu/lib/python3.11/site-packages/setuptools/_distutils/dir_util.py
f	664	994:993	724	/home/woa23c1ro/.local/share/uv/python/cpython-3.11.14-linux-x86_64-gnu/include/python3.11/complexobject.h
f	664	994:993	725	/home/woa23c1ro/.local/share/uv/python/cpython-3.11.14-linux-x86_64-gnu/share/terminfo/t/tek4025-17-ws
f	664	994:993	726	/home/woa23c1ro/.local/share/uv/python/cpython-3.11.14-linux-x86_64-gnu/lib/python3.11/site-packages/setuptools/windows_support.py
f	664	994:993	7267	/home/woa23c1ro/.local/share/uv/python/cpython-3.11.14-linux-x86_64-gnu/lib/python3.11/idlelib/calltip.py
f	664	994:993	728	/home/woa23c1ro/.local/share/uv/python/cpython-3.11.14-linux-x86_64-gnu/share/terminfo/r/regent60
f	664	994:993	729	/home/woa23c1ro/.local/share/uv/python/cpython-3.11.14-linux-x86_64-gnu/share/terminfo/t/tvi970-2p
f	664	994:993	7292	/home/woa23c1ro/.local/share/uv/python/cpython-3.11.14-linux-x86_64-gnu/lib/tk8.6/demos/menu.tcl
f	664	994:993	731	/home/woa23c1ro/.local/share/uv/python/cpython-3.11.14-linux-x86_64-gnu/lib/python3.11/idlelib/util.py
f	664	994:993	731	/home/woa23c1ro/.local/share/uv/python/cpython-3.11.14-linux-x86_64-gnu/share/terminfo/h/hp2648
f	664	994:993	732	/home/woa23c1ro/.local/share/uv/python/cpython-3.11.14-linux-x86_64-gnu/share/terminfo/l/lisaterm
f	664	994:993	733	/home/woa23c1ro/.local/share/uv/python/cpython-3.11.14-linux-x86_64-gnu/lib/python3.11/site-packages/pip/_vendor/requests/hooks.py
f	664	994:993	733	/home/woa23c1ro/.local/share/uv/python/cpython-3.11.14-linux-x86_64-gnu/share/terminfo/d/dgkeys+11
f	664	994:993	735	/home/woa23c1ro/.local/share/uv/python/cpython-3.11.14-linux-x86_64-gnu/lib/tcl8.6/http1.0/pkgIndex.tcl
f	664	994:993	735	/home/woa23c1ro/.local/share/uv/python/cpython-3.11.14-linux-x86_64-gnu/share/terminfo/p/pcansi-43-m
f	664	994:993	735	/home/woa23c1ro/.local/share/uv/python/cpython-3.11.14-linux-x86_64-gnu/share/terminfo/v/vi200-f
f	664	994:993	7356	/home/woa23c1ro/.local/share/uv/python/cpython-3.11.14-linux-x86_64-gnu/lib/python3.11/site-packages/setuptools/archive_util.py
f	664	994:993	7362	/home/woa23c1ro/.local/share/uv/python/cpython-3.11.14-linux-x86_64-gnu/lib/python3.11/site-packages/pip/_internal/cli/spinners.py
f	664	994:993	7365	/home/woa23c1ro/.local/share/uv/python/cpython-3.11.14-linux-x86_64-gnu/lib/python3.11/uu.py
f	664	994:993	7369	/home/woa23c1ro/.local/share/uv/python/cpython-3.11.14-linux-x86_64-gnu/lib/python3.11/site-packages/setuptools/command/sdist.py
f	664	994:993	737	/home/woa23c1ro/.local/share/uv/python/cpython-3.11.14-linux-x86_64-gnu/include/python3.11/osdefs.h
f	664	994:993	737	/home/woa23c1ro/.local/share/uv/python/cpython-3.11.14-linux-x86_64-gnu/share/terminfo/p/pcansi-25-m
f	664	994:993	737	/home/woa23c1ro/.local/share/uv/python/cpython-3.11.14-linux-x86_64-gnu/share/terminfo/p/pcansi-33-m
f	664	994:993	7370	/home/woa23c1ro/.local/share/uv/python/cpython-3.11.14-linux-x86_64-gnu/lib/tk8.6/safetk.tcl
f	664	994:993	739	/home/woa23c1ro/.local/share/uv/python/cpython-3.11.14-linux-x86_64-gnu/share/terminfo/h/hp2621b-p
f	664	994:993	740	/home/woa23c1ro/.local/share/uv/python/cpython-3.11.14-linux-x86_64-gnu/include/python3.11/internal/pycore_warnings.h
f	664	994:993	7403	/home/woa23c1ro/.local/share/uv/python/cpython-3.11.14-linux-x86_64-gnu/include/python3.11/internal/pycore_fileutils.h
f	664	994:993	741	/home/woa23c1ro/.local/share/uv/python/cpython-3.11.14-linux-x86_64-gnu/share/terminfo/p/pcansi-m
f	664	994:993	7415	/home/woa23c1ro/.local/share/uv/python/cpython-3.11.14-linux-x86_64-gnu/lib/python3.11/idlelib/searchengine.py
f	664	994:993	742	/home/woa23c1ro/.local/share/uv/python/cpython-3.11.14-linux-x86_64-gnu/share/terminfo/h/hp2621b-kx
f	664	994:993	743	/home/woa23c1ro/.local/share/uv/python/cpython-3.11.14-linux-x86_64-gnu/include/python3.11/internal/pycore_import.h
f	664	994:993	743	/home/woa23c1ro/.local/share/uv/python/cpython-3.11.14-linux-x86_64-gnu/lib/python3.11/importlib/metadata/_collections.py
f	664	994:993	743	/home/woa23c1ro/.local/share/uv/python/cpython-3.11.14-linux-x86_64-gnu/lib/python3.11/site-packages/setuptools/_vendor/importlib_metadata/_collections.py
f	664	994:993	743	/home/woa23c1ro/.local/share/uv/python/cpython-3.11.14-linux-x86_64-gnu/share/terminfo/p/prism4
f	664	994:993	743	/home/woa23c1ro/.local/share/uv/python/cpython-3.11.14-linux-x86_64-gnu/share/terminfo/p/prism5
f	664	994:993	74399	/home/woa23c1ro/.local/share/uv/python/cpython-3.11.14-linux-x86_64-gnu/lib/python3.11/xml/etree/ElementTree.py
f	664	994:993	7448	/home/woa23c1ro/.local/share/uv/python/cpython-3.11.14-linux-x86_64-gnu/lib/python3.11/sndhdr.py
f	664	994:993	7489	/home/woa23c1ro/.local/share/uv/python/cpython-3.11.14-linux-x86_64-gnu/lib/python3.11/getopt.py
f	664	994:993	749	/home/woa23c1ro/.local/share/uv/python/cpython-3.11.14-linux-x86_64-gnu/share/terminfo/d/ddr
f	664	994:993	75	/home/woa23c1ro/.local/share/uv/python/cpython-3.11.14-linux-x86_64-gnu/lib/python3.11/ctypes/macholib/fetch_macholib.bat
f	664	994:993	75	/home/woa23c1ro/.local/share/uv/python/cpython-3.11.14-linux-x86_64-gnu/lib/python3.11/idlelib/Icons/minusnode.gif
f	664	994:993	751	/home/woa23c1ro/.local/share/uv/python/cpython-3.11.14-linux-x86_64-gnu/lib/python3.11/site-packages/pip-25.3.dist-info/licenses/src/pip/_vendor/resolvelib/LICENSE
f	664	994:993	751	/home/woa23c1ro/.local/share/uv/python/cpython-3.11.14-linux-x86_64-gnu/lib/python3.11/site-packages/pip/_vendor/resolvelib/LICENSE
f	664	994:993	751	/home/woa23c1ro/.local/share/uv/python/cpython-3.11.14-linux-x86_64-gnu/share/terminfo/t/tek4115
f	664	994:993	752	/home/woa23c1ro/.local/share/uv/python/cpython-3.11.14-linux-x86_64-gnu/lib/tcl8.6/msgs/zh_hk.msg
f	664	994:993	7526	/home/woa23c1ro/.local/share/uv/python/cpython-3.11.14-linux-x86_64-gnu/lib/python3.11/idlelib/grep.py
f	664	994:993	753	/home/woa23c1ro/.local/share/uv/python/cpython-3.11.14-linux-x86_64-gnu/lib/python3.11/site-packages/pip/_internal/models/candidate.py
f	664	994:993	753	/home/woa23c1ro/.local/share/uv/python/cpython-3.11.14-linux-x86_64-gnu/share/terminfo/q/qvt103
f	664	994:993	7535	/home/woa23c1ro/.local/share/uv/python/cpython-3.11.14-linux-x86_64-gnu/lib/python3.11/zipapp.py
f	664	994:993	75383	/home/woa23c1ro/.local/share/uv/python/cpython-3.11.14-linux-x86_64-gnu/lib/python3.11/html/entities.py
f	664	994:993	75384	/home/woa23c1ro/.local/share/uv/python/cpython-3.11.14-linux-x86_64-gnu/lib/python3.11/asyncio/base_events.py
f	664	994:993	754	/home/woa23c1ro/.local/share/uv/python/cpython-3.11.14-linux-x86_64-gnu/share/terminfo/p/p8gl
f	664	994:993	75533	/home/woa23c1ro/.local/share/uv/python/cpython-3.11.14-linux-x86_64-gnu/lib/python3.11/site-packages/setuptools-80.9.0.dist-info/RECORD
f	664	994:993	756	/home/woa23c1ro/.local/share/uv/python/cpython-3.11.14-linux-x86_64-gnu/share/terminfo/a/ansi-generic
f	664	994:993	7567	/home/woa23c1ro/.local/share/uv/python/cpython-3.11.14-linux-x86_64-gnu/include/python3.11/internal/pycore_frame.h
f	664	994:993	758	/home/woa23c1ro/.local/share/uv/python/cpython-3.11.14-linux-x86_64-gnu/share/terminfo/q/qvt103-w
f	664	994:993	761	/home/woa23c1ro/.local/share/uv/python/cpython-3.11.14-linux-x86_64-gnu/share/terminfo/m/mterm-ansi
f	664	994:993	7621	/home/woa23c1ro/.local/share/uv/python/cpython-3.11.14-linux-x86_64-gnu/lib/python3.11/distutils/command/upload.py
f	664	994:993	7634	/home/woa23c1ro/.local/share/uv/python/cpython-3.11.14-linux-x86_64-gnu/lib/python3.11/site-packages/setuptools/_vendor/autocommand-2.2.2.dist-info/LICENSE
f	664	994:993	7646	/home/woa23c1ro/.local/share/uv/python/cpython-3.11.14-linux-x86_64-gnu/lib/python3.11/site-packages/pip/_internal/network/lazy_wheel.py
f	664	994:993	7649	/home/woa23c1ro/.local/share/uv/python/cpython-3.11.14-linux-x86_64-gnu/lib/tk8.6/demos/pendulum.tcl
f	664	994:993	7657	/home/woa23c1ro/.local/share/uv/python/cpython-3.11.14-linux-x86_64-gnu/lib/python3.11/curses/textpad.py
f	664	994:993	7677	/home/woa23c1ro/.local/share/uv/python/cpython-3.11.14-linux-x86_64-gnu/lib/python3.11/copyreg.py
f	664	994:993	768	/home/woa23c1ro/.local/share/uv/python/cpython-3.11.14-linux-x86_64-gnu/lib/python3.11/lib2to3/fixes/fix_numliterals.py
f	664	994:993	7682	/home/woa23c1ro/.local/share/uv/python/cpython-3.11.14-linux-x86_64-gnu/lib/python3.11/asyncio/subprocess.py
f	664	994:993	77	/home/woa23c1ro/.local/share/uv/python/cpython-3.11.14-linux-x86_64-gnu/share/terminfo/a/ansi+erase
f	664	994:993	77032	/home/woa23c1ro/.local/share/uv/python/cpython-3.11.14-linux-x86_64-gnu/lib/python3.11/tkinter/tix.py
f	664	994:993	771	/home/woa23c1ro/.local/share/uv/python/cpython-3.11.14-linux-x86_64-gnu/lib/python3.11/distutils/command/__init__.py
f	664	994:993	7716	/home/woa23c1ro/.local/share/uv/python/cpython-3.11.14-linux-x86_64-gnu/lib/python3.11/hmac.py
f	664	994:993	7716	/home/woa23c1ro/.local/share/uv/python/cpython-3.11.14-linux-x86_64-gnu/lib/python3.11/site-packages/pip/_internal/locations/_sysconfig.py
f	664	994:993	772	/home/woa23c1ro/.local/share/uv/python/cpython-3.11.14-linux-x86_64-gnu/include/python3.11/intrcheck.h
f	664	994:993	775	/home/woa23c1ro/.local/share/uv/python/cpython-3.11.14-linux-x86_64-gnu/lib/python3.11/site-packages/setuptools/tests/test_bdist_deprecations.py
f	664	994:993	775	/home/woa23c1ro/.local/share/uv/python/cpython-3.11.14-linux-x86_64-gnu/share/terminfo/a/att4424
f	664	994:993	77517	/home/woa23c1ro/.local/share/uv/python/cpython-3.11.14-linux-x86_64-gnu/lib/python3.11/http/cookiejar.py
f	664	994:993	775171	/home/woa23c1ro/.local/share/uv/python/cpython-3.11.14-linux-x86_64-gnu/lib/python3.11/pydoc_data/topics.py
f	664	994:993	77602	/home/woa23c1ro/.local/share/uv/python/cpython-3.11.14-linux-x86_64-gnu/lib/python3.11/site-packages/pip/_vendor/pygments/lexers/_mapping.py
f	664	994:993	7777	/home/woa23c1ro/.local/share/uv/python/cpython-3.11.14-linux-x86_64-gnu/lib/python3.11/site-packages/setuptools/_distutils/command/build_clib.py
f	664	994:993	7778	/home/woa23c1ro/.local/share/uv/python/cpython-3.11.14-linux-x86_64-gnu/lib/python3.11/distutils/dir_util.py
f	664	994:993	78	/home/woa23c1ro/.local/share/uv/python/cpython-3.11.14-linux-x86_64-gnu/lib/python3.11/idlelib/Icons/plusnode.gif
f	664	994:993	780	/home/woa23c1ro/.local/share/uv/python/cpython-3.11.14-linux-x86_64-gnu/lib/python3.11/site-packages/setuptools/command/easy_install.py
f	664	994:993	781	/home/woa23c1ro/.local/share/uv/python/cpython-3.11.14-linux-x86_64-gnu/lib/python3.11/site-packages/setuptools/_vendor/wheel/_setuptools_logging.py
f	664	994:993	781	/home/woa23c1ro/.local/share/uv/python/cpython-3.11.14-linux-x86_64-gnu/share/terminfo/h/hp2621b-kx-p
f	664	994:993	7817	/home/woa23c1ro/.local/share/uv/python/cpython-3.11.14-linux-x86_64-gnu/include/python3.11/cpython/initconfig.h
f	664	994:993	7819	/home/woa23c1ro/.local/share/uv/python/cpython-3.11.14-linux-x86_64-gnu/lib/python3.11/site-packages/setuptools/tests/test_find_packages.py
f	664	994:993	7827	/home/woa23c1ro/.local/share/uv/python/cpython-3.11.14-linux-x86_64-gnu/lib/python3.11/rlcompleter.py
f	664	994:993	78306	/home/woa23c1ro/.local/share/uv/python/cpython-3.11.14-linux-x86_64-gnu/lib/python3.11/site-packages/pip/_vendor/idna/idnadata.py
f	664	994:993	7837	/home/woa23c1ro/.local/share/uv/python/cpython-3.11.14-linux-x86_64-gnu/lib/python3.11/py_compile.py
f	664	994:993	78525	/home/woa23c1ro/.local/share/uv/python/cpython-3.11.14-linux-x86_64-gnu/lib/python3.11/idlelib/help.html
f	664	994:993	7856	/home/woa23c1ro/.local/share/uv/python/cpython-3.11.14-linux-x86_64-gnu/lib/python3.11/idlelib/searchbase.py
f	664	994:993	786	/home/woa23c1ro/.local/share/uv/python/cpython-3.11.14-linux-x86_64-gnu/share/terminfo/u/uts30
f	664	994:993	7868	/home/woa23c1ro/.local/share/uv/python/cpython-3.11.14-linux-x86_64-gnu/lib/python3.11/site-packages/setuptools/tests/test_windows_wrappers.py
f	664	994:993	78830	/home/woa23c1ro/.local/share/uv/python/cpython-3.11.14-linux-x86_64-gnu/lib/python3.11/mailbox.py
f	664	994:993	7896	/home/woa23c1ro/.local/share/uv/python/cpython-3.11.14-linux-x86_64-gnu/lib/python3.11/site-packages/pip/_vendor/rich/__main__.py
f	664	994:993	790	/home/woa23c1ro/.local/share/uv/python/cpython-3.11.14-linux-x86_64-gnu/lib/python3.11/asyncio/threads.py
f	664	994:993	790	/home/woa23c1ro/.local/share/uv/python/cpython-3.11.14-linux-x86_64-gnu/lib/python3.11/site-packages/setuptools/compat/py311.py
f	664	994:993	7908	/home/woa23c1ro/.local/share/uv/python/cpython-3.11.14-linux-x86_64-gnu/lib/tcl8.6/history.tcl
f	664	994:993	79095	/home/woa23c1ro/.local/share/uv/python/cpython-3.11.14-linux-x86_64-gnu/lib/python3.11/locale.py
f	664	994:993	7913	/home/woa23c1ro/.local/share/uv/python/cpython-3.11.14-linux-x86_64-gnu/lib/python3.11/http/__init__.py
f	664	994:993	792	/home/woa23c1ro/.local/share/uv/python/cpython-3.11.14-linux-x86_64-gnu/share/terminfo/d/dg-generic
f	664	994:993	793	/home/woa23c1ro/.local/share/uv/python/cpython-3.11.14-linux-x86_64-gnu/lib/python3.11/lib2to3/PatternGrammar.txt
f	664	994:993	794	/home/woa23c1ro/.local/share/uv/python/cpython-3.11.14-linux-x86_64-gnu/share/terminfo/p/putty+fnkeys+sco
f	664	994:993	79583	/home/woa23c1ro/.local/share/uv/python/cpython-3.11.14-linux-x86_64-gnu/lib/python3.11/enum.py
f	664	994:993	796	/home/woa23c1ro/.local/share/uv/python/cpython-3.11.14-linux-x86_64-gnu/share/terminfo/a/att4424-1
f	664	994:993	797	/home/woa23c1ro/.local/share/uv/python/cpython-3.11.14-linux-x86_64-gnu/share/terminfo/v/vt50h
f	664	994:993	7974	/home/woa23c1ro/.local/share/uv/python/cpython-3.11.14-linux-x86_64-gnu/lib/python3.11/asyncio/queues.py
f	664	994:993	7978	/home/woa23c1ro/.local/share/uv/python/cpython-3.11.14-linux-x86_64-gnu/lib/python3.11/site-packages/setuptools/_distutils/file_util.py
f	664	994:993	798	/home/woa23c1ro/.local/share/uv/python/cpython-3.11.14-linux-x86_64-gnu/lib/python3.11/site-packages/setuptools/tests/test_build.py
f	664	994:993	7981	/home/woa23c1ro/.local/share/uv/python/cpython-3.11.14-linux-x86_64-gnu/lib/python3.11/site-packages/pip/_vendor/pygments/sphinxext.py
f	664	994:993	7988	/home/woa23c1ro/.local/share/uv/python/cpython-3.11.14-linux-x86_64-gnu/lib/python3.11/site-packages/setuptools/_distutils/tests/test_util.py
f	664	994:993	799	/home/woa23c1ro/.local/share/uv/python/cpython-3.11.14-linux-x86_64-gnu/lib/python3.11/site-packages/pip/_vendor/rich/_fileno.py
f	664	994:993	8	/home/woa23c1ro/.local/share/uv/python/cpython-3.11.14-linux-x86_64-gnu/BUILD
f	664	994:993	8	/home/woa23c1ro/.local/share/uv/python/cpython-3.11.14-linux-x86_64-gnu/lib/python3.11/site-packages/setuptools/_vendor/inflect-7.3.1.dist-info/top_level.txt
f	664	994:993	80	/home/woa23c1ro/.local/share/uv/python/cpython-3.11.14-linux-x86_64-gnu/share/terminfo/m/megatek
f	664	994:993	8022	/home/woa23c1ro/.local/share/uv/python/cpython-3.11.14-linux-x86_64-gnu/lib/python3.11/distutils/command/build_clib.py
f	664	994:993	803	/home/woa23c1ro/.local/share/uv/python/cpython-3.11.14-linux-x86_64-gnu/lib/python3.11/site-packages/setuptools/command/__init__.py
f	664	994:993	804	/home/woa23c1ro/.local/share/uv/python/cpython-3.11.14-linux-x86_64-gnu/share/terminfo/i/ibmpc
f	664	994:993	8041	/home/woa23c1ro/.local/share/uv/python/cpython-3.11.14-linux-x86_64-gnu/lib/python3.11/site-packages/pip/_vendor/dependency_groups/_implementation.py
f	664	994:993	80453	/home/woa23c1ro/.local/share/uv/python/cpython-3.11.14-linux-x86_64-gnu/lib/tcl8.6/encoding/jis0208.enc
f	664	994:993	806	/home/woa23c1ro/.local/share/uv/python/cpython-3.11.14-linux-x86_64-gnu/share/terminfo/d/dgkeys+15
f	664	994:993	806	/home/woa23c1ro/.local/share/uv/python/cpython-3.11.14-linux-x86_64-gnu/share/terminfo/h/hirez100
f	664	994:993	8066	/home/woa23c1ro/.local/share/uv/python/cpython-3.11.14-linux-x86_64-gnu/lib/python3.11/site-packages/pip/_internal/commands/show.py
f	664	994:993	80677	/home/woa23c1ro/.local/share/uv/python/cpython-3.11.14-linux-x86_64-gnu/lib/python3.11/logging/__init__.py
f	664	994:993	807	/home/woa23c1ro/.local/share/uv/python/cpython-3.11.14-linux-x86_64-gnu/share/terminfo/a/att4426
f	664	994:993	8076	/home/woa23c1ro/.local/share/uv/python/cpython-3.11.14-linux-x86_64-gnu/lib/python3.11/site-packages/pip/_internal/resolution/resolvelib/requirements.py
f	664	994:993	808	/home/woa23c1ro/.local/share/uv/python/cpython-3.11.14-linux-x86_64-gnu/lib/python3.11/ensurepip/_uninstall.py
f	664	994:993	808	/home/woa23c1ro/.local/share/uv/python/cpython-3.11.14-linux-x86_64-gnu/share/terminfo/x/xterm+nopcfkeys
f	664	994:993	81	/home/woa23c1ro/.local/share/uv/python/cpython-3.11.14-linux-x86_64-gnu/lib/python3.11/site-packages/setuptools/_vendor/backports/__init__.py
f	664	994:993	81	/home/woa23c1ro/.local/share/uv/python/cpython-3.11.14-linux-x86_64-gnu/lib/python3.11/site-packages/setuptools/_vendor/more_itertools-10.3.0.dist-info/WHEEL
f	664	994:993	81	/home/woa23c1ro/.local/share/uv/python/cpython-3.11.14-linux-x86_64-gnu/lib/python3.11/site-packages/setuptools/_vendor/tomli-2.0.1.dist-info/WHEEL
f	664	994:993	81	/home/woa23c1ro/.local/share/uv/python/cpython-3.11.14-linux-x86_64-gnu/lib/python3.11/site-packages/setuptools/_vendor/typing_extensions-4.12.2.dist-info/WHEEL
f	664	994:993	810	/home/woa23c1ro/.local/share/uv/python/cpython-3.11.14-linux-x86_64-gnu/share/terminfo/o/oc100
f	664	994:993	81000	/home/woa23c1ro/.local/share/uv/python/cpython-3.11.14-linux-x86_64-gnu/lib/tk8.6/demos/floor.tcl
f	664	994:993	8110	/home/woa23c1ro/.local/share/uv/python/cpython-3.11.14-linux-x86_64-gnu/lib/tk8.6/demos/arrow.tcl
f	664	994:993	812	/home/woa23c1ro/.local/share/uv/python/cpython-3.11.14-linux-x86_64-gnu/lib/tcl8.6/msgs/de_at.msg
f	664	994:993	81414	/home/woa23c1ro/.local/share/uv/python/cpython-3.11.14-linux-x86_64-gnu/lib/python3.11/ipaddress.py
f	664	994:993	8148	/home/woa23c1ro/.local/share/uv/python/cpython-3.11.14-linux-x86_64-gnu/lib/python3.11/distutils/file_util.py
f	664	994:993	8155	/home/woa23c1ro/.local/share/uv/python/cpython-3.11.14-linux-x86_64-gnu/lib/python3.11/lib2to3/pgen2/parse.py
f	664	994:993	8157	/home/woa23c1ro/.local/share/uv/python/cpython-3.11.14-linux-x86_64-gnu/lib/tk8.6/demos/images/earthmenu.png
f	664	994:993	816	/home/woa23c1ro/.local/share/uv/python/cpython-3.11.14-linux-x86_64-gnu/lib/tcl8.6/parray.tcl
f	664	994:993	816	/home/woa23c1ro/.local/share/uv/python/cpython-3.11.14-linux-x86_64-gnu/share/terminfo/d/dg6053
f	664	994:993	816	/home/woa23c1ro/.local/share/uv/python/cpython-3.11.14-linux-x86_64-gnu/share/terminfo/r/rt6221
f	664	994:993	8162	/home/woa23c1ro/.local/share/uv/python/cpython-3.11.14-linux-x86_64-gnu/lib/python3.11/site-packages/pip/_vendor/rich/progress_bar.py
f	664	994:993	817	/home/woa23c1ro/.local/share/uv/python/cpython-3.11.14-linux-x86_64-gnu/lib/python3.11/site-packages/pip/_internal/cli/command_context.py
f	664	994:993	8174	/home/woa23c1ro/.local/share/uv/python/cpython-3.11.14-linux-x86_64-gnu/lib/tk8.6/palette.tcl
f	664	994:993	818	/home/woa23c1ro/.local/share/uv/python/cpython-3.11.14-linux-x86_64-gnu/include/python3.11/cpython/fileobject.h
f	664	994:993	8197	/home/woa23c1ro/.local/share/uv/python/cpython-3.11.14-linux-x86_64-gnu/lib/python3.11/lib2to3/fixes/fix_metaclass.py
f	664	994:993	82	/home/woa23c1ro/.local/share/uv/python/cpython-3.11.14-linux-x86_64-gnu/lib/python3.11/site-packages/pip-25.3.dist-info/WHEEL
f	664	994:993	82	/home/woa23c1ro/.local/share/uv/python/cpython-3.11.14-linux-x86_64-gnu/lib/python3.11/site-packages/setuptools/_vendor/packaging-24.2.dist-info/WHEEL
f	664	994:993	82	/home/woa23c1ro/.local/share/uv/python/cpython-3.11.14-linux-x86_64-gnu/lib/python3.11/site-packages/setuptools/_vendor/wheel-0.45.1.dist-info/WHEEL
f	664	994:993	82	/home/woa23c1ro/.local/share/uv/python/cpython-3.11.14-linux-x86_64-gnu/lib/python3.11/xml/etree/cElementTree.py
f	664	994:993	820	/home/woa23c1ro/.local/share/uv/python/cpython-3.11.14-linux-x86_64-gnu/lib/python3.11/site-packages/setuptools/launch.py
f	664	994:993	820	/home/woa23c1ro/.local/share/uv/python/cpython-3.11.14-linux-x86_64-gnu/share/terminfo/r/rt6221-w
f	664	994:993	8217	/home/woa23c1ro/.local/share/uv/python/cpython-3.11.14-linux-x86_64-gnu/lib/python3.11/site-packages/pip/_vendor/urllib3/exceptions.py
f	664	994:993	8229	/home/woa23c1ro/.local/share/uv/python/cpython-3.11.14-linux-x86_64-gnu/include/python3.11/cpython/abstract.h
f	664	994:993	8230	/home/woa23c1ro/.local/share/uv/python/cpython-3.11.14-linux-x86_64-gnu/lib/python3.11/site-packages/pip/_internal/commands/cache.py
f	664	994:993	8232	/home/woa23c1ro/.local/share/uv/python/cpython-3.11.14-linux-x86_64-gnu/lib/python3.11/site-packages/setuptools/_vendor/wheel/vendored/packaging/markers.py
f	664	994:993	824	/home/woa23c1ro/.local/share/uv/python/cpython-3.11.14-linux-x86_64-gnu/share/terminfo/x/xterm+pcc0
f	664	994:993	824	/home/woa23c1ro/.local/share/uv/python/cpython-3.11.14-linux-x86_64-gnu/share/terminfo/x/xterm+pcc1
f	664	994:993	82537	/home/woa23c1ro/.local/share/uv/python/cpython-3.11.14-linux-x86_64-gnu/lib/tcl8.6/encoding/euc-jp.enc
f	664	994:993	8256	/home/woa23c1ro/.local/share/uv/python/cpython-3.11.14-linux-x86_64-gnu/lib/python3.11/site-packages/setuptools/tests/integration/test_pip_install_sdist.py
f	664	994:993	8257	/home/woa23c1ro/.local/share/uv/python/cpython-3.11.14-linux-x86_64-gnu/lib/python3.11/site-packages/pip/_vendor/rich/default_styles.py
f	664	994:993	827	/home/woa23c1ro/.local/share/uv/python/cpython-3.11.14-linux-x86_64-gnu/include/python3.11/marshal.h
f	664	994:993	8273	/home/woa23c1ro/.local/share/uv/python/cpython-3.11.14-linux-x86_64-gnu/lib/python3.11/idlelib/runscript.py
f	664	994:993	828	/home/woa23c1ro/.local/share/uv/python/cpython-3.11.14-linux-x86_64-gnu/lib/python3.11/site-packages/pip/_vendor/rich/pager.py
f	664	994:993	828	/home/woa23c1ro/.local/share/uv/python/cpython-3.11.14-linux-x86_64-gnu/lib/tk8.6/demos/dialog2.tcl
f	664	994:993	828	/home/woa23c1ro/.local/share/uv/python/cpython-3.11.14-linux-x86_64-gnu/share/terminfo/h/hirez100-w
f	664	994:993	8287	/home/woa23c1ro/.local/share/uv/python/cpython-3.11.14-linux-x86_64-gnu/lib/tk8.6/ttk/utils.tcl
f	664	994:993	832	/home/woa23c1ro/.local/share/uv/python/cpython-3.11.14-linux-x86_64-gnu/share/terminfo/c/c100
f	664	994:993	83308	/home/woa23c1ro/.local/share/uv/python/cpython-3.11.14-linux-x86_64-gnu/lib/python3.11/difflib.py
f	664	994:993	834	/home/woa23c1ro/.local/share/uv/python/cpython-3.11.14-linux-x86_64-gnu/share/terminfo/m/mgr-linux
f	664	994:993	836	/home/woa23c1ro/.local/share/uv/python/cpython-3.11.14-linux-x86_64-gnu/lib/python3.11/site-packages/setuptools/_discovery.py
f	664	994:993	836	/home/woa23c1ro/.local/share/uv/python/cpython-3.11.14-linux-x86_64-gnu/share/terminfo/m/morphos
f	664	994:993	836	/home/woa23c1ro/.local/share/uv/python/cpython-3.11.14-linux-x86_64-gnu/share/terminfo/m/mt4520-rv
f	664	994:993	8367	/home/woa23c1ro/.local/share/uv/python/cpython-3.11.14-linux-x86_64-gnu/lib/python3.11/lib2to3/fixes/fix_urllib.py
f	664	994:993	8368	/home/woa23c1ro/.local/share/uv/python/cpython-3.11.14-linux-x86_64-gnu/lib/tk8.6/comdlg.tcl
f	664	994:993	837	/home/woa23c1ro/.local/share/uv/python/cpython-3.11.14-linux-x86_64-gnu/lib/python3.11/lib2to3/fixes/fix_reduce.py
f	664	994:993	838	/home/woa23c1ro/.local/share/uv/python/cpython-3.11.14-linux-x86_64-gnu/share/terminfo/c/c100-rv
f	664	994:993	8386	/home/woa23c1ro/.local/share/uv/python/cpython-3.11.14-linux-x86_64-gnu/lib/tk8.6/scale.tcl
f	664	994:993	839	/home/woa23c1ro/.local/share/uv/python/cpython-3.11.14-linux-x86_64-gnu/share/terminfo/v/vt52
f	664	994:993	8397	/home/woa23c1ro/.local/share/uv/python/cpython-3.11.14-linux-x86_64-gnu/lib/python3.11/distutils/command/install_lib.py
f	664	994:993	84	/home/woa23c1ro/.local/share/uv/python/cpython-3.11.14-linux-x86_64-gnu/lib/python3.11/site-packages/pip-25.3.dist-info/entry_points.txt
f	664	994:993	841	/home/woa23c1ro/.local/share/uv/python/cpython-3.11.14-linux-x86_64-gnu/share/terminfo/n/nsterm+c41
f	664	994:993	8411	/home/woa23c1ro/.local/share/uv/python/cpython-3.11.14-linux-x86_64-gnu/lib/python3.11/site-packages/setuptools/_vendor/wheel/wheelfile.py
f	664	994:993	842	/home/woa23c1ro/.local/share/uv/python/cpython-3.11.14-linux-x86_64-gnu/include/python3.11/internal/pycore_exceptions.h
f	664	994:993	842	/home/woa23c1ro/.local/share/uv/python/cpython-3.11.14-linux-x86_64-gnu/share/terminfo/m/mt70
f	664	994:993	8420	/home/woa23c1ro/.local/share/uv/python/cpython-3.11.14-linux-x86_64-gnu/lib/python3.11/site-packages/pip/_internal/metadata/importlib/_dists.py
f	664	994:993	8428	/home/woa23c1ro/.local/share/uv/python/cpython-3.11.14-linux-x86_64-gnu/include/python3.11/objimpl.h
f	664	994:993	843	/home/woa23c1ro/.local/share/uv/python/cpython-3.11.14-linux-x86_64-gnu/lib/python3.11/site-packages/pkg_resources/tests/data/my-test-package_zipped-egg/my_test_package-1.0-py3.7.egg
f	664	994:993	843	/home/woa23c1ro/.local/share/uv/python/cpython-3.11.14-linux-x86_64-gnu/lib/python3.11/site-packages/setuptools/_vendor/jaraco.functools-4.0.1.dist-info/RECORD
f	664	994:993	845	/home/woa23c1ro/.local/share/uv/python/cpython-3.11.14-linux-x86_64-gnu/lib/python3.11/site-packages/setuptools/tests/test_archive_util.py
f	664	994:993	8451	/home/woa23c1ro/.local/share/uv/python/cpython-3.11.14-linux-x86_64-gnu/lib/python3.11/site-packages/pip/_vendor/rich/markup.py
f	664	994:993	84532	/home/woa23c1ro/.local/share/uv/python/cpython-3.11.14-linux-x86_64-gnu/lib/tcl8.6/encoding/gb2312-raw.enc
f	664	994:993	846	/home/woa23c1ro/.local/share/uv/python/cpython-3.11.14-linux-x86_64-gnu/include/python3.11/cpython/picklebufobject.h
f	664	994:993	846	/home/woa23c1ro/.local/share/uv/python/cpython-3.11.14-linux-x86_64-gnu/share/terminfo/t/tek4207-s
f	664	994:993	847	/home/woa23c1ro/.local/share/uv/python/cpython-3.11.14-linux-x86_64-gnu/share/terminfo/x/xnuppc+c
f	664	994:993	8471	/home/woa23c1ro/.local/share/uv/python/cpython-3.11.14-linux-x86_64-gnu/lib/python3.11/asyncio/taskgroups.py
f	664	994:993	8471	/home/woa23c1ro/.local/share/uv/python/cpython-3.11.14-linux-x86_64-gnu/lib/python3.11/site-packages/pip/_internal/self_outdated_check.py
f	664	994:993	8478	/home/woa23c1ro/.local/share/uv/python/cpython-3.11.14-linux-x86_64-gnu/lib/python3.11/idlelib/TODO.txt
f	664	994:993	848	/home/woa23c1ro/.local/share/uv/python/cpython-3.11.14-linux-x86_64-gnu/share/terminfo/s/stv52pc
f	664	994:993	85	/home/woa23c1ro/.local/share/uv/python/cpython-3.11.14-linux-x86_64-gnu/share/terminfo/i/ibm327x
f	664	994:993	850	/home/woa23c1ro/.local/share/uv/python/cpython-3.11.14-linux-x86_64-gnu/share/terminfo/9/9term
f	664	994:993	851	/home/woa23c1ro/.local/share/uv/python/cpython-3.11.14-linux-x86_64-gnu/include/python3.11/pytypedefs.h
f	664	994:993	851	/home/woa23c1ro/.local/share/uv/python/cpython-3.11.14-linux-x86_64-gnu/share/terminfo/v/vt420+lrmm
f	664	994:993	8518	/home/woa23c1ro/.local/share/uv/python/cpython-3.11.14-linux-x86_64-gnu/lib/python3.11/unittest/result.py
f	664	994:993	8527	/home/woa23c1ro/.local/share/uv/python/cpython-3.11.14-linux-x86_64-gnu/lib/tk8.6/msgs/ru.msg
f	664	994:993	853	/home/woa23c1ro/.local/share/uv/python/cpython-3.11.14-linux-x86_64-gnu/share/terminfo/x/xterm+x10mouse
f	664	994:993	8534	/home/woa23c1ro/.local/share/uv/python/cpython-3.11.14-linux-x86_64-gnu/lib/tk8.6/bgerror.tcl
f	664	994:993	854	/home/woa23c1ro/.local/share/uv/python/cpython-3.11.14-linux-x86_64-gnu/lib/python3.11/site-packages/pip/__main__.py
f	664	994:993	8541	/home/woa23c1ro/.local/share/uv/python/cpython-3.11.14-linux-x86_64-gnu/lib/python3.11/email/_encoded_words.py
f	664	994:993	855	/home/woa23c1ro/.local/share/uv/python/cpython-3.11.14-linux-x86_64-gnu/share/terminfo/q/qvt203
f	664	994:993	855	/home/woa23c1ro/.local/share/uv/python/cpython-3.11.14-linux-x86_64-gnu/share/terminfo/q/qvt203-25-w
f	664	994:993	85574	/home/woa23c1ro/.local/share/uv/python/cpython-3.11.14-linux-x86_64-gnu/lib/tcl8.6/encoding/euc-cn.enc
f	664	994:993	85574	/home/woa23c1ro/.local/share/uv/python/cpython-3.11.14-linux-x86_64-gnu/lib/tcl8.6/encoding/gb2312.enc
f	664	994:993	856	/home/woa23c1ro/.local/share/uv/python/cpython-3.11.14-linux-x86_64-gnu/share/terminfo/s/st52
f	664	994:993	8560	/home/woa23c1ro/.local/share/uv/python/cpython-3.11.14-linux-x86_64-gnu/lib/python3.11/shelve.py
f	664	994:993	8572	/home/woa23c1ro/.local/share/uv/python/cpython-3.11.14-linux-x86_64-gnu/lib/python3.11/distutils/archive_util.py
f	664	994:993	8579	/home/woa23c1ro/.local/share/uv/python/cpython-3.11.14-linux-x86_64-gnu/lib/python3.11/site-packages/pip/_vendor/urllib3/fields.py
f	664	994:993	858	/home/woa23c1ro/.local/share/uv/python/cpython-3.11.14-linux-x86_64-gnu/lib/python3.11/site-packages/pip/_internal/distributions/__init__.py
f	664	994:993	8588	/home/woa23c1ro/.local/share/uv/python/cpython-3.11.14-linux-x86_64-gnu/lib/python3.11/idlelib/browser.py
f	664	994:993	8588	/home/woa23c1ro/.local/share/uv/python/cpython-3.11.14-linux-x86_64-gnu/lib/python3.11/site-packages/setuptools/_distutils/command/install_lib.py
f	664	994:993	8593	/home/woa23c1ro/.local/share/uv/python/cpython-3.11.14-linux-x86_64-gnu/lib/python3.11/config-3.11-x86_64-linux-gnu/config.c
f	664	994:993	86	/home/woa23c1ro/.local/share/uv/python/cpython-3.11.14-linux-x86_64-gnu/share/terminfo/n/no+brackets
f	664	994:993	86	/home/woa23c1ro/.local/share/uv/python/cpython-3.11.14-linux-x86_64-gnu/share/terminfo/x/xnuppc+80x25
f	664	994:993	86	/home/woa23c1ro/.local/share/uv/python/cpython-3.11.14-linux-x86_64-gnu/share/terminfo/x/xnuppc+80x30
f	664	994:993	86	/home/woa23c1ro/.local/share/uv/python/cpython-3.11.14-linux-x86_64-gnu/share/terminfo/x/xnuppc+90x30
f	664	994:993	8602	/home/woa23c1ro/.local/share/uv/python/cpython-3.11.14-linux-x86_64-gnu/lib/python3.11/site-packages/pkg_resources/tests/test_working_set.py
f	664	994:993	8618	/home/woa23c1ro/.local/share/uv/python/cpython-3.11.14-linux-x86_64-gnu/lib/python3.11/site-packages/setuptools/_distutils/tests/test_install.py
f	664	994:993	862	/home/woa23c1ro/.local/share/uv/python/cpython-3.11.14-linux-x86_64-gnu/share/terminfo/i/ims950-b
f	664	994:993	8639	/home/woa23c1ro/.local/share/uv/python/cpython-3.11.14-linux-x86_64-gnu/lib/python3.11/site-packages/pip/_internal/index/sources.py
f	664	994:993	864	/home/woa23c1ro/.local/share/uv/python/cpython-3.11.14-linux-x86_64-gnu/share/terminfo/a/altos7
f	664	994:993	864	/home/woa23c1ro/.local/share/uv/python/cpython-3.11.14-linux-x86_64-gnu/share/terminfo/v/viewdata-o
f	664	994:993	86619	/home/woa23c1ro/.local/share/uv/python/cpython-3.11.14-linux-x86_64-gnu/lib/tcl8.6/encoding/gb12345.enc
f	664	994:993	867	/home/woa23c1ro/.local/share/uv/python/cpython-3.11.14-linux-x86_64-gnu/share/terminfo/h/hz1552
f	664	994:993	867	/home/woa23c1ro/.local/share/uv/python/cpython-3.11.14-linux-x86_64-gnu/share/terminfo/k/klone+color
f	664	994:993	868	/home/woa23c1ro/.local/share/uv/python/cpython-3.11.14-linux-x86_64-gnu/lib/python3.11/site-packages/pip/_vendor/idna/__init__.py
f	664	994:993	868	/home/woa23c1ro/.local/share/uv/python/cpython-3.11.14-linux-x86_64-gnu/share/terminfo/a/altos2
f	664	994:993	8681	/home/woa23c1ro/.local/share/uv/python/cpython-3.11.14-linux-x86_64-gnu/lib/python3.11/copy.py
f	664	994:993	8688	/home/woa23c1ro/.local/share/uv/python/cpython-3.11.14-linux-x86_64-gnu/include/python3.11/internal/pycore_blocks_output_buffer.h
f	664	994:993	869	/home/woa23c1ro/.local/share/uv/python/cpython-3.11.14-linux-x86_64-gnu/share/terminfo/x/xterm+sm+1006
f	664	994:993	8696	/home/woa23c1ro/.local/share/uv/python/cpython-3.11.14-linux-x86_64-gnu/lib/python3.11/lib2to3/Grammar.txt
f	664	994:993	8698	/home/woa23c1ro/.local/share/uv/python/cpython-3.11.14-linux-x86_64-gnu/lib/tk8.6/msgs/el.msg
f	664	994:993	87	/home/woa23c1ro/.local/share/uv/python/cpython-3.11.14-linux-x86_64-gnu/lib/python3.11/curses/panel.py
f	664	994:993	87	/home/woa23c1ro/.local/share/uv/python/cpython-3.11.14-linux-x86_64-gnu/lib/python3.11/site-packages/setuptools/_vendor/platformdirs-4.2.2.dist-info/WHEEL
f	664	994:993	871	/home/woa23c1ro/.local/share/uv/python/cpython-3.11.14-linux-x86_64-gnu/share/terminfo/e/ecma+color
f	664	994:993	871	/home/woa23c1ro/.local/share/uv/python/cpython-3.11.14-linux-x86_64-gnu/share/terminfo/o/oldxterm+sm+1006
f	664	994:993	871	/home/woa23c1ro/.local/share/uv/python/cpython-3.11.14-linux-x86_64-gnu/share/terminfo/x/xterm+x11mouse
f	664	994:993	8716	/home/woa23c1ro/.local/share/uv/python/cpython-3.11.14-linux-x86_64-gnu/lib/python3.11/site-packages/pip/_internal/cli/base_command.py
f	664	994:993	873	/home/woa23c1ro/.local/share/uv/python/cpython-3.11.14-linux-x86_64-gnu/lib/python3.11/site-packages/setuptools/_vendor/jaraco.collections-5.1.0.dist-info/RECORD
f	664	994:993	873	/home/woa23c1ro/.local/share/uv/python/cpython-3.11.14-linux-x86_64-gnu/share/terminfo/h/ha8686
f	664	994:993	873	/home/woa23c1ro/.local/share/uv/python/cpython-3.11.14-linux-x86_64-gnu/share/terminfo/p/pccon+colors
f	664	994:993	8732	/home/woa23c1ro/.local/share/uv/python/cpython-3.11.14-linux-x86_64-gnu/lib/python3.11/glob.py
f	664	994:993	875	/home/woa23c1ro/.local/share/uv/python/cpython-3.11.14-linux-x86_64-gnu/share/terminfo/a/altos7pc
f	664	994:993	876	/home/woa23c1ro/.local/share/uv/python/cpython-3.11.14-linux-x86_64-gnu/share/terminfo/x/xterm+pcc2
f	664	994:993	8761	/home/woa23c1ro/.local/share/uv/python/cpython-3.11.14-linux-x86_64-gnu/lib/python3.11/_compat_pickle.py
f	664	994:993	877	/home/woa23c1ro/.local/share/uv/python/cpython-3.11.14-linux-x86_64-gnu/share/terminfo/k/kt7ix
f	664	994:993	8771	/home/woa23c1ro/.local/share/uv/python/cpython-3.11.14-linux-x86_64-gnu/lib/python3.11/concurrent/futures/thread.py
f	664	994:993	878	/home/woa23c1ro/.local/share/uv/python/cpython-3.11.14-linux-x86_64-gnu/lib/python3.11/config-3.11-x86_64-linux-gnu/Setup.bootstrap
f	664	994:993	879	/home/woa23c1ro/.local/share/uv/python/cpython-3.11.14-linux-x86_64-gnu/lib/python3.11/tty.py
f	664	994:993	88	/home/woa23c1ro/.local/share/uv/python/cpython-3.11.14-linux-x86_64-gnu/lib/python3.11/ensurepip/__main__.py
f	664	994:993	88	/home/woa23c1ro/.local/share/uv/python/cpython-3.11.14-linux-x86_64-gnu/share/terminfo/x/xnuppc+100x37
f	664	994:993	88	/home/woa23c1ro/.local/share/uv/python/cpython-3.11.14-linux-x86_64-gnu/share/terminfo/x/xnuppc+112x37
f	664	994:993	88	/home/woa23c1ro/.local/share/uv/python/cpython-3.11.14-linux-x86_64-gnu/share/terminfo/x/xnuppc+128x40
f	664	994:993	88	/home/woa23c1ro/.local/share/uv/python/cpython-3.11.14-linux-x86_64-gnu/share/terminfo/x/xnuppc+128x48
f	664	994:993	88	/home/woa23c1ro/.local/share/uv/python/cpython-3.11.14-linux-x86_64-gnu/share/terminfo/x/xnuppc+144x48
f	664	994:993	880	/home/woa23c1ro/.local/share/uv/python/cpython-3.11.14-linux-x86_64-gnu/lib/python3.11/importlib/machinery.py
f	664	994:993	880	/home/woa23c1ro/.local/share/uv/python/cpython-3.11.14-linux-x86_64-gnu/share/terminfo/v/viewdata-rv
f	664	994:993	883	/home/woa23c1ro/.local/share/uv/python/cpython-3.11.14-linux-x86_64-gnu/share/terminfo/q/qvt203-25
f	664	994:993	883	/home/woa23c1ro/.local/share/uv/python/cpython-3.11.14-linux-x86_64-gnu/share/terminfo/x/xterm+sm+1005
f	664	994:993	884	/home/woa23c1ro/.local/share/uv/python/cpython-3.11.14-linux-x86_64-gnu/lib/python3.11/importlib/resources/_itertools.py
f	664	994:993	886	/home/woa23c1ro/.local/share/uv/python/cpython-3.11.14-linux-x86_64-gnu/lib/python3.11/site-packages/setuptools/_vendor/autocommand/errors.py
f	664	994:993	8869	/home/woa23c1ro/.local/share/uv/python/cpython-3.11.14-linux-x86_64-gnu/lib/python3.11/asyncio/base_subprocess.py
f	664	994:993	887	/home/woa23c1ro/.local/share/uv/python/cpython-3.11.14-linux-x86_64-gnu/lib/python3.11/site-packages/setuptools/tests/test_glob.py
f	664	994:993	887	/home/woa23c1ro/.local/share/uv/python/cpython-3.11.14-linux-x86_64-gnu/share/terminfo/c/cit500
f	664	994:993	88725	/home/woa23c1ro/.local/share/uv/python/cpython-3.11.14-linux-x86_64-gnu/lib/python3.11/subprocess.py
f	664	994:993	8875	/home/woa23c1ro/.local/share/uv/python/cpython-3.11.14-linux-x86_64-gnu/lib/python3.11/site-packages/setuptools/_vendor/tomli-2.0.1.dist-info/METADATA
f	664	994:993	8876	/home/woa23c1ro/.local/share/uv/python/cpython-3.11.14-linux-x86_64-gnu/lib/python3.11/distutils/core.py
f	664	994:993	888	/home/woa23c1ro/.local/share/uv/python/cpython-3.11.14-linux-x86_64-gnu/share/terminfo/q/qvt203-w
f	664	994:993	8884	/home/woa23c1ro/.local/share/uv/python/cpython-3.11.14-linux-x86_64-gnu/lib/python3.11/site-packages/setuptools/_distutils/archive_util.py
f	664	994:993	8893	/home/woa23c1ro/.local/share/uv/python/cpython-3.11.14-linux-x86_64-gnu/lib/python3.11/site-packages/setuptools/tests/test_dist.py
f	664	994:993	890	/home/woa23c1ro/.local/share/uv/python/cpython-3.11.14-linux-x86_64-gnu/lib/python3.11/site-packages/pip/_vendor/rich/abc.py
f	664	994:993	891	/home/woa23c1ro/.local/share/uv/python/cpython-3.11.14-linux-x86_64-gnu/share/terminfo/h/hz1552-rv
f	664	994:993	8910	/home/woa23c1ro/.local/share/uv/python/cpython-3.11.14-linux-x86_64-gnu/lib/python3.11/idlelib/help_about.py
f	664	994:993	8914	/home/woa23c1ro/.local/share/uv/python/cpython-3.11.14-linux-x86_64-gnu/lib/python3.11/site-packages/pip/_vendor/resolvelib/providers.py
f	664	994:993	893	/home/woa23c1ro/.local/share/uv/python/cpython-3.11.14-linux-x86_64-gnu/share/terminfo/m/minix-1.7
f	664	994:993	8933	/home/woa23c1ro/.local/share/uv/python/cpython-3.11.14-linux-x86_64-gnu/lib/python3.11/site-packages/setuptools/tests/config/test_expand.py
f	664	994:993	896	/home/woa23c1ro/.local/share/uv/python/cpython-3.11.14-linux-x86_64-gnu/share/terminfo/w/wy30
f	664	994:993	897	/home/woa23c1ro/.local/share/uv/python/cpython-3.11.14-linux-x86_64-gnu/share/terminfo/t/tw52-m
f	664	994:993	8978	/home/woa23c1ro/.local/share/uv/python/cpython-3.11.14-linux-x86_64-gnu/lib/python3.11/pipes.py
f	664	994:993	898	/home/woa23c1ro/.local/share/uv/python/cpython-3.11.14-linux-x86_64-gnu/include/python3.11/internal/pycore_ucnhash.h
f	664	994:993	898	/home/woa23c1ro/.local/share/uv/python/cpython-3.11.14-linux-x86_64-gnu/share/terminfo/d/dumb-emacs-ansi
f	664	994:993	898	/home/woa23c1ro/.local/share/uv/python/cpython-3.11.14-linux-x86_64-gnu/share/terminfo/t/tvi924
f	664	994:993	8983	/home/woa23c1ro/.local/share/uv/python/cpython-3.11.14-linux-x86_64-gnu/lib/python3.11/site-packages/pip/_internal/utils/subprocess.py
f	664	994:993	8996	/home/woa23c1ro/.local/share/uv/python/cpython-3.11.14-linux-x86_64-gnu/lib/python3.11/site-packages/setuptools/_vendor/platformdirs/api.py
f	664	994:993	90	/home/woa23c1ro/.local/share/uv/python/cpython-3.11.14-linux-x86_64-gnu/share/terminfo/x/xnuppc+160x64
f	664	994:993	90	/home/woa23c1ro/.local/share/uv/python/cpython-3.11.14-linux-x86_64-gnu/share/terminfo/x/xnuppc+200x64
f	664	994:993	90	/home/woa23c1ro/.local/share/uv/python/cpython-3.11.14-linux-x86_64-gnu/share/terminfo/x/xnuppc+200x75
f	664	994:993	90	/home/woa23c1ro/.local/share/uv/python/cpython-3.11.14-linux-x86_64-gnu/share/terminfo/x/xnuppc+256x96
f	664	994:993	900	/home/woa23c1ro/.local/share/uv/python/cpython-3.11.14-linux-x86_64-gnu/share/terminfo/m/mgr-sun
f	664	994:993	9004	/home/woa23c1ro/.local/share/uv/python/cpython-3.11.14-linux-x86_64-gnu/lib/python3.11/site-packages/setuptools/__init__.py
f	664	994:993	9008	/home/woa23c1ro/.local/share/uv/python/cpython-3.11.14-linux-x86_64-gnu/lib/python3.11/site-packages/setuptools/tests/test_setuptools.py
f	664	994:993	9010	/home/woa23c1ro/.local/share/uv/python/cpython-3.11.14-linux-x86_64-gnu/lib/python3.11/site-packages/pip/_internal/wheel_builder.py
f	664	994:993	9013	/home/woa23c1ro/.local/share/uv/python/cpython-3.11.14-linux-x86_64-gnu/lib/python3.11/site-packages/pip/_vendor/platformdirs/android.py
f	664	994:993	9016	/home/woa23c1ro/.local/share/uv/python/cpython-3.11.14-linux-x86_64-gnu/lib/python3.11/site-packages/setuptools/_vendor/platformdirs/android.py
f	664	994:993	902	/home/woa23c1ro/.local/share/uv/python/cpython-3.11.14-linux-x86_64-gnu/share/terminfo/a/altos3
f	664	994:993	902	/home/woa23c1ro/.local/share/uv/python/cpython-3.11.14-linux-x86_64-gnu/share/terminfo/x/xterm+pcc3
f	664	994:993	903	/home/woa23c1ro/.local/share/uv/python/cpython-3.11.14-linux-x86_64-gnu/share/terminfo/x/xterm+x11hilite
f	664	994:993	9033	/home/woa23c1ro/.local/share/uv/python/cpython-3.11.14-linux-x86_64-gnu/lib/python3.11/site-packages/setuptools/_vendor/typeguard/_decorators.py
f	664	994:993	9033	/home/woa23c1ro/.local/share/uv/python/cpython-3.11.14-linux-x86_64-gnu/lib/python3.11/venv/scripts/common/Activate.ps1
f	664	994:993	904	/home/woa23c1ro/.local/share/uv/python/cpython-3.11.14-linux-x86_64-gnu/lib/python3.11/site-packages/setuptools/_vendor/jaraco/text/show-newlines.py
f	664	994:993	906	/home/woa23c1ro/.local/share/uv/python/cpython-3.11.14-linux-x86_64-gnu/share/terminfo/a/att4418
f	664	994:993	908	/home/woa23c1ro/.local/share/uv/python/cpython-3.11.14-linux-x86_64-gnu/share/terminfo/e/eterm
f	664	994:993	9098	/home/woa23c1ro/.local/share/uv/python/cpython-3.11.14-linux-x86_64-gnu/lib/python3.11/encodings/idna.py
f	664	994:993	91	/home/woa23c1ro/.local/share/uv/python/cpython-3.11.14-linux-x86_64-gnu/lib/python3.11/site-packages/setuptools-80.9.0.dist-info/WHEEL
f	664	994:993	91	/home/woa23c1ro/.local/share/uv/python/cpython-3.11.14-linux-x86_64-gnu/lib/python3.11/site-packages/setuptools/_vendor/importlib_metadata-8.0.0.dist-info/WHEEL
f	664	994:993	91	/home/woa23c1ro/.local/share/uv/python/cpython-3.11.14-linux-x86_64-gnu/lib/python3.11/site-packages/setuptools/_vendor/inflect-7.3.1.dist-info/WHEEL
f	664	994:993	91	/home/woa23c1ro/.local/share/uv/python/cpython-3.11.14-linux-x86_64-gnu/lib/python3.11/site-packages/setuptools/_vendor/jaraco.collections-5.1.0.dist-info/WHEEL
f	664	994:993	910	/home/woa23c1ro/.local/share/uv/python/cpython-3.11.14-linux-x86_64-gnu/lib/tcl8.6/msgs/ms.msg
f	664	994:993	910	/home/woa23c1ro/.local/share/uv/python/cpython-3.11.14-linux-x86_64-gnu/share/terminfo/a/att4418-w
f	664	994:993	912	/home/woa23c1ro/.local/share/uv/python/cpython-3.11.14-linux-x86_64-gnu/share/terminfo/w/wy30-vb
f	664	994:993	9123	/home/woa23c1ro/.local/share/uv/python/cpython-3.11.14-linux-x86_64-gnu/lib/tk8.6/demos/knightstour.tcl
f	664	994:993	914	/home/woa23c1ro/.local/share/uv/python/cpython-3.11.14-linux-x86_64-gnu/lib/python3.11/email/mime/base.py
f	664	994:993	914	/home/woa23c1ro/.local/share/uv/python/cpython-3.11.14-linux-x86_64-gnu/lib/tcl8.6/msgs/id.msg
f	664	994:993	916	/home/woa23c1ro/.local/share/uv/python/cpython-3.11.14-linux-x86_64-gnu/lib/python3.11/multiprocessing/__init__.py
f	664	994:993	916	/home/woa23c1ro/.local/share/uv/python/cpython-3.11.14-linux-x86_64-gnu/share/terminfo/s/stv52
f	664	994:993	91648	/home/woa23c1ro/.local/share/uv/python/cpython-3.11.14-linux-x86_64-gnu/lib/python3.11/site-packages/pip/_vendor/distlib/w32.exe
f	664	994:993	918	/home/woa23c1ro/.local/share/uv/python/cpython-3.11.14-linux-x86_64-gnu/share/terminfo/t/tvi912cc
f	664	994:993	91831	/home/woa23c1ro/.local/share/uv/python/cpython-3.11.14-linux-x86_64-gnu/lib/tcl8.6/encoding/cp950.enc
f	664	994:993	91832	/home/woa23c1ro/.local/share/uv/python/cpython-3.11.14-linux-x86_64-gnu/lib/python3.11/datetime.py
f	664	994:993	92	/home/woa23c1ro/.local/share/uv/python/cpython-3.11.14-linux-x86_64-gnu/lib/python3.11/site-packages/setuptools/_vendor/autocommand-2.2.2.dist-info/WHEEL
f	664	994:993	92	/home/woa23c1ro/.local/share/uv/python/cpython-3.11.14-linux-x86_64-gnu/lib/python3.11/site-packages/setuptools/_vendor/backports.tarfile-1.2.0.dist-info/WHEEL
f	664	994:993	92	/home/woa23c1ro/.local/share/uv/python/cpython-3.11.14-linux-x86_64-gnu/lib/python3.11/site-packages/setuptools/_vendor/jaraco.context-5.3.0.dist-info/WHEEL
f	664	994:993	92	/home/woa23c1ro/.local/share/uv/python/cpython-3.11.14-linux-x86_64-gnu/lib/python3.11/site-packages/setuptools/_vendor/jaraco.functools-4.0.1.dist-info/WHEEL
f	664	994:993	92	/home/woa23c1ro/.local/share/uv/python/cpython-3.11.14-linux-x86_64-gnu/lib/python3.11/site-packages/setuptools/_vendor/jaraco.text-3.12.1.dist-info/WHEEL
f	664	994:993	92	/home/woa23c1ro/.local/share/uv/python/cpython-3.11.14-linux-x86_64-gnu/lib/python3.11/site-packages/setuptools/_vendor/typeguard-4.3.0.dist-info/WHEEL
f	664	994:993	92	/home/woa23c1ro/.local/share/uv/python/cpython-3.11.14-linux-x86_64-gnu/lib/python3.11/site-packages/setuptools/_vendor/zipp-3.19.2.dist-info/WHEEL
f	664	994:993	92	/home/woa23c1ro/.local/share/uv/python/cpython-3.11.14-linux-x86_64-gnu/lib/python3.11/site-packages/setuptools/tests/indexes/test_links_priority/external.html
f	664	994:993	920	/home/woa23c1ro/.local/share/uv/python/cpython-3.11.14-linux-x86_64-gnu/share/terminfo/p/pccon+base
f	664	994:993	920	/home/woa23c1ro/.local/share/uv/python/cpython-3.11.14-linux-x86_64-gnu/share/terminfo/t/tek4106brl
f	664	994:993	926	/home/woa23c1ro/.local/share/uv/python/cpython-3.11.14-linux-x86_64-gnu/share/terminfo/i/ims950-rv
f	664	994:993	928	/home/woa23c1ro/.local/share/uv/python/cpython-3.11.14-linux-x86_64-gnu/share/terminfo/x/xterm+sm+1003
f	664	994:993	9281	/home/woa23c1ro/.local/share/uv/python/cpython-3.11.14-linux-x86_64-gnu/lib/python3.11/site-packages/pip/_vendor/platformdirs/api.py
f	664	994:993	92873	/home/woa23c1ro/.local/share/uv/python/cpython-3.11.14-linux-x86_64-gnu/lib/tcl8.6/encoding/big5.enc
f	664	994:993	92877	/home/woa23c1ro/.local/share/uv/python/cpython-3.11.14-linux-x86_64-gnu/lib/tcl8.6/encoding/ksc5601.enc
f	664	994:993	929	/home/woa23c1ro/.local/share/uv/python/cpython-3.11.14-linux-x86_64-gnu/lib/python3.11/site-packages/pip/_internal/distributions/installed.py
f	664	994:993	930	/home/woa23c1ro/.local/share/uv/python/cpython-3.11.14-linux-x86_64-gnu/lib/python3.11/encodings/utf_32_be.py
f	664	994:993	930	/home/woa23c1ro/.local/share/uv/python/cpython-3.11.14-linux-x86_64-gnu/lib/python3.11/encodings/utf_32_le.py
f	664	994:993	930	/home/woa23c1ro/.local/share/uv/python/cpython-3.11.14-linux-x86_64-gnu/share/terminfo/x/xterm+sm+1002
f	664	994:993	9307	/home/woa23c1ro/.local/share/uv/python/cpython-3.11.14-linux-x86_64-gnu/lib/python3.11/site-packages/pip/_internal/utils/temp_dir.py
f	664	994:993	932	/home/woa23c1ro/.local/share/uv/python/cpython-3.11.14-linux-x86_64-gnu/share/terminfo/i/ims950
f	664	994:993	933	/home/woa23c1ro/.local/share/uv/python/cpython-3.11.14-linux-x86_64-gnu/lib/python3.11/venv/scripts/posix/activate.csh
f	664	994:993	933	/home/woa23c1ro/.local/share/uv/python/cpython-3.11.14-linux-x86_64-gnu/share/terminfo/c/c108-4p
f	664	994:993	935	/home/woa23c1ro/.local/share/uv/python/cpython-3.11.14-linux-x86_64-gnu/share/terminfo/a/adm3a
f	664	994:993	9354	/home/woa23c1ro/.local/share/uv/python/cpython-3.11.14-linux-x86_64-gnu/lib/python3.11/idlelib/autocomplete.py
f	664	994:993	936	/home/woa23c1ro/.local/share/uv/python/cpython-3.11.14-linux-x86_64-gnu/lib/python3.11/site-packages/setuptools/_distutils/tests/test_install_headers.py
f	664	994:993	936	/home/woa23c1ro/.local/share/uv/python/cpython-3.11.14-linux-x86_64-gnu/lib/python3.11/xml/dom/NodeFilter.py
f	664	994:993	9364	/home/woa23c1ro/.local/share/uv/python/cpython-3.11.14-linux-x86_64-gnu/lib/python3.11/site-packages/setuptools/_distutils/core.py
f	664	994:993	9369	/home/woa23c1ro/.local/share/uv/python/cpython-3.11.14-linux-x86_64-gnu/lib/python3.11/mailcap.py
f	664	994:993	937	/home/woa23c1ro/.local/share/uv/python/cpython-3.11.14-linux-x86_64-gnu/include/python3.11/internal/pycore_signal.h
f	664	994:993	937	/home/woa23c1ro/.local/share/uv/python/cpython-3.11.14-linux-x86_64-gnu/include/python3.11/internal/pycore_strhex.h
f	664	994:993	93861	/home/woa23c1ro/.local/share/uv/python/cpython-3.11.14-linux-x86_64-gnu/lib/python3.11/pickletools.py
f	664	994:993	939	/home/woa23c1ro/.local/share/uv/python/cpython-3.11.14-linux-x86_64-gnu/share/terminfo/a/adm3a+
f	664	994:993	93918	/home/woa23c1ro/.local/share/uv/python/cpython-3.11.14-linux-x86_64-gnu/lib/tcl8.6/encoding/euc-kr.enc
f	664	994:993	9394	/home/woa23c1ro/.local/share/uv/python/cpython-3.11.14-linux-x86_64-gnu/lib/python3.11/site-packages/pip/_vendor/README.rst
f	664	994:993	94	/home/woa23c1ro/.local/share/uv/python/cpython-3.11.14-linux-x86_64-gnu/lib/python3.11/site-packages/pip/_vendor/certifi/__init__.py
f	664	994:993	940	/home/woa23c1ro/.local/share/uv/python/cpython-3.11.14-linux-x86_64-gnu/share/terminfo/c/c108-rv
f	664	994:993	9401	/home/woa23c1ro/.local/share/uv/python/cpython-3.11.14-linux-x86_64-gnu/lib/python3.11/idlelib/macosx.py
f	664	994:993	9418	/home/woa23c1ro/.local/share/uv/python/cpython-3.11.14-linux-x86_64-gnu/lib/python3.11/unittest/runner.py
f	664	994:993	94193	/home/woa23c1ro/.local/share/uv/python/cpython-3.11.14-linux-x86_64-gnu/lib/python3.11/_pyio.py
f	664	994:993	9424	/home/woa23c1ro/.local/share/uv/python/cpython-3.11.14-linux-x86_64-gnu/lib/python3.11/urllib/robotparser.py
f	664	994:993	943	/home/woa23c1ro/.local/share/uv/python/cpython-3.11.14-linux-x86_64-gnu/lib/python3.11/site-packages/setuptools/_vendor/inflect-7.3.1.dist-info/RECORD
f	664	994:993	9435	/home/woa23c1ro/.local/share/uv/python/cpython-3.11.14-linux-x86_64-gnu/include/python3.11/internal/pycore_pymath.h
f	664	994:993	94447	/home/woa23c1ro/.local/share/uv/python/cpython-3.11.14-linux-x86_64-gnu/lib/python3.11/zipfile.py
f	664	994:993	945	/home/woa23c1ro/.local/share/uv/python/cpython-3.11.14-linux-x86_64-gnu/share/terminfo/m/mime3a
f	664	994:993	9451	/home/woa23c1ro/.local/share/uv/python/cpython-3.11.14-linux-x86_64-gnu/lib/python3.11/site-packages/pip/_vendor/rich/tree.py
f	664	994:993	946	/home/woa23c1ro/.local/share/uv/python/cpython-3.11.14-linux-x86_64-gnu/lib/python3.11/encodings/utf_7.py
f	664	994:993	947	/home/woa23c1ro/.local/share/uv/python/cpython-3.11.14-linux-x86_64-gnu/share/terminfo/t/tvi912b-unk
f	664	994:993	947	/home/woa23c1ro/.local/share/uv/python/cpython-3.11.14-linux-x86_64-gnu/share/terminfo/w/wy370-tek
f	664	994:993	9477	/home/woa23c1ro/.local/share/uv/python/cpython-3.11.14-linux-x86_64-gnu/lib/python3.11/site-packages/setuptools/wheel.py
f	664	994:993	9481	/home/woa23c1ro/.local/share/uv/python/cpython-3.11.14-linux-x86_64-gnu/lib/tk8.6/ttk/vistaTheme.tcl
f	664	994:993	949	/home/woa23c1ro/.local/share/uv/python/cpython-3.11.14-linux-x86_64-gnu/share/terminfo/n/ndr9500-nl
f	664	994:993	950	/home/woa23c1ro/.local/share/uv/python/cpython-3.11.14-linux-x86_64-gnu/lib/tcl8.6/msgs/gl.msg
f	664	994:993	950	/home/woa23c1ro/.local/share/uv/python/cpython-3.11.14-linux-x86_64-gnu/share/terminfo/c/c108
f	664	994:993	950	/home/woa23c1ro/.local/share/uv/python/cpython-3.11.14-linux-x86_64-gnu/share/terminfo/c/c108-rv-4p
f	664	994:993	951	/home/woa23c1ro/.local/share/uv/python/cpython-3.11.14-linux-x86_64-gnu/lib/python3.11/turtledemo/chaos.py
f	664	994:993	9512	/home/woa23c1ro/.local/share/uv/python/cpython-3.11.14-linux-x86_64-gnu/lib/python3.11/multiprocessing/reduction.py
f	664	994:993	953	/home/woa23c1ro/.local/share/uv/python/cpython-3.11.14-linux-x86_64-gnu/share/terminfo/a/adm5
f	664	994:993	955	/home/woa23c1ro/.local/share/uv/python/cpython-3.11.14-linux-x86_64-gnu/share/terminfo/n/ndr9500-25-nl
f	664	994:993	9552	/home/woa23c1ro/.local/share/uv/python/cpython-3.11.14-linux-x86_64-gnu/lib/python3.11/site-packages/setuptools/_vendor/jaraco/context.py
f	664	994:993	9561	/home/woa23c1ro/.local/share/uv/python/cpython-3.11.14-linux-x86_64-gnu/lib/python3.11/email/architecture.rst
f	664	994:993	9565	/home/woa23c1ro/.local/share/uv/python/cpython-3.11.14-linux-x86_64-gnu/lib/tk8.6/megawidget.tcl
f	664	994:993	957	/home/woa23c1ro/.local/share/uv/python/cpython-3.11.14-linux-x86_64-gnu/lib/python3.11/site-packages/pip/_vendor/urllib3/contrib/_appengine_environ.py
f	664	994:993	957	/home/woa23c1ro/.local/share/uv/python/cpython-3.11.14-linux-x86_64-gnu/share/terminfo/d/dg210
f	664	994:993	957	/home/woa23c1ro/.local/share/uv/python/cpython-3.11.14-linux-x86_64-gnu/share/terminfo/t/tandem6510
f	664	994:993	958	/home/woa23c1ro/.local/share/uv/python/cpython-3.11.14-linux-x86_64-gnu/share/terminfo/t/tvi912b-p
f	664	994:993	9586	/home/woa23c1ro/.local/share/uv/python/cpython-3.11.14-linux-x86_64-gnu/lib/python3.11/site-packages/pip/_vendor/rich/highlighter.py
f	664	994:993	9588	/home/woa23c1ro/.local/share/uv/python/cpython-3.11.14-linux-x86_64-gnu/lib/python3.11/site-packages/setuptools/_vendor/wheel/vendored/packaging/_manylinux.py
f	664	994:993	959	/home/woa23c1ro/.local/share/uv/python/cpython-3.11.14-linux-x86_64-gnu/share/terminfo/s/soroc120
f	664	994:993	959	/home/woa23c1ro/.local/share/uv/python/cpython-3.11.14-linux-x86_64-gnu/share/terminfo/v/vt320-k311
f	664	994:993	9596	/home/woa23c1ro/.local/share/uv/python/cpython-3.11.14-linux-x86_64-gnu/lib/python3.11/site-packages/pip/_vendor/packaging/_manylinux.py
f	664	994:993	960	/home/woa23c1ro/.local/share/uv/python/cpython-3.11.14-linux-x86_64-gnu/lib/python3.11/ctypes/macholib/dylib.py
f	664	994:993	960	/home/woa23c1ro/.local/share/uv/python/cpython-3.11.14-linux-x86_64-gnu/share/terminfo/d/d200
f	664	994:993	9612	/home/woa23c1ro/.local/share/uv/python/cpython-3.11.14-linux-x86_64-gnu/lib/python3.11/site-packages/setuptools/_vendor/packaging/_manylinux.py
f	664	994:993	962	/home/woa23c1ro/.local/share/uv/python/cpython-3.11.14-linux-x86_64-gnu/share/terminfo/i/ibm+color
f	664	994:993	963	/home/woa23c1ro/.local/share/uv/python/cpython-3.11.14-linux-x86_64-gnu/share/terminfo/n/ndr9500
f	664	994:993	9635	/home/woa23c1ro/.local/share/uv/python/cpython-3.11.14-linux-x86_64-gnu/include/python3.11/datetime.h
f	664	994:993	964	/home/woa23c1ro/.local/share/uv/python/cpython-3.11.14-linux-x86_64-gnu/share/terminfo/p/ps300
f	664	994:993	9642	/home/woa23c1ro/.local/share/uv/python/cpython-3.11.14-linux-x86_64-gnu/lib/python3.11/lib2to3/pgen2/conv.py
f	664	994:993	9644	/home/woa23c1ro/.local/share/uv/python/cpython-3.11.14-linux-x86_64-gnu/lib/python3.11/multiprocessing/spawn.py
f	664	994:993	965	/home/woa23c1ro/.local/share/uv/python/cpython-3.11.14-linux-x86_64-gnu/share/terminfo/h/hp+color
f	664	994:993	965	/home/woa23c1ro/.local/share/uv/python/cpython-3.11.14-linux-x86_64-gnu/share/terminfo/w/wy160-tek
f	664	994:993	965	/home/woa23c1ro/.local/share/uv/python/cpython-3.11.14-linux-x86_64-gnu/share/terminfo/x/xnuppc+basic
f	664	994:993	965	/home/woa23c1ro/.local/share/uv/python/cpython-3.11.14-linux-x86_64-gnu/share/terminfo/x/xnuppc-m
f	664	994:993	9651	/home/woa23c1ro/.local/share/uv/python/cpython-3.11.14-linux-x86_64-gnu/lib/python3.11/ensurepip/__init__.py
f	664	994:993	9656	/home/woa23c1ro/.local/share/uv/python/cpython-3.11.14-linux-x86_64-gnu/lib/python3.11/graphlib.py
f	664	994:993	9656	/home/woa23c1ro/.local/share/uv/python/cpython-3.11.14-linux-x86_64-gnu/lib/python3.11/site-packages/pip/_vendor/rich/_inspect.py
f	664	994:993	966	/home/woa23c1ro/.local/share/uv/python/cpython-3.11.14-linux-x86_64-gnu/lib/tcl8.6/msgs/kw.msg
f	664	994:993	967	/home/woa23c1ro/.local/share/uv/python/cpython-3.11.14-linux-x86_64-gnu/share/terminfo/n/newhp
f	664	994:993	967	/home/woa23c1ro/.local/share/uv/python/cpython-3.11.14-linux-x86_64-gnu/share/terminfo/w/wy99gt-tek
f	664	994:993	9689	/home/woa23c1ro/.local/share/uv/python/cpython-3.11.14-linux-x86_64-gnu/lib/tcl8.6/http1.0/http.tcl
f	664	994:993	969	/home/woa23c1ro/.local/share/uv/python/cpython-3.11.14-linux-x86_64-gnu/share/terminfo/s/superbrain
f	664	994:993	969	/home/woa23c1ro/.local/share/uv/python/cpython-3.11.14-linux-x86_64-gnu/share/terminfo/t/tek4105a
f	664	994:993	9699	/home/woa23c1ro/.local/share/uv/python/cpython-3.11.14-linux-x86_64-gnu/lib/tk8.6/choosedir.tcl
f	664	994:993	97	/home/woa23c1ro/.local/share/uv/python/cpython-3.11.14-linux-x86_64-gnu/lib/python3.11/EXTERNALLY-MANAGED
f	664	994:993	97	/home/woa23c1ro/.local/share/uv/python/cpython-3.11.14-linux-x86_64-gnu/lib/python3.11/__phello__/__init__.py
f	664	994:993	97	/home/woa23c1ro/.local/share/uv/python/cpython-3.11.14-linux-x86_64-gnu/lib/python3.11/__phello__/spam.py
f	664	994:993	97	/home/woa23c1ro/.local/share/uv/python/cpython-3.11.14-linux-x86_64-gnu/share/terminfo/e/ecma+strikeout
f	664	994:993	970	/home/woa23c1ro/.local/share/uv/python/cpython-3.11.14-linux-x86_64-gnu/share/terminfo/c/c108-w
f	664	994:993	970	/home/woa23c1ro/.local/share/uv/python/cpython-3.11.14-linux-x86_64-gnu/share/terminfo/h/hp9845
f	664	994:993	97050	/home/woa23c1ro/.local/share/uv/python/cpython-3.11.14-linux-x86_64-gnu/lib/tcl8.6/encoding/cns11643.enc
f	664	994:993	972	/home/woa23c1ro/.local/share/uv/python/cpython-3.11.14-linux-x86_64-gnu/lib/python3.11/site-packages/setuptools/config/distutils.schema.json
f	664	994:993	972	/home/woa23c1ro/.local/share/uv/python/cpython-3.11.14-linux-x86_64-gnu/share/terminfo/r/rcons
f	664	994:993	972	/home/woa23c1ro/.local/share/uv/python/cpython-3.11.14-linux-x86_64-gnu/share/terminfo/x/xterm+256setaf
f	664	994:993	973	/home/woa23c1ro/.local/share/uv/python/cpython-3.11.14-linux-x86_64-gnu/share/terminfo/n/ndr9500-25
f	664	994:993	974	/home/woa23c1ro/.local/share/uv/python/cpython-3.11.14-linux-x86_64-gnu/lib/tk8.6/demos/dialog1.tcl
f	664	994:993	974	/home/woa23c1ro/.local/share/uv/python/cpython-3.11.14-linux-x86_64-gnu/share/terminfo/d/dm80
f	664	994:993	974	/home/woa23c1ro/.local/share/uv/python/cpython-3.11.14-linux-x86_64-gnu/share/terminfo/s/sun-12
f	664	994:993	974	/home/woa23c1ro/.local/share/uv/python/cpython-3.11.14-linux-x86_64-gnu/share/terminfo/s/sun-17
f	664	994:993	974	/home/woa23c1ro/.local/share/uv/python/cpython-3.11.14-linux-x86_64-gnu/share/terminfo/s/sun-24
f	664	994:993	974	/home/woa23c1ro/.local/share/uv/python/cpython-3.11.14-linux-x86_64-gnu/share/terminfo/s/sun-34
f	664	994:993	974	/home/woa23c1ro/.local/share/uv/python/cpython-3.11.14-linux-x86_64-gnu/share/terminfo/s/sun-48
f	664	994:993	97792	/home/woa23c1ro/.local/share/uv/python/cpython-3.11.14-linux-x86_64-gnu/lib/python3.11/site-packages/pip/_vendor/distlib/t32.exe
f	664	994:993	978	/home/woa23c1ro/.local/share/uv/python/cpython-3.11.14-linux-x86_64-gnu/lib/tcl8.6/msgs/kl.msg
f	664	994:993	978	/home/woa23c1ro/.local/share/uv/python/cpython-3.11.14-linux-x86_64-gnu/share/terminfo/t/tvi950
f	664	994:993	979	/home/woa23c1ro/.local/share/uv/python/cpython-3.11.14-linux-x86_64-gnu/lib/python3.11/lib2to3/fixes/fix_exec.py
f	664	994:993	979	/home/woa23c1ro/.local/share/uv/python/cpython-3.11.14-linux-x86_64-gnu/share/terminfo/s/sun-cgsix
f	664	994:993	979	/home/woa23c1ro/.local/share/uv/python/cpython-3.11.14-linux-x86_64-gnu/share/terminfo/v/visa50
f	664	994:993	9797	/home/woa23c1ro/.local/share/uv/python/cpython-3.11.14-linux-x86_64-gnu/lib/tk8.6/ttk/treeview.tcl
f	664	994:993	98	/home/woa23c1ro/.local/share/uv/python/cpython-3.11.14-linux-x86_64-gnu/lib/python3.11/site-packages/setuptools/tests/textwrap.py
f	664	994:993	981	/home/woa23c1ro/.local/share/uv/python/cpython-3.11.14-linux-x86_64-gnu/lib/python3.11/site-packages/pip/_vendor/distro/__init__.py
f	664	994:993	982	/home/woa23c1ro/.local/share/uv/python/cpython-3.11.14-linux-x86_64-gnu/share/terminfo/m/mlterm+pcfkeys
f	664	994:993	983	/home/woa23c1ro/.local/share/uv/python/cpython-3.11.14-linux-x86_64-gnu/share/terminfo/t/tvi912b
f	664	994:993	984	/home/woa23c1ro/.local/share/uv/python/cpython-3.11.14-linux-x86_64-gnu/lib/python3.11/lib2to3/fixes/fix_asserts.py
f	664	994:993	984	/home/woa23c1ro/.local/share/uv/python/cpython-3.11.14-linux-x86_64-gnu/share/terminfo/b/bsdos-sparc
f	664	994:993	984	/home/woa23c1ro/.local/share/uv/python/cpython-3.11.14-linux-x86_64-gnu/share/terminfo/t/tvi803
f	664	994:993	9841	/home/woa23c1ro/.local/share/uv/python/cpython-3.11.14-linux-x86_64-gnu/lib/python3.11/idlelib/replace.py
f	664	994:993	985	/home/woa23c1ro/.local/share/uv/python/cpython-3.11.14-linux-x86_64-gnu/lib/tcl8.6/msgs/eu.msg
f	664	994:993	985	/home/woa23c1ro/.local/share/uv/python/cpython-3.11.14-linux-x86_64-gnu/share/terminfo/x/xnuppc-80x25-m
f	664	994:993	985	/home/woa23c1ro/.local/share/uv/python/cpython-3.11.14-linux-x86_64-gnu/share/terminfo/x/xnuppc-80x30-m
f	664	994:993	985	/home/woa23c1ro/.local/share/uv/python/cpython-3.11.14-linux-x86_64-gnu/share/terminfo/x/xnuppc-90x30-m
f	664	994:993	9854	/home/woa23c1ro/.local/share/uv/python/cpython-3.11.14-linux-x86_64-gnu/lib/python3.11/site-packages/pip/_internal/operations/freeze.py
f	664	994:993	986	/home/woa23c1ro/.local/share/uv/python/cpython-3.11.14-linux-x86_64-gnu/lib/tcl8.6/msgs/fo.msg
f	664	994:993	9864	/home/woa23c1ro/.local/share/uv/python/cpython-3.11.14-linux-x86_64-gnu/lib/python3.11/email/quoprimime.py
f	664	994:993	987	/home/woa23c1ro/.local/share/uv/python/cpython-3.11.14-linux-x86_64-gnu/share/terminfo/x/xnuppc-100x37-m
f	664	994:993	987	/home/woa23c1ro/.local/share/uv/python/cpython-3.11.14-linux-x86_64-gnu/share/terminfo/x/xnuppc-112x37-m
f	664	994:993	987	/home/woa23c1ro/.local/share/uv/python/cpython-3.11.14-linux-x86_64-gnu/share/terminfo/x/xnuppc-128x40-m
f	664	994:993	987	/home/woa23c1ro/.local/share/uv/python/cpython-3.11.14-linux-x86_64-gnu/share/terminfo/x/xnuppc-128x48-m
f	664	994:993	987	/home/woa23c1ro/.local/share/uv/python/cpython-3.11.14-linux-x86_64-gnu/share/terminfo/x/xnuppc-144x48-m
f	664	994:993	987	/home/woa23c1ro/.local/share/uv/python/cpython-3.11.14-linux-x86_64-gnu/share/terminfo/x/xnuppc-160x64-m
f	664	994:993	987	/home/woa23c1ro/.local/share/uv/python/cpython-3.11.14-linux-x86_64-gnu/share/terminfo/x/xnuppc-200x64-m
f	664	994:993	987	/home/woa23c1ro/.local/share/uv/python/cpython-3.11.14-linux-x86_64-gnu/share/terminfo/x/xnuppc-200x75-m
f	664	994:993	987	/home/woa23c1ro/.local/share/uv/python/cpython-3.11.14-linux-x86_64-gnu/share/terminfo/x/xnuppc-256x96-m
f	664	994:993	988	/home/woa23c1ro/.local/share/uv/python/cpython-3.11.14-linux-x86_64-gnu/share/terminfo/t/tvi950-rv
f	664	994:993	989	/home/woa23c1ro/.local/share/uv/python/cpython-3.11.14-linux-x86_64-gnu/lib/python3.11/site-packages/pip-25.3.dist-info/licenses/src/pip/_vendor/certifi/LICENSE
f	664	994:993	989	/home/woa23c1ro/.local/share/uv/python/cpython-3.11.14-linux-x86_64-gnu/lib/python3.11/site-packages/pip/_vendor/certifi/LICENSE
f	664	994:993	989	/home/woa23c1ro/.local/share/uv/python/cpython-3.11.14-linux-x86_64-gnu/lib/tcl8.6/msgs/af.msg
f	664	994:993	989	/home/woa23c1ro/.local/share/uv/python/cpython-3.11.14-linux-x86_64-gnu/share/terminfo/m/mime3ax
f	664	994:993	990	/home/woa23c1ro/.local/share/uv/python/cpython-3.11.14-linux-x86_64-gnu/share/terminfo/d/d210-dg
f	664	994:993	991	/home/woa23c1ro/.local/share/uv/python/cpython-3.11.14-linux-x86_64-gnu/lib/tcl8.6/msgs/sw.msg
f	664	994:993	991	/home/woa23c1ro/.local/share/uv/python/cpython-3.11.14-linux-x86_64-gnu/share/terminfo/x/xnuppc+b
f	664	994:993	992	/home/woa23c1ro/.local/share/uv/python/cpython-3.11.14-linux-x86_64-gnu/share/terminfo/d/dg6053-old
f	664	994:993	992	/home/woa23c1ro/.local/share/uv/python/cpython-3.11.14-linux-x86_64-gnu/share/terminfo/t/tek4023
f	664	994:993	994	/home/woa23c1ro/.local/share/uv/python/cpython-3.11.14-linux-x86_64-gnu/share/terminfo/s/sun-1
f	664	994:993	9945	/home/woa23c1ro/.local/share/uv/python/cpython-3.11.14-linux-x86_64-gnu/lib/python3.11/lib2to3/btm_utils.py
f	664	994:993	999	/home/woa23c1ro/.local/share/uv/python/cpython-3.11.14-linux-x86_64-gnu/lib/python3.11/site-packages/setuptools/_vendor/tomli-2.0.1.dist-info/RECORD
f	775	994:993	1066	/home/woa23c1ro/.local/share/uv/python/cpython-3.11.14-linux-x86_64-gnu/lib/python3.11/turtledemo/peace.py
f	775	994:993	1095	/home/woa23c1ro/.local/share/uv/python/cpython-3.11.14-linux-x86_64-gnu/lib/tk8.6/demos/timer
f	775	994:993	111943	/home/woa23c1ro/.local/share/uv/python/cpython-3.11.14-linux-x86_64-gnu/lib/python3.11/tarfile.py
f	775	994:993	11253	/home/woa23c1ro/.local/share/uv/python/cpython-3.11.14-linux-x86_64-gnu/lib/tk8.6/demos/tcolor
f	775	994:993	112650	/home/woa23c1ro/.local/share/uv/python/cpython-3.11.14-linux-x86_64-gnu/lib/python3.11/pydoc.py
f	775	994:993	11299	/home/woa23c1ro/.local/share/uv/python/cpython-3.11.14-linux-x86_64-gnu/lib/python3.11/tabnanny.py
f	775	994:993	1291	/home/woa23c1ro/.local/share/uv/python/cpython-3.11.14-linux-x86_64-gnu/lib/python3.11/turtledemo/paint.py
f	775	994:993	1302	/home/woa23c1ro/.local/share/uv/python/cpython-3.11.14-linux-x86_64-gnu/lib/python3.11/lib2to3/pgen2/token.py
f	775	994:993	13519	/home/woa23c1ro/.local/share/uv/python/cpython-3.11.14-linux-x86_64-gnu/lib/python3.11/timeit.py
f	775	994:993	1401	/home/woa23c1ro/.local/share/uv/python/cpython-3.11.14-linux-x86_64-gnu/lib/python3.11/turtledemo/tree.py
f	775	994:993	141	/home/woa23c1ro/.local/share/uv/python/cpython-3.11.14-linux-x86_64-gnu/bin/pydoc3.11
f	775	994:993	15285	/home/woa23c1ro/.local/share/uv/python/cpython-3.11.14-linux-x86_64-gnu/lib/python3.11/turtledemo/__main__.py
f	775	994:993	15358	/home/woa23c1ro/.local/share/uv/python/cpython-3.11.14-linux-x86_64-gnu/lib/python3.11/config-3.11-x86_64-linux-gnu/install-sh
f	775	994:993	156	/home/woa23c1ro/.local/share/uv/python/cpython-3.11.14-linux-x86_64-gnu/bin/idle3.11
f	775	994:993	158	/home/woa23c1ro/.local/share/uv/python/cpython-3.11.14-linux-x86_64-gnu/bin/2to3-3.11
f	775	994:993	16088	/home/woa23c1ro/.local/share/uv/python/cpython-3.11.14-linux-x86_64-gnu/lib/python3.11/lib-dynload/_crypt.cpython-311-x86_64-linux-gnu.so
f	775	994:993	1678656	/home/woa23c1ro/.local/share/uv/python/cpython-3.11.14-linux-x86_64-gnu/lib/python3.11/lib-dynload/_dbm.cpython-311-x86_64-linux-gnu.so
f	775	994:993	1758	/home/woa23c1ro/.local/share/uv/python/cpython-3.11.14-linux-x86_64-gnu/lib/tk8.6/demos/browse
f	775	994:993	19328	/home/woa23c1ro/.local/share/uv/python/cpython-3.11.14-linux-x86_64-gnu/lib/libpython3.so
f	775	994:993	1984944	/home/woa23c1ro/.local/share/uv/python/cpython-3.11.14-linux-x86_64-gnu/lib/libtcl8.6.so
f	775	994:993	2051	/home/woa23c1ro/.local/share/uv/python/cpython-3.11.14-linux-x86_64-gnu/lib/python3.11/turtledemo/minimal_hanoi.py
f	775	994:993	2100	/home/woa23c1ro/.local/share/uv/python/cpython-3.11.14-linux-x86_64-gnu/lib/python3.11/config-3.11-x86_64-linux-gnu/python-config.py
f	775	994:993	21028	/home/woa23c1ro/.local/share/uv/python/cpython-3.11.14-linux-x86_64-gnu/lib/python3.11/base64.py
f	775	994:993	21333768	/home/woa23c1ro/.local/share/uv/python/cpython-3.11.14-linux-x86_64-gnu/bin/python3.11
f	775	994:993	21383760	/home/woa23c1ro/.local/share/uv/python/cpython-3.11.14-linux-x86_64-gnu/lib/libpython3.11.so.1.0
f	775	994:993	22883	/home/woa23c1ro/.local/share/uv/python/cpython-3.11.14-linux-x86_64-gnu/lib/python3.11/profile.py
f	775	994:993	24064	/home/woa23c1ro/.local/share/uv/python/cpython-3.11.14-linux-x86_64-gnu/lib/tk8.6/demos/widget
f	775	994:993	2434	/home/woa23c1ro/.local/share/uv/python/cpython-3.11.14-linux-x86_64-gnu/lib/python3.11/turtledemo/lindenmayer.py
f	775	994:993	2448	/home/woa23c1ro/.local/share/uv/python/cpython-3.11.14-linux-x86_64-gnu/lib/python3.11/encodings/rot_13.py
f	775	994:993	25136	/home/woa23c1ro/.local/share/uv/python/cpython-3.11.14-linux-x86_64-gnu/lib/python3.11/webbrowser.py
f	775	994:993	259	/home/woa23c1ro/.local/share/uv/python/cpython-3.11.14-linux-x86_64-gnu/bin/pip
f	775	994:993	259	/home/woa23c1ro/.local/share/uv/python/cpython-3.11.14-linux-x86_64-gnu/bin/pip3
f	775	994:993	259	/home/woa23c1ro/.local/share/uv/python/cpython-3.11.14-linux-x86_64-gnu/bin/pip3.11
f	775	994:993	2825	/home/woa23c1ro/.local/share/uv/python/cpython-3.11.14-linux-x86_64-gnu/lib/python3.11/turtledemo/planet_and_moon.py
f	775	994:993	2892872	/home/woa23c1ro/.local/share/uv/python/cpython-3.11.14-linux-x86_64-gnu/lib/libtk8.6.so
f	775	994:993	29182	/home/woa23c1ro/.local/share/uv/python/cpython-3.11.14-linux-x86_64-gnu/lib/python3.11/trace.py
f	775	994:993	2966	/home/woa23c1ro/.local/share/uv/python/cpython-3.11.14-linux-x86_64-gnu/lib/python3.11/turtledemo/forest.py
f	775	994:993	3069	/home/woa23c1ro/.local/share/uv/python/cpython-3.11.14-linux-x86_64-gnu/bin/python3.11-config
f	775	994:993	31162	/home/woa23c1ro/.local/share/uv/python/cpython-3.11.14-linux-x86_64-gnu/lib/python3.11/smtpd.py
f	775	994:993	3180	/home/woa23c1ro/.local/share/uv/python/cpython-3.11.14-linux-x86_64-gnu/lib/python3.11/turtledemo/clock.py
f	775	994:993	32984	/home/woa23c1ro/.local/share/uv/python/cpython-3.11.14-linux-x86_64-gnu/lib/python3.11/lib-dynload/_ctypes_test.cpython-311-x86_64-linux-gnu.so
f	775	994:993	3380	/home/woa23c1ro/.local/share/uv/python/cpython-3.11.14-linux-x86_64-gnu/lib/python3.11/turtledemo/penrose.py
f	775	994:993	34479	/home/woa23c1ro/.local/share/uv/python/cpython-3.11.14-linux-x86_64-gnu/lib/python3.11/cgi.py
f	775	994:993	3473	/home/woa23c1ro/.local/share/uv/python/cpython-3.11.14-linux-x86_64-gnu/lib/python3.11/turtledemo/fractalcurves.py
f	775	994:993	42273	/home/woa23c1ro/.local/share/uv/python/cpython-3.11.14-linux-x86_64-gnu/lib/python3.11/platform.py
f	775	994:993	4248	/home/woa23c1ro/.local/share/uv/python/cpython-3.11.14-linux-x86_64-gnu/lib/python3.11/turtledemo/bytedesign.py
f	775	994:993	45418	/home/woa23c1ro/.local/share/uv/python/cpython-3.11.14-linux-x86_64-gnu/lib/python3.11/smtplib.py
f	775	994:993	5052	/home/woa23c1ro/.local/share/uv/python/cpython-3.11.14-linux-x86_64-gnu/lib/python3.11/turtledemo/sorting_animate.py
f	775	994:993	511	/home/woa23c1ro/.local/share/uv/python/cpython-3.11.14-linux-x86_64-gnu/lib/python3.11/site-packages/pip/_internal/__init__.py
f	775	994:993	512	/home/woa23c1ro/.local/share/uv/python/cpython-3.11.14-linux-x86_64-gnu/lib/tk8.6/demos/hello
f	775	994:993	5319	/home/woa23c1ro/.local/share/uv/python/cpython-3.11.14-linux-x86_64-gnu/lib/tk8.6/demos/rmt
f	775	994:993	61376	/home/woa23c1ro/.local/share/uv/python/cpython-3.11.14-linux-x86_64-gnu/lib/python3.11/lib-dynload/_testclinic.cpython-311-x86_64-linux-gnu.so
f	775	994:993	62537	/home/woa23c1ro/.local/share/uv/python/cpython-3.11.14-linux-x86_64-gnu/lib/python3.11/idlelib/pyshell.py
f	775	994:993	6346	/home/woa23c1ro/.local/share/uv/python/cpython-3.11.14-linux-x86_64-gnu/lib/python3.11/cProfile.py
f	775	994:993	64173	/home/woa23c1ro/.local/share/uv/python/cpython-3.11.14-linux-x86_64-gnu/lib/python3.11/pdb.py
f	775	994:993	7268	/home/woa23c1ro/.local/share/uv/python/cpython-3.11.14-linux-x86_64-gnu/lib/python3.11/quopri.py
f	775	994:993	76552	/home/woa23c1ro/.local/share/uv/python/cpython-3.11.14-linux-x86_64-gnu/lib/python3.11/lib-dynload/_tkinter.cpython-311-x86_64-linux-gnu.so
f	775	994:993	8075	/home/woa23c1ro/.local/share/uv/python/cpython-3.11.14-linux-x86_64-gnu/lib/tk8.6/demos/ixset
f	775	994:993	821	/home/woa23c1ro/.local/share/uv/python/cpython-3.11.14-linux-x86_64-gnu/lib/python3.11/turtledemo/yinyang.py
f	775	994:993	8303	/home/woa23c1ro/.local/share/uv/python/cpython-3.11.14-linux-x86_64-gnu/lib/tk8.6/demos/rolodex
f	775	994:993	84	/home/woa23c1ro/.local/share/uv/python/cpython-3.11.14-linux-x86_64-gnu/lib/python3.11/ctypes/macholib/fetch_macholib
f	775	994:993	9262	/home/woa23c1ro/.local/share/uv/python/cpython-3.11.14-linux-x86_64-gnu/lib/python3.11/config-3.11-x86_64-linux-gnu/makesetup
l	777	994:993	10	/home/woa23c1ro/.local/share/uv/python/cpython-3.11.14-linux-x86_64-gnu/bin/python
l	777	994:993	10	/home/woa23c1ro/.local/share/uv/python/cpython-3.11.14-linux-x86_64-gnu/bin/python3
l	777	994:993	10	/home/woa23c1ro/.local/share/uv/python/cpython-3.11.14-linux-x86_64-gnu/share/terminfo/8/8510
l	777	994:993	10	/home/woa23c1ro/.local/share/uv/python/cpython-3.11.14-linux-x86_64-gnu/share/terminfo/Q/Q310-vip-H
l	777	994:993	10	/home/woa23c1ro/.local/share/uv/python/cpython-3.11.14-linux-x86_64-gnu/share/terminfo/Q/Q310-vip-H-am
l	777	994:993	10	/home/woa23c1ro/.local/share/uv/python/cpython-3.11.14-linux-x86_64-gnu/share/terminfo/Q/Q310-vip-w
l	777	994:993	10	/home/woa23c1ro/.local/share/uv/python/cpython-3.11.14-linux-x86_64-gnu/share/terminfo/Q/Q310-vip-w-am
l	777	994:993	10	/home/woa23c1ro/.local/share/uv/python/cpython-3.11.14-linux-x86_64-gnu/share/terminfo/a/aaa-30-s-ctxt
l	777	994:993	10	/home/woa23c1ro/.local/share/uv/python/cpython-3.11.14-linux-x86_64-gnu/share/terminfo/a/ap-vm80
l	777	994:993	10	/home/woa23c1ro/.local/share/uv/python/cpython-3.11.14-linux-x86_64-gnu/share/terminfo/a/att4425-nl
l	777	994:993	10	/home/woa23c1ro/.local/share/uv/python/cpython-3.11.14-linux-x86_64-gnu/share/terminfo/a/att5420+nl
l	777	994:993	10	/home/woa23c1ro/.local/share/uv/python/cpython-3.11.14-linux-x86_64-gnu/share/terminfo/a/att5420-nl
l	777	994:993	10	/home/woa23c1ro/.local/share/uv/python/cpython-3.11.14-linux-x86_64-gnu/share/terminfo/a/att5420-rv
l	777	994:993	10	/home/woa23c1ro/.local/share/uv/python/cpython-3.11.14-linux-x86_64-gnu/share/terminfo/b/bsdos-pc-mono
l	777	994:993	10	/home/woa23c1ro/.local/share/uv/python/cpython-3.11.14-linux-x86_64-gnu/share/terminfo/c/c100-1p
l	777	994:993	10	/home/woa23c1ro/.local/share/uv/python/cpython-3.11.14-linux-x86_64-gnu/share/terminfo/c/citoh-ps
l	777	994:993	10	/home/woa23c1ro/.local/share/uv/python/cpython-3.11.14-linux-x86_64-gnu/share/terminfo/c/concept108rv4p
l	777	994:993	10	/home/woa23c1ro/.local/share/uv/python/cpython-3.11.14-linux-x86_64-gnu/share/terminfo/c/cons25-iso-m
l	777	994:993	10	/home/woa23c1ro/.local/share/uv/python/cpython-3.11.14-linux-x86_64-gnu/share/terminfo/c/cons50-iso-m
l	777	994:993	10	/home/woa23c1ro/.local/share/uv/python/cpython-3.11.14-linux-x86_64-gnu/share/terminfo/c/cons60-iso-m
l	777	994:993	10	/home/woa23c1ro/.local/share/uv/python/cpython-3.11.14-linux-x86_64-gnu/share/terminfo/d/d430-unix
l	777	994:993	10	/home/woa23c1ro/.local/share/uv/python/cpython-3.11.14-linux-x86_64-gnu/share/terminfo/d/dataspeed40
l	777	994:993	10	/home/woa23c1ro/.local/share/uv/python/cpython-3.11.14-linux-x86_64-gnu/share/terminfo/d/dec-vt330
l	777	994:993	10	/home/woa23c1ro/.local/share/uv/python/cpython-3.11.14-linux-x86_64-gnu/share/terminfo/d/dec-vt340
l	777	994:993	10	/home/woa23c1ro/.local/share/uv/python/cpython-3.11.14-linux-x86_64-gnu/share/terminfo/d/dec-vt400
l	777	994:993	10	/home/woa23c1ro/.local/share/uv/python/cpython-3.11.14-linux-x86_64-gnu/share/terminfo/d/dg100
l	777	994:993	10	/home/woa23c1ro/.local/share/uv/python/cpython-3.11.14-linux-x86_64-gnu/share/terminfo/d/diablo
l	777	994:993	10	/home/woa23c1ro/.local/share/uv/python/cpython-3.11.14-linux-x86_64-gnu/share/terminfo/d/diablo1720
l	777	994:993	10	/home/woa23c1ro/.local/share/uv/python/cpython-3.11.14-linux-x86_64-gnu/share/terminfo/d/diablo1730
l	777	994:993	10	/home/woa23c1ro/.local/share/uv/python/cpython-3.11.14-linux-x86_64-gnu/share/terminfo/d/diablo1740
l	777	994:993	10	/home/woa23c1ro/.local/share/uv/python/cpython-3.11.14-linux-x86_64-gnu/share/terminfo/d/diablo450
l	777	994:993	10	/home/woa23c1ro/.local/share/uv/python/cpython-3.11.14-linux-x86_64-gnu/share/terminfo/d/diablo630
l	777	994:993	10	/home/woa23c1ro/.local/share/uv/python/cpython-3.11.14-linux-x86_64-gnu/share/terminfo/d/ds40
l	777	994:993	10	/home/woa23c1ro/.local/share/uv/python/cpython-3.11.14-linux-x86_64-gnu/share/terminfo/d/ds40-2
l	777	994:993	10	/home/woa23c1ro/.local/share/uv/python/cpython-3.11.14-linux-x86_64-gnu/share/terminfo/e/excel64-rv
l	777	994:993	10	/home/woa23c1ro/.local/share/uv/python/cpython-3.11.14-linux-x86_64-gnu/share/terminfo/e/exec80
l	777	994:993	10	/home/woa23c1ro/.local/share/uv/python/cpython-3.11.14-linux-x86_64-gnu/share/terminfo/f/fenix
l	777	994:993	10	/home/woa23c1ro/.local/share/uv/python/cpython-3.11.14-linux-x86_64-gnu/share/terminfo/g/guru-lp
l	777	994:993	10	/home/woa23c1ro/.local/share/uv/python/cpython-3.11.14-linux-x86_64-gnu/share/terminfo/h/hp2621k45
l	777	994:993	10	/home/woa23c1ro/.local/share/uv/python/cpython-3.11.14-linux-x86_64-gnu/share/terminfo/h/hp2624a-10p
l	777	994:993	10	/home/woa23c1ro/.local/share/uv/python/cpython-3.11.14-linux-x86_64-gnu/share/terminfo/h/hp2624b-10p
l	777	994:993	10	/home/woa23c1ro/.local/share/uv/python/cpython-3.11.14-linux-x86_64-gnu/share/terminfo/i/ibm6154-c
l	777	994:993	10	/home/woa23c1ro/.local/share/uv/python/cpython-3.11.14-linux-x86_64-gnu/share/terminfo/i/iterm2
l	777	994:993	10	/home/woa23c1ro/.local/share/uv/python/cpython-3.11.14-linux-x86_64-gnu/share/terminfo/m/mod
l	777	994:993	10	/home/woa23c1ro/.local/share/uv/python/cpython-3.11.14-linux-x86_64-gnu/share/terminfo/n/nansisysk
l	777	994:993	10	/home/woa23c1ro/.local/share/uv/python/cpython-3.11.14-linux-x86_64-gnu/share/terminfo/n/ncrvt100pp
l	777	994:993	10	/home/woa23c1ro/.local/share/uv/python/cpython-3.11.14-linux-x86_64-gnu/share/terminfo/n/nsterm-7-m
l	777	994:993	10	/home/woa23c1ro/.local/share/uv/python/cpython-3.11.14-linux-x86_64-gnu/share/terminfo/n/nsterm-7-s
l	777	994:993	10	/home/woa23c1ro/.local/share/uv/python/cpython-3.11.14-linux-x86_64-gnu/share/terminfo/n/nsterm-c-7
l	777	994:993	10	/home/woa23c1ro/.local/share/uv/python/cpython-3.11.14-linux-x86_64-gnu/share/terminfo/o/os9LII
l	777	994:993	10	/home/woa23c1ro/.local/share/uv/python/cpython-3.11.14-linux-x86_64-gnu/share/terminfo/p/p9-8-w
l	777	994:993	10	/home/woa23c1ro/.local/share/uv/python/cpython-3.11.14-linux-x86_64-gnu/share/terminfo/q/qvt119p-25
l	777	994:993	10	/home/woa23c1ro/.local/share/uv/python/cpython-3.11.14-linux-x86_64-gnu/share/terminfo/s/stterm-16color
l	777	994:993	10	/home/woa23c1ro/.local/share/uv/python/cpython-3.11.14-linux-x86_64-gnu/share/terminfo/t/tek4027-ex
l	777	994:993	10	/home/woa23c1ro/.local/share/uv/python/cpython-3.11.14-linux-x86_64-gnu/share/terminfo/t/tek4107brl
l	777	994:993	10	/home/woa23c1ro/.local/share/uv/python/cpython-3.11.14-linux-x86_64-gnu/share/terminfo/t/tek4109brl
l	777	994:993	10	/home/woa23c1ro/.local/share/uv/python/cpython-3.11.14-linux-x86_64-gnu/share/terminfo/t/tgtelnet
l	777	994:993	10	/home/woa23c1ro/.local/share/uv/python/cpython-3.11.14-linux-x86_64-gnu/share/terminfo/t/ts-1
l	777	994:993	10	/home/woa23c1ro/.local/share/uv/python/cpython-3.11.14-linux-x86_64-gnu/share/terminfo/t/ts1
l	777	994:993	10	/home/woa23c1ro/.local/share/uv/python/cpython-3.11.14-linux-x86_64-gnu/share/terminfo/t/tvi912c-2p
l	777	994:993	10	/home/woa23c1ro/.local/share/uv/python/cpython-3.11.14-linux-x86_64-gnu/share/terminfo/t/tvi912c-mc
l	777	994:993	10	/home/woa23c1ro/.local/share/uv/python/cpython-3.11.14-linux-x86_64-gnu/share/terminfo/t/tvi912c-vb
l	777	994:993	10	/home/woa23c1ro/.local/share/uv/python/cpython-3.11.14-linux-x86_64-gnu/share/terminfo/t/tvi920c-2p
l	777	994:993	10	/home/woa23c1ro/.local/share/uv/python/cpython-3.11.14-linux-x86_64-gnu/share/terminfo/t/tvi920c-mc
l	777	994:993	10	/home/woa23c1ro/.local/share/uv/python/cpython-3.11.14-linux-x86_64-gnu/share/terminfo/t/tvi920c-vb
l	777	994:993	10	/home/woa23c1ro/.local/share/uv/python/cpython-3.11.14-linux-x86_64-gnu/share/terminfo/v/vt200-8
l	777	994:993	10	/home/woa23c1ro/.local/share/uv/python/cpython-3.11.14-linux-x86_64-gnu/share/terminfo/v/vt200-8bit
l	777	994:993	10	/home/woa23c1ro/.local/share/uv/python/cpython-3.11.14-linux-x86_64-gnu/share/terminfo/v/vt220-8
l	777	994:993	10	/home/woa23c1ro/.local/share/uv/python/cpython-3.11.14-linux-x86_64-gnu/share/terminfo/w/wren
l	777	994:993	10	/home/woa23c1ro/.local/share/uv/python/cpython-3.11.14-linux-x86_64-gnu/share/terminfo/w/wy120-wvb
l	777	994:993	10	/home/woa23c1ro/.local/share/uv/python/cpython-3.11.14-linux-x86_64-gnu/share/terminfo/w/wy150-25-w
l	777	994:993	10	/home/woa23c1ro/.local/share/uv/python/cpython-3.11.14-linux-x86_64-gnu/share/terminfo/w/wy150-w-vb
l	777	994:993	10	/home/woa23c1ro/.local/share/uv/python/cpython-3.11.14-linux-x86_64-gnu/share/terminfo/w/wy160-wvb
l	777	994:993	10	/home/woa23c1ro/.local/share/uv/python/cpython-3.11.14-linux-x86_64-gnu/share/terminfo/w/wy325-wvb
l	777	994:993	10	/home/woa23c1ro/.local/share/uv/python/cpython-3.11.14-linux-x86_64-gnu/share/terminfo/w/wy60-PC
l	777	994:993	10	/home/woa23c1ro/.local/share/uv/python/cpython-3.11.14-linux-x86_64-gnu/share/terminfo/w/wyse120-25-w
l	777	994:993	10	/home/woa23c1ro/.local/share/uv/python/cpython-3.11.14-linux-x86_64-gnu/share/terminfo/w/wyse120-wvb
l	777	994:993	10	/home/woa23c1ro/.local/share/uv/python/cpython-3.11.14-linux-x86_64-gnu/share/terminfo/w/wyse150-25-w
l	777	994:993	10	/home/woa23c1ro/.local/share/uv/python/cpython-3.11.14-linux-x86_64-gnu/share/terminfo/w/wyse150-w-vb
l	777	994:993	10	/home/woa23c1ro/.local/share/uv/python/cpython-3.11.14-linux-x86_64-gnu/share/terminfo/w/wyse160-25-w
l	777	994:993	10	/home/woa23c1ro/.local/share/uv/python/cpython-3.11.14-linux-x86_64-gnu/share/terminfo/w/wyse160-42-w
l	777	994:993	10	/home/woa23c1ro/.local/share/uv/python/cpython-3.11.14-linux-x86_64-gnu/share/terminfo/w/wyse160-43-w
l	777	994:993	10	/home/woa23c1ro/.local/share/uv/python/cpython-3.11.14-linux-x86_64-gnu/share/terminfo/w/wyse160-wvb
l	777	994:993	10	/home/woa23c1ro/.local/share/uv/python/cpython-3.11.14-linux-x86_64-gnu/share/terminfo/w/wyse325-wvb
l	777	994:993	10	/home/woa23c1ro/.local/share/uv/python/cpython-3.11.14-linux-x86_64-gnu/share/terminfo/w/wyse520-36pc
l	777	994:993	10	/home/woa23c1ro/.local/share/uv/python/cpython-3.11.14-linux-x86_64-gnu/share/terminfo/w/wyse520-48pc
l	777	994:993	10	/home/woa23c1ro/.local/share/uv/python/cpython-3.11.14-linux-x86_64-gnu/share/terminfo/w/wyse60-PC
l	777	994:993	10	/home/woa23c1ro/.local/share/uv/python/cpython-3.11.14-linux-x86_64-gnu/share/terminfo/x/xl83
l	777	994:993	11	/home/woa23c1ro/.local/share/uv/python/cpython-3.11.14-linux-x86_64-gnu/share/terminfo/2/2621
l	777	994:993	11	/home/woa23c1ro/.local/share/uv/python/cpython-3.11.14-linux-x86_64-gnu/share/terminfo/2/2621-wl
l	777	994:993	11	/home/woa23c1ro/.local/share/uv/python/cpython-3.11.14-linux-x86_64-gnu/share/terminfo/2/2621A
l	777	994:993	11	/home/woa23c1ro/.local/share/uv/python/cpython-3.11.14-linux-x86_64-gnu/share/terminfo/2/2621a
l	777	994:993	11	/home/woa23c1ro/.local/share/uv/python/cpython-3.11.14-linux-x86_64-gnu/share/terminfo/5/5051
l	777	994:993	11	/home/woa23c1ro/.local/share/uv/python/cpython-3.11.14-linux-x86_64-gnu/share/terminfo/6/6053
l	777	994:993	11	/home/woa23c1ro/.local/share/uv/python/cpython-3.11.14-linux-x86_64-gnu/share/terminfo/6/6053-dg
l	777	994:993	11	/home/woa23c1ro/.local/share/uv/python/cpython-3.11.14-linux-x86_64-gnu/share/terminfo/6/605x
l	777	994:993	11	/home/woa23c1ro/.local/share/uv/python/cpython-3.11.14-linux-x86_64-gnu/share/terminfo/6/605x-dg
l	777	994:993	11	/home/woa23c1ro/.local/share/uv/python/cpython-3.11.14-linux-x86_64-gnu/share/terminfo/A/Apple_Terminal
l	777	994:993	11	/home/woa23c1ro/.local/share/uv/python/cpython-3.11.14-linux-x86_64-gnu/share/terminfo/P/P4
l	777	994:993	11	/home/woa23c1ro/.local/share/uv/python/cpython-3.11.14-linux-x86_64-gnu/share/terminfo/P/P5
l	777	994:993	11	/home/woa23c1ro/.local/share/uv/python/cpython-3.11.14-linux-x86_64-gnu/share/terminfo/P/P7
l	777	994:993	11	/home/woa23c1ro/.local/share/uv/python/cpython-3.11.14-linux-x86_64-gnu/share/terminfo/P/P8
l	777	994:993	11	/home/woa23c1ro/.local/share/uv/python/cpython-3.11.14-linux-x86_64-gnu/share/terminfo/P/P9
l	777	994:993	11	/home/woa23c1ro/.local/share/uv/python/cpython-3.11.14-linux-x86_64-gnu/share/terminfo/Q/Q310-vip-Hw
l	777	994:993	11	/home/woa23c1ro/.local/share/uv/python/cpython-3.11.14-linux-x86_64-gnu/share/terminfo/X/X-hpterm
l	777	994:993	11	/home/woa23c1ro/.local/share/uv/python/cpython-3.11.14-linux-x86_64-gnu/share/terminfo/a/aaa-ctxt
l	777	994:993	11	/home/woa23c1ro/.local/share/uv/python/cpython-3.11.14-linux-x86_64-gnu/share/terminfo/a/aaa-s-rv
l	777	994:993	11	/home/woa23c1ro/.local/share/uv/python/cpython-3.11.14-linux-x86_64-gnu/share/terminfo/a/ansi80x25
l	777	994:993	11	/home/woa23c1ro/.local/share/uv/python/cpython-3.11.14-linux-x86_64-gnu/share/terminfo/a/ansi80x30
l	777	994:993	11	/home/woa23c1ro/.local/share/uv/python/cpython-3.11.14-linux-x86_64-gnu/share/terminfo/a/ansi80x43
l	777	994:993	11	/home/woa23c1ro/.local/share/uv/python/cpython-3.11.14-linux-x86_64-gnu/share/terminfo/a/ansi80x50
l	777	994:993	11	/home/woa23c1ro/.local/share/uv/python/cpython-3.11.14-linux-x86_64-gnu/share/terminfo/a/ansi80x60
l	777	994:993	11	/home/woa23c1ro/.local/share/uv/python/cpython-3.11.14-linux-x86_64-gnu/share/terminfo/a/ansil
l	777	994:993	11	/home/woa23c1ro/.local/share/uv/python/cpython-3.11.14-linux-x86_64-gnu/share/terminfo/a/ansis
l	777	994:993	11	/home/woa23c1ro/.local/share/uv/python/cpython-3.11.14-linux-x86_64-gnu/share/terminfo/a/att5410v1-w
l	777	994:993	11	/home/woa23c1ro/.local/share/uv/python/cpython-3.11.14-linux-x86_64-gnu/share/terminfo/c/cx
l	777	994:993	11	/home/woa23c1ro/.local/share/uv/python/cpython-3.11.14-linux-x86_64-gnu/share/terminfo/c/cx100
l	777	994:993	11	/home/woa23c1ro/.local/share/uv/python/cpython-3.11.14-linux-x86_64-gnu/share/terminfo/d/d412+s
l	777	994:993	11	/home/woa23c1ro/.local/share/uv/python/cpython-3.11.14-linux-x86_64-gnu/share/terminfo/d/d412+w
l	777	994:993	11	/home/woa23c1ro/.local/share/uv/python/cpython-3.11.14-linux-x86_64-gnu/share/terminfo/d/d462+s
l	777	994:993	11	/home/woa23c1ro/.local/share/uv/python/cpython-3.11.14-linux-x86_64-gnu/share/terminfo/d/d462+w
l	777	994:993	11	/home/woa23c1ro/.local/share/uv/python/cpython-3.11.14-linux-x86_64-gnu/share/terminfo/d/d462-unix-s
l	777	994:993	11	/home/woa23c1ro/.local/share/uv/python/cpython-3.11.14-linux-x86_64-gnu/share/terminfo/d/d462-unix-w
l	777	994:993	11	/home/woa23c1ro/.local/share/uv/python/cpython-3.11.14-linux-x86_64-gnu/share/terminfo/d/d463-unix-s
l	777	994:993	11	/home/woa23c1ro/.local/share/uv/python/cpython-3.11.14-linux-x86_64-gnu/share/terminfo/d/d463-unix-w
l	777	994:993	11	/home/woa23c1ro/.local/share/uv/python/cpython-3.11.14-linux-x86_64-gnu/share/terminfo/d/d464-unix-s
l	777	994:993	11	/home/woa23c1ro/.local/share/uv/python/cpython-3.11.14-linux-x86_64-gnu/share/terminfo/d/d464-unix-w
l	777	994:993	11	/home/woa23c1ro/.local/share/uv/python/cpython-3.11.14-linux-x86_64-gnu/share/terminfo/d/darwin
l	777	994:993	11	/home/woa23c1ro/.local/share/uv/python/cpython-3.11.14-linux-x86_64-gnu/share/terminfo/d/decpro
l	777	994:993	11	/home/woa23c1ro/.local/share/uv/python/cpython-3.11.14-linux-x86_64-gnu/share/terminfo/e/emots
l	777	994:993	11	/home/woa23c1ro/.local/share/uv/python/cpython-3.11.14-linux-x86_64-gnu/share/terminfo/f/fenixw
l	777	994:993	11	/home/woa23c1ro/.local/share/uv/python/cpython-3.11.14-linux-x86_64-gnu/share/terminfo/f/fixterm
l	777	994:993	11	/home/woa23c1ro/.local/share/uv/python/cpython-3.11.14-linux-x86_64-gnu/share/terminfo/g/gs5430
l	777	994:993	11	/home/woa23c1ro/.local/share/uv/python/cpython-3.11.14-linux-x86_64-gnu/share/terminfo/h/h-100bw
l	777	994:993	11	/home/woa23c1ro/.local/share/uv/python/cpython-3.11.14-linux-x86_64-gnu/share/terminfo/h/h100bw
l	777	994:993	11	/home/woa23c1ro/.local/share/uv/python/cpython-3.11.14-linux-x86_64-gnu/share/terminfo/i/iris40
l	777	994:993	11	/home/woa23c1ro/.local/share/uv/python/cpython-3.11.14-linux-x86_64-gnu/share/terminfo/k/kterm-co
l	777	994:993	11	/home/woa23c1ro/.local/share/uv/python/cpython-3.11.14-linux-x86_64-gnu/share/terminfo/m/mdl110
l	777	994:993	11	/home/woa23c1ro/.local/share/uv/python/cpython-3.11.14-linux-x86_64-gnu/share/terminfo/n/ncrvt100wpp
l	777	994:993	11	/home/woa23c1ro/.local/share/uv/python/cpython-3.11.14-linux-x86_64-gnu/share/terminfo/o/opennt-25-w-vt
l	777	994:993	11	/home/woa23c1ro/.local/share/uv/python/cpython-3.11.14-linux-x86_64-gnu/share/terminfo/p/p12-m-w
l	777	994:993	11	/home/woa23c1ro/.local/share/uv/python/cpython-3.11.14-linux-x86_64-gnu/share/terminfo/p/p14-m-w
l	777	994:993	11	/home/woa23c1ro/.local/share/uv/python/cpython-3.11.14-linux-x86_64-gnu/share/terminfo/p/pc3-bold
l	777	994:993	11	/home/woa23c1ro/.local/share/uv/python/cpython-3.11.14-linux-x86_64-gnu/share/terminfo/p/pcansi25m
l	777	994:993	11	/home/woa23c1ro/.local/share/uv/python/cpython-3.11.14-linux-x86_64-gnu/share/terminfo/p/pcansi33m
l	777	994:993	11	/home/woa23c1ro/.local/share/uv/python/cpython-3.11.14-linux-x86_64-gnu/share/terminfo/p/pcz19
l	777	994:993	11	/home/woa23c1ro/.local/share/uv/python/cpython-3.11.14-linux-x86_64-gnu/share/terminfo/p/pe550
l	777	994:993	11	/home/woa23c1ro/.local/share/uv/python/cpython-3.11.14-linux-x86_64-gnu/share/terminfo/p/pe6100
l	777	994:993	11	/home/woa23c1ro/.local/share/uv/python/cpython-3.11.14-linux-x86_64-gnu/share/terminfo/p/pt505
l	777	994:993	11	/home/woa23c1ro/.local/share/uv/python/cpython-3.11.14-linux-x86_64-gnu/share/terminfo/s/sbobcat
l	777	994:993	11	/home/woa23c1ro/.local/share/uv/python/cpython-3.11.14-linux-x86_64-gnu/share/terminfo/s/stterm-256color
l	777	994:993	11	/home/woa23c1ro/.local/share/uv/python/cpython-3.11.14-linux-x86_64-gnu/share/terminfo/t/tvi912c-unk
l	777	994:993	11	/home/woa23c1ro/.local/share/uv/python/cpython-3.11.14-linux-x86_64-gnu/share/terminfo/t/tvi920c-unk
l	777	994:993	11	/home/woa23c1ro/.local/share/uv/python/cpython-3.11.14-linux-x86_64-gnu/share/terminfo/v/vt100-bm
l	777	994:993	11	/home/woa23c1ro/.local/share/uv/python/cpython-3.11.14-linux-x86_64-gnu/share/terminfo/v/vt100-bm-o
l	777	994:993	11	/home/woa23c1ro/.local/share/uv/python/cpython-3.11.14-linux-x86_64-gnu/share/terminfo/v/vt100-bot-s
l	777	994:993	11	/home/woa23c1ro/.local/share/uv/python/cpython-3.11.14-linux-x86_64-gnu/share/terminfo/v/vt100-nam-w
l	777	994:993	11	/home/woa23c1ro/.local/share/uv/python/cpython-3.11.14-linux-x86_64-gnu/share/terminfo/v/vt100-w-nav
l	777	994:993	11	/home/woa23c1ro/.local/share/uv/python/cpython-3.11.14-linux-x86_64-gnu/share/terminfo/v/vt300-w-nam
l	777	994:993	11	/home/woa23c1ro/.local/share/uv/python/cpython-3.11.14-linux-x86_64-gnu/share/terminfo/v/vv100
l	777	994:993	11	/home/woa23c1ro/.local/share/uv/python/cpython-3.11.14-linux-x86_64-gnu/share/terminfo/w/wrenw
l	777	994:993	11	/home/woa23c1ro/.local/share/uv/python/cpython-3.11.14-linux-x86_64-gnu/share/terminfo/w/wy99gt-wvb
l	777	994:993	11	/home/woa23c1ro/.local/share/uv/python/cpython-3.11.14-linux-x86_64-gnu/share/terminfo/w/wyse520-36wpc
l	777	994:993	11	/home/woa23c1ro/.local/share/uv/python/cpython-3.11.14-linux-x86_64-gnu/share/terminfo/w/wyse520-48wpc
l	777	994:993	11	/home/woa23c1ro/.local/share/uv/python/cpython-3.11.14-linux-x86_64-gnu/share/terminfo/w/wyse520-epc-w
l	777	994:993	11	/home/woa23c1ro/.local/share/uv/python/cpython-3.11.14-linux-x86_64-gnu/share/terminfo/w/wyse99gt-25-w
l	777	994:993	11	/home/woa23c1ro/.local/share/uv/python/cpython-3.11.14-linux-x86_64-gnu/share/terminfo/w/wyse99gt-wvb
l	777	994:993	11	/home/woa23c1ro/.local/share/uv/python/cpython-3.11.14-linux-x86_64-gnu/share/terminfo/x/xenix
l	777	994:993	11	/home/woa23c1ro/.local/share/uv/python/cpython-3.11.14-linux-x86_64-gnu/share/terminfo/x/xterm.js
l	777	994:993	12	/home/woa23c1ro/.local/share/uv/python/cpython-3.11.14-linux-x86_64-gnu/share/man/man1/python3.1
l	777	994:993	12	/home/woa23c1ro/.local/share/uv/python/cpython-3.11.14-linux-x86_64-gnu/share/terminfo/1/1178
l	777	994:993	12	/home/woa23c1ro/.local/share/uv/python/cpython-3.11.14-linux-x86_64-gnu/share/terminfo/3/386at
l	777	994:993	12	/home/woa23c1ro/.local/share/uv/python/cpython-3.11.14-linux-x86_64-gnu/share/terminfo/3/3b1
l	777	994:993	12	/home/woa23c1ro/.local/share/uv/python/cpython-3.11.14-linux-x86_64-gnu/share/terminfo/5/5620
l	777	994:993	12	/home/woa23c1ro/.local/share/uv/python/cpython-3.11.14-linux-x86_64-gnu/share/terminfo/7/730MTGr
l	777	994:993	12	/home/woa23c1ro/.local/share/uv/python/cpython-3.11.14-linux-x86_64-gnu/share/terminfo/P/P12
l	777	994:993	12	/home/woa23c1ro/.local/share/uv/python/cpython-3.11.14-linux-x86_64-gnu/share/terminfo/P/P14
l	777	994:993	12	/home/woa23c1ro/.local/share/uv/python/cpython-3.11.14-linux-x86_64-gnu/share/terminfo/a/aa4080
l	777	994:993	12	/home/woa23c1ro/.local/share/uv/python/cpython-3.11.14-linux-x86_64-gnu/share/terminfo/a/ansi80x25-raw
l	777	994:993	12	/home/woa23c1ro/.local/share/uv/python/cpython-3.11.14-linux-x86_64-gnu/share/terminfo/a/ansiterm
l	777	994:993	12	/home/woa23c1ro/.local/share/uv/python/cpython-3.11.14-linux-x86_64-gnu/share/terminfo/a/ansiw
l	777	994:993	12	/home/woa23c1ro/.local/share/uv/python/cpython-3.11.14-linux-x86_64-gnu/share/terminfo/a/apl
l	777	994:993	12	/home/woa23c1ro/.local/share/uv/python/cpython-3.11.14-linux-x86_64-gnu/share/terminfo/a/att5420-w-nl
l	777	994:993	12	/home/woa23c1ro/.local/share/uv/python/cpython-3.11.14-linux-x86_64-gnu/share/terminfo/a/att5420-w-rv
l	777	994:993	12	/home/woa23c1ro/.local/share/uv/python/cpython-3.11.14-linux-x86_64-gnu/share/terminfo/b/bct510a
l	777	994:993	12	/home/woa23c1ro/.local/share/uv/python/cpython-3.11.14-linux-x86_64-gnu/share/terminfo/b/bct510d
l	777	994:993	12	/home/woa23c1ro/.local/share/uv/python/cpython-3.11.14-linux-x86_64-gnu/share/terminfo/d/d216+25
l	777	994:993	12	/home/woa23c1ro/.local/share/uv/python/cpython-3.11.14-linux-x86_64-gnu/share/terminfo/d/d412+25
l	777	994:993	12	/home/woa23c1ro/.local/share/uv/python/cpython-3.11.14-linux-x86_64-gnu/share/terminfo/d/d412+sr
l	777	994:993	12	/home/woa23c1ro/.local/share/uv/python/cpython-3.11.14-linux-x86_64-gnu/share/terminfo/d/d430-dg-ccc
l	777	994:993	12	/home/woa23c1ro/.local/share/uv/python/cpython-3.11.14-linux-x86_64-gnu/share/terminfo/d/d430-unix-s
l	777	994:993	12	/home/woa23c1ro/.local/share/uv/python/cpython-3.11.14-linux-x86_64-gnu/share/terminfo/d/d430-unix-w
l	777	994:993	12	/home/woa23c1ro/.local/share/uv/python/cpython-3.11.14-linux-x86_64-gnu/share/terminfo/d/d462+25
l	777	994:993	12	/home/woa23c1ro/.local/share/uv/python/cpython-3.11.14-linux-x86_64-gnu/share/terminfo/d/d462+sr
l	777	994:993	12	/home/woa23c1ro/.local/share/uv/python/cpython-3.11.14-linux-x86_64-gnu/share/terminfo/d/d462-unix-25
l	777	994:993	12	/home/woa23c1ro/.local/share/uv/python/cpython-3.11.14-linux-x86_64-gnu/share/terminfo/d/d462-unix-sr
l	777	994:993	12	/home/woa23c1ro/.local/share/uv/python/cpython-3.11.14-linux-x86_64-gnu/share/terminfo/d/d463-unix-25
l	777	994:993	12	/home/woa23c1ro/.local/share/uv/python/cpython-3.11.14-linux-x86_64-gnu/share/terminfo/d/d463-unix-sr
l	777	994:993	12	/home/woa23c1ro/.local/share/uv/python/cpython-3.11.14-linux-x86_64-gnu/share/terminfo/d/d464-unix-25
l	777	994:993	12	/home/woa23c1ro/.local/share/uv/python/cpython-3.11.14-linux-x86_64-gnu/share/terminfo/d/d464-unix-sr
l	777	994:993	12	/home/woa23c1ro/.local/share/uv/python/cpython-3.11.14-linux-x86_64-gnu/share/terminfo/d/d80
l	777	994:993	12	/home/woa23c1ro/.local/share/uv/python/cpython-3.11.14-linux-x86_64-gnu/share/terminfo/d/dialogue
l	777	994:993	12	/home/woa23c1ro/.local/share/uv/python/cpython-3.11.14-linux-x86_64-gnu/share/terminfo/d/dialogue80
l	777	994:993	12	/home/woa23c1ro/.local/share/uv/python/cpython-3.11.14-linux-x86_64-gnu/share/terminfo/d/dmd
l	777	994:993	12	/home/woa23c1ro/.local/share/uv/python/cpython-3.11.14-linux-x86_64-gnu/share/terminfo/h/hft
l	777	994:993	12	/home/woa23c1ro/.local/share/uv/python/cpython-3.11.14-linux-x86_64-gnu/share/terminfo/i/ibmpc3r
l	777	994:993	12	/home/woa23c1ro/.local/share/uv/python/cpython-3.11.14-linux-x86_64-gnu/share/terminfo/k/kds6402
l	777	994:993	12	/home/woa23c1ro/.local/share/uv/python/cpython-3.11.14-linux-x86_64-gnu/share/terminfo/k/kds7372
l	777	994:993	12	/home/woa23c1ro/.local/share/uv/python/cpython-3.11.14-linux-x86_64-gnu/share/terminfo/n/nsterm-7-c-s
l	777	994:993	12	/home/woa23c1ro/.local/share/uv/python/cpython-3.11.14-linux-x86_64-gnu/share/terminfo/n/nsterm-7-m-s
l	777	994:993	12	/home/woa23c1ro/.local/share/uv/python/cpython-3.11.14-linux-x86_64-gnu/share/terminfo/n/nsterm-acs-c
l	777	994:993	12	/home/woa23c1ro/.local/share/uv/python/cpython-3.11.14-linux-x86_64-gnu/share/terminfo/n/nsterm-acs-m
l	777	994:993	12	/home/woa23c1ro/.local/share/uv/python/cpython-3.11.14-linux-x86_64-gnu/share/terminfo/n/nsterm-acs-s
l	777	994:993	12	/home/woa23c1ro/.local/share/uv/python/cpython-3.11.14-linux-x86_64-gnu/share/terminfo/n/ntconsole
l	777	994:993	12	/home/woa23c1ro/.local/share/uv/python/cpython-3.11.14-linux-x86_64-gnu/share/terminfo/n/ntconsole-25
l	777	994:993	12	/home/woa23c1ro/.local/share/uv/python/cpython-3.11.14-linux-x86_64-gnu/share/terminfo/o/opennt
l	777	994:993	12	/home/woa23c1ro/.local/share/uv/python/cpython-3.11.14-linux-x86_64-gnu/share/terminfo/o/opennt-25
l	777	994:993	12	/home/woa23c1ro/.local/share/uv/python/cpython-3.11.14-linux-x86_64-gnu/share/terminfo/p/pc3r
l	777	994:993	12	/home/woa23c1ro/.local/share/uv/python/cpython-3.11.14-linux-x86_64-gnu/share/terminfo/p/pc7300
l	777	994:993	12	/home/woa23c1ro/.local/share/uv/python/cpython-3.11.14-linux-x86_64-gnu/share/terminfo/p/psx_ansi
l	777	994:993	12	/home/woa23c1ro/.local/share/uv/python/cpython-3.11.14-linux-x86_64-gnu/share/terminfo/q/qvt119-25-w
l	777	994:993	12	/home/woa23c1ro/.local/share/uv/python/cpython-3.11.14-linux-x86_64-gnu/share/terminfo/q/qvt119p-25-w
l	777	994:993	12	/home/woa23c1ro/.local/share/uv/python/cpython-3.11.14-linux-x86_64-gnu/share/terminfo/s/s4
l	777	994:993	12	/home/woa23c1ro/.local/share/uv/python/cpython-3.11.14-linux-x86_64-gnu/share/terminfo/s/screen.linux-s
l	777	994:993	12	/home/woa23c1ro/.local/share/uv/python/cpython-3.11.14-linux-x86_64-gnu/share/terminfo/s/spinwriter
l	777	994:993	12	/home/woa23c1ro/.local/share/uv/python/cpython-3.11.14-linux-x86_64-gnu/share/terminfo/s/sv80
l	777	994:993	12	/home/woa23c1ro/.local/share/uv/python/cpython-3.11.14-linux-x86_64-gnu/share/terminfo/t/terminet
l	777	994:993	12	/home/woa23c1ro/.local/share/uv/python/cpython-3.11.14-linux-x86_64-gnu/share/terminfo/t/terminet300
l	777	994:993	12	/home/woa23c1ro/.local/share/uv/python/cpython-3.11.14-linux-x86_64-gnu/share/terminfo/t/tn1200
l	777	994:993	12	/home/woa23c1ro/.local/share/uv/python/cpython-3.11.14-linux-x86_64-gnu/share/terminfo/t/tn300
l	777	994:993	12	/home/woa23c1ro/.local/share/uv/python/cpython-3.11.14-linux-x86_64-gnu/share/terminfo/t/ts-1p
l	777	994:993	12	/home/woa23c1ro/.local/share/uv/python/cpython-3.11.14-linux-x86_64-gnu/share/terminfo/t/ts1p
l	777	994:993	12	/home/woa23c1ro/.local/share/uv/python/cpython-3.11.14-linux-x86_64-gnu/share/terminfo/t/tty4420
l	777	994:993	12	/home/woa23c1ro/.local/share/uv/python/cpython-3.11.14-linux-x86_64-gnu/share/terminfo/t/tty4424
l	777	994:993	12	/home/woa23c1ro/.local/share/uv/python/cpython-3.11.14-linux-x86_64-gnu/share/terminfo/t/tty4426
l	777	994:993	12	/home/woa23c1ro/.local/share/uv/python/cpython-3.11.14-linux-x86_64-gnu/share/terminfo/t/tty5410
l	777	994:993	12	/home/woa23c1ro/.local/share/uv/python/cpython-3.11.14-linux-x86_64-gnu/share/terminfo/t/tty5420
l	777	994:993	12	/home/woa23c1ro/.local/share/uv/python/cpython-3.11.14-linux-x86_64-gnu/share/terminfo/t/tty5425
l	777	994:993	12	/home/woa23c1ro/.local/share/uv/python/cpython-3.11.14-linux-x86_64-gnu/share/terminfo/t/tty5620
l	777	994:993	12	/home/woa23c1ro/.local/share/uv/python/cpython-3.11.14-linux-x86_64-gnu/share/terminfo/t/ttydmd
l	777	994:993	12	/home/woa23c1ro/.local/share/uv/python/cpython-3.11.14-linux-x86_64-gnu/share/terminfo/t/tvi912b-p-2p
l	777	994:993	12	/home/woa23c1ro/.local/share/uv/python/cpython-3.11.14-linux-x86_64-gnu/share/terminfo/t/tvi912b-p-vb
l	777	994:993	12	/home/woa23c1ro/.local/share/uv/python/cpython-3.11.14-linux-x86_64-gnu/share/terminfo/t/tvi912c-2p-p
l	777	994:993	12	/home/woa23c1ro/.local/share/uv/python/cpython-3.11.14-linux-x86_64-gnu/share/terminfo/t/tvi912c-p-2p
l	777	994:993	12	/home/woa23c1ro/.local/share/uv/python/cpython-3.11.14-linux-x86_64-gnu/share/terminfo/t/tvi912c-p-vb
l	777	994:993	12	/home/woa23c1ro/.local/share/uv/python/cpython-3.11.14-linux-x86_64-gnu/share/terminfo/t/tvi912c-vb-p
l	777	994:993	12	/home/woa23c1ro/.local/share/uv/python/cpython-3.11.14-linux-x86_64-gnu/share/terminfo/t/tvi920b-p-2p
l	777	994:993	12	/home/woa23c1ro/.local/share/uv/python/cpython-3.11.14-linux-x86_64-gnu/share/terminfo/t/tvi920b-p-vb
l	777	994:993	12	/home/woa23c1ro/.local/share/uv/python/cpython-3.11.14-linux-x86_64-gnu/share/terminfo/t/tvi920c-2p-p
l	777	994:993	12	/home/woa23c1ro/.local/share/uv/python/cpython-3.11.14-linux-x86_64-gnu/share/terminfo/t/tvi920c-p-2p
l	777	994:993	12	/home/woa23c1ro/.local/share/uv/python/cpython-3.11.14-linux-x86_64-gnu/share/terminfo/t/tvi920c-p-vb
l	777	994:993	12	/home/woa23c1ro/.local/share/uv/python/cpython-3.11.14-linux-x86_64-gnu/share/terminfo/t/tvi920c-vb-p
l	777	994:993	12	/home/woa23c1ro/.local/share/uv/python/cpython-3.11.14-linux-x86_64-gnu/share/terminfo/u/unixpc
l	777	994:993	12	/home/woa23c1ro/.local/share/uv/python/cpython-3.11.14-linux-x86_64-gnu/share/terminfo/v/vs100-x10
l	777	994:993	12	/home/woa23c1ro/.local/share/uv/python/cpython-3.11.14-linux-x86_64-gnu/share/terminfo/w/wy325-42wvb
l	777	994:993	12	/home/woa23c1ro/.local/share/uv/python/cpython-3.11.14-linux-x86_64-gnu/share/terminfo/w/wy325-43wvb
l	777	994:993	12	/home/woa23c1ro/.local/share/uv/python/cpython-3.11.14-linux-x86_64-gnu/share/terminfo/w/wy60-316X
l	777	994:993	12	/home/woa23c1ro/.local/share/uv/python/cpython-3.11.14-linux-x86_64-gnu/share/terminfo/w/wy60-AT
l	777	994:993	12	/home/woa23c1ro/.local/share/uv/python/cpython-3.11.14-linux-x86_64-gnu/share/terminfo/w/wyse520-pc-24
l	777	994:993	12	/home/woa23c1ro/.local/share/uv/python/cpython-3.11.14-linux-x86_64-gnu/share/terminfo/w/wyse520-pc-vb
l	777	994:993	12	/home/woa23c1ro/.local/share/uv/python/cpython-3.11.14-linux-x86_64-gnu/share/terminfo/w/wyse60-316X
l	777	994:993	12	/home/woa23c1ro/.local/share/uv/python/cpython-3.11.14-linux-x86_64-gnu/share/terminfo/w/wyse60-AT
l	777	994:993	12	/home/woa23c1ro/.local/share/uv/python/cpython-3.11.14-linux-x86_64-gnu/share/terminfo/x/xdku
l	777	994:993	13	/home/woa23c1ro/.local/share/uv/python/cpython-3.11.14-linux-x86_64-gnu/share/terminfo/9/955-w
l	777	994:993	13	/home/woa23c1ro/.local/share/uv/python/cpython-3.11.14-linux-x86_64-gnu/share/terminfo/P/P8-W
l	777	994:993	13	/home/woa23c1ro/.local/share/uv/python/cpython-3.11.14-linux-x86_64-gnu/share/terminfo/P/P9-8
l	777	994:993	13	/home/woa23c1ro/.local/share/uv/python/cpython-3.11.14-linux-x86_64-gnu/share/terminfo/P/P9-W
l	777	994:993	13	/home/woa23c1ro/.local/share/uv/python/cpython-3.11.14-linux-x86_64-gnu/share/terminfo/a/aaa-30-s-rv-ct
l	777	994:993	13	/home/woa23c1ro/.local/share/uv/python/cpython-3.11.14-linux-x86_64-gnu/share/terminfo/a/adds200
l	777	994:993	13	/home/woa23c1ro/.local/share/uv/python/cpython-3.11.14-linux-x86_64-gnu/share/terminfo/a/ansi80x25-mono
l	777	994:993	13	/home/woa23c1ro/.local/share/uv/python/cpython-3.11.14-linux-x86_64-gnu/share/terminfo/a/ansi80x30-mono
l	777	994:993	13	/home/woa23c1ro/.local/share/uv/python/cpython-3.11.14-linux-x86_64-gnu/share/terminfo/a/ansi80x43-mono
l	777	994:993	13	/home/woa23c1ro/.local/share/uv/python/cpython-3.11.14-linux-x86_64-gnu/share/terminfo/a/ansi80x50-mono
l	777	994:993	13	/home/woa23c1ro/.local/share/uv/python/cpython-3.11.14-linux-x86_64-gnu/share/terminfo/a/ansi80x60-mono
l	777	994:993	13	/home/woa23c1ro/.local/share/uv/python/cpython-3.11.14-linux-x86_64-gnu/share/terminfo/a/ansil-mono
l	777	994:993	13	/home/woa23c1ro/.local/share/uv/python/cpython-3.11.14-linux-x86_64-gnu/share/terminfo/a/ansis-mono
l	777	994:993	13	/home/woa23c1ro/.local/share/uv/python/cpython-3.11.14-linux-x86_64-gnu/share/terminfo/a/att5420-rv-nl
l	777	994:993	13	/home/woa23c1ro/.local/share/uv/python/cpython-3.11.14-linux-x86_64-gnu/share/terminfo/d/d430-unix-25
l	777	994:993	13	/home/woa23c1ro/.local/share/uv/python/cpython-3.11.14-linux-x86_64-gnu/share/terminfo/d/d430-unix-sr
l	777	994:993	13	/home/woa23c1ro/.local/share/uv/python/cpython-3.11.14-linux-x86_64-gnu/share/terminfo/d/darwin-b
l	777	994:993	13	/home/woa23c1ro/.local/share/uv/python/cpython-3.11.14-linux-x86_64-gnu/share/terminfo/d/darwin-f
l	777	994:993	13	/home/woa23c1ro/.local/share/uv/python/cpython-3.11.14-linux-x86_64-gnu/share/terminfo/d/darwin-m
l	777	994:993	13	/home/woa23c1ro/.local/share/uv/python/cpython-3.11.14-linux-x86_64-gnu/share/terminfo/d/diablo-lm
l	777	994:993	13	/home/woa23c1ro/.local/share/uv/python/cpython-3.11.14-linux-x86_64-gnu/share/terminfo/d/diablo1640-m8
l	777	994:993	13	/home/woa23c1ro/.local/share/uv/python/cpython-3.11.14-linux-x86_64-gnu/share/terminfo/h/hp98550a-color
l	777	994:993	13	/home/woa23c1ro/.local/share/uv/python/cpython-3.11.14-linux-x86_64-gnu/share/terminfo/i/iq120
l	777	994:993	13	/home/woa23c1ro/.local/share/uv/python/cpython-3.11.14-linux-x86_64-gnu/share/terminfo/i/iq140
l	777	994:993	13	/home/woa23c1ro/.local/share/uv/python/cpython-3.11.14-linux-x86_64-gnu/share/terminfo/k/ktm
l	777	994:993	13	/home/woa23c1ro/.local/share/uv/python/cpython-3.11.14-linux-x86_64-gnu/share/terminfo/n/ntconsole-25-w
l	777	994:993	13	/home/woa23c1ro/.local/share/uv/python/cpython-3.11.14-linux-x86_64-gnu/share/terminfo/n/ntconsole-w
l	777	994:993	13	/home/woa23c1ro/.local/share/uv/python/cpython-3.11.14-linux-x86_64-gnu/share/terminfo/t/tty4424m
l	777	994:993	13	/home/woa23c1ro/.local/share/uv/python/cpython-3.11.14-linux-x86_64-gnu/share/terminfo/t/tvi912b-mc-2p
l	777	994:993	13	/home/woa23c1ro/.local/share/uv/python/cpython-3.11.14-linux-x86_64-gnu/share/terminfo/t/tvi912b-mc-vb
l	777	994:993	13	/home/woa23c1ro/.local/share/uv/python/cpython-3.11.14-linux-x86_64-gnu/share/terminfo/t/tvi912c-2p-mc
l	777	994:993	13	/home/woa23c1ro/.local/share/uv/python/cpython-3.11.14-linux-x86_64-gnu/share/terminfo/t/tvi912c-mc-2p
l	777	994:993	13	/home/woa23c1ro/.local/share/uv/python/cpython-3.11.14-linux-x86_64-gnu/share/terminfo/t/tvi912c-mc-vb
l	777	994:993	13	/home/woa23c1ro/.local/share/uv/python/cpython-3.11.14-linux-x86_64-gnu/share/terminfo/t/tvi912c-vb-mc
l	777	994:993	13	/home/woa23c1ro/.local/share/uv/python/cpython-3.11.14-linux-x86_64-gnu/share/terminfo/t/tvi920b-mc-2p
l	777	994:993	13	/home/woa23c1ro/.local/share/uv/python/cpython-3.11.14-linux-x86_64-gnu/share/terminfo/t/tvi920b-mc-vb
l	777	994:993	13	/home/woa23c1ro/.local/share/uv/python/cpython-3.11.14-linux-x86_64-gnu/share/terminfo/t/tvi920c-2p-mc
l	777	994:993	13	/home/woa23c1ro/.local/share/uv/python/cpython-3.11.14-linux-x86_64-gnu/share/terminfo/t/tvi920c-mc-2p
l	777	994:993	13	/home/woa23c1ro/.local/share/uv/python/cpython-3.11.14-linux-x86_64-gnu/share/terminfo/t/tvi920c-mc-vb
l	777	994:993	13	/home/woa23c1ro/.local/share/uv/python/cpython-3.11.14-linux-x86_64-gnu/share/terminfo/t/tvi920c-vb-mc
l	777	994:993	13	/home/woa23c1ro/.local/share/uv/python/cpython-3.11.14-linux-x86_64-gnu/share/terminfo/u/ultima2
l	777	994:993	13	/home/woa23c1ro/.local/share/uv/python/cpython-3.11.14-linux-x86_64-gnu/share/terminfo/u/ultimaII
l	777	994:993	13	/home/woa23c1ro/.local/share/uv/python/cpython-3.11.14-linux-x86_64-gnu/share/terminfo/v/venix
l	777	994:993	13	/home/woa23c1ro/.local/share/uv/python/cpython-3.11.14-linux-x86_64-gnu/share/terminfo/v/vs100
l	777	994:993	13	/home/woa23c1ro/.local/share/uv/python/cpython-3.11.14-linux-x86_64-gnu/share/terminfo/w/wyse520-p-wvb
l	777	994:993	14	/home/woa23c1ro/.local/share/uv/python/cpython-3.11.14-linux-x86_64-gnu/lib/pkgconfig/python3.pc
l	777	994:993	14	/home/woa23c1ro/.local/share/uv/python/cpython-3.11.14-linux-x86_64-gnu/share/terminfo/4/4025ex
l	777	994:993	14	/home/woa23c1ro/.local/share/uv/python/cpython-3.11.14-linux-x86_64-gnu/share/terminfo/4/4027ex
l	777	994:993	14	/home/woa23c1ro/.local/share/uv/python/cpython-3.11.14-linux-x86_64-gnu/share/terminfo/4/4410-w
l	777	994:993	14	/home/woa23c1ro/.local/share/uv/python/cpython-3.11.14-linux-x86_64-gnu/share/terminfo/5/5410-w
l	777	994:993	14	/home/woa23c1ro/.local/share/uv/python/cpython-3.11.14-linux-x86_64-gnu/share/terminfo/5/5630-24
l	777	994:993	14	/home/woa23c1ro/.local/share/uv/python/cpython-3.11.14-linux-x86_64-gnu/share/terminfo/5/5630DMD-24
l	777	994:993	14	/home/woa23c1ro/.local/share/uv/python/cpython-3.11.14-linux-x86_64-gnu/share/terminfo/6/630MTG-24
l	777	994:993	14	/home/woa23c1ro/.local/share/uv/python/cpython-3.11.14-linux-x86_64-gnu/share/terminfo/7/730MTG-24
l	777	994:993	14	/home/woa23c1ro/.local/share/uv/python/cpython-3.11.14-linux-x86_64-gnu/share/terminfo/7/730MTG-41
l	777	994:993	14	/home/woa23c1ro/.local/share/uv/python/cpython-3.11.14-linux-x86_64-gnu/share/terminfo/9/955-hb
l	777	994:993	14	/home/woa23c1ro/.local/share/uv/python/cpython-3.11.14-linux-x86_64-gnu/share/terminfo/P/P12-M
l	777	994:993	14	/home/woa23c1ro/.local/share/uv/python/cpython-3.11.14-linux-x86_64-gnu/share/terminfo/P/P12-W
l	777	994:993	14	/home/woa23c1ro/.local/share/uv/python/cpython-3.11.14-linux-x86_64-gnu/share/terminfo/P/P14-M
l	777	994:993	14	/home/woa23c1ro/.local/share/uv/python/cpython-3.11.14-linux-x86_64-gnu/share/terminfo/P/P14-W
l	777	994:993	14	/home/woa23c1ro/.local/share/uv/python/cpython-3.11.14-linux-x86_64-gnu/share/terminfo/a/aaa-rv-ctxt
l	777	994:993	14	/home/woa23c1ro/.local/share/uv/python/cpython-3.11.14-linux-x86_64-gnu/share/terminfo/a/addsviewpoint
l	777	994:993	14	/home/woa23c1ro/.local/share/uv/python/cpython-3.11.14-linux-x86_64-gnu/share/terminfo/a/att5420-w-rv-n
l	777	994:993	14	/home/woa23c1ro/.local/share/uv/python/cpython-3.11.14-linux-x86_64-gnu/share/terminfo/b/b-128
l	777	994:993	14	/home/woa23c1ro/.local/share/uv/python/cpython-3.11.14-linux-x86_64-gnu/share/terminfo/d/d430-unix-ccc
l	777	994:993	14	/home/woa23c1ro/.local/share/uv/python/cpython-3.11.14-linux-x86_64-gnu/share/terminfo/d/darwin-f2
l	777	994:993	14	/home/woa23c1ro/.local/share/uv/python/cpython-3.11.14-linux-x86_64-gnu/share/terminfo/d/dmd1
l	777	994:993	14	/home/woa23c1ro/.local/share/uv/python/cpython-3.11.14-linux-x86_64-gnu/share/terminfo/g/gs5430-22
l	777	994:993	14	/home/woa23c1ro/.local/share/uv/python/cpython-3.11.14-linux-x86_64-gnu/share/terminfo/g/gs5430-24
l	777	994:993	14	/home/woa23c1ro/.local/share/uv/python/cpython-3.11.14-linux-x86_64-gnu/share/terminfo/i/ibmpc3r-mono
l	777	994:993	14	/home/woa23c1ro/.local/share/uv/python/cpython-3.11.14-linux-x86_64-gnu/share/terminfo/k/kds7372-w
l	777	994:993	14	/home/woa23c1ro/.local/share/uv/python/cpython-3.11.14-linux-x86_64-gnu/share/terminfo/l/layer
l	777	994:993	14	/home/woa23c1ro/.local/share/uv/python/cpython-3.11.14-linux-x86_64-gnu/share/terminfo/n/nsterm-acs-c-s
l	777	994:993	14	/home/woa23c1ro/.local/share/uv/python/cpython-3.11.14-linux-x86_64-gnu/share/terminfo/n/nsterm-acs-m-s
l	777	994:993	14	/home/woa23c1ro/.local/share/uv/python/cpython-3.11.14-linux-x86_64-gnu/share/terminfo/n/ntconsole-35
l	777	994:993	14	/home/woa23c1ro/.local/share/uv/python/cpython-3.11.14-linux-x86_64-gnu/share/terminfo/n/ntconsole-50
l	777	994:993	14	/home/woa23c1ro/.local/share/uv/python/cpython-3.11.14-linux-x86_64-gnu/share/terminfo/n/ntconsole-60
l	777	994:993	14	/home/woa23c1ro/.local/share/uv/python/cpython-3.11.14-linux-x86_64-gnu/share/terminfo/o/o31
l	777	994:993	14	/home/woa23c1ro/.local/share/uv/python/cpython-3.11.14-linux-x86_64-gnu/share/terminfo/p/pc3r-m
l	777	994:993	14	/home/woa23c1ro/.local/share/uv/python/cpython-3.11.14-linux-x86_64-gnu/share/terminfo/p/pt505-22
l	777	994:993	14	/home/woa23c1ro/.local/share/uv/python/cpython-3.11.14-linux-x86_64-gnu/share/terminfo/p/pt505-24
l	777	994:993	14	/home/woa23c1ro/.local/share/uv/python/cpython-3.11.14-linux-x86_64-gnu/share/terminfo/t/tty4424-1
l	777	994:993	14	/home/woa23c1ro/.local/share/uv/python/cpython-3.11.14-linux-x86_64-gnu/share/terminfo/t/tty5410-w
l	777	994:993	14	/home/woa23c1ro/.local/share/uv/python/cpython-3.11.14-linux-x86_64-gnu/share/terminfo/t/tty5410v1
l	777	994:993	14	/home/woa23c1ro/.local/share/uv/python/cpython-3.11.14-linux-x86_64-gnu/share/terminfo/t/tty5420-w
l	777	994:993	14	/home/woa23c1ro/.local/share/uv/python/cpython-3.11.14-linux-x86_64-gnu/share/terminfo/t/tty5425-w
l	777	994:993	14	/home/woa23c1ro/.local/share/uv/python/cpython-3.11.14-linux-x86_64-gnu/share/terminfo/t/tty5620-1
l	777	994:993	14	/home/woa23c1ro/.local/share/uv/python/cpython-3.11.14-linux-x86_64-gnu/share/terminfo/t/tty5620-s
l	777	994:993	14	/home/woa23c1ro/.local/share/uv/python/cpython-3.11.14-linux-x86_64-gnu/share/terminfo/t/tvi912b-unk-2p
l	777	994:993	14	/home/woa23c1ro/.local/share/uv/python/cpython-3.11.14-linux-x86_64-gnu/share/terminfo/t/tvi912b-unk-vb
l	777	994:993	14	/home/woa23c1ro/.local/share/uv/python/cpython-3.11.14-linux-x86_64-gnu/share/terminfo/t/tvi912c-2p-unk
l	777	994:993	14	/home/woa23c1ro/.local/share/uv/python/cpython-3.11.14-linux-x86_64-gnu/share/terminfo/t/tvi912c-unk-2p
l	777	994:993	14	/home/woa23c1ro/.local/share/uv/python/cpython-3.11.14-linux-x86_64-gnu/share/terminfo/t/tvi912c-unk-vb
l	777	994:993	14	/home/woa23c1ro/.local/share/uv/python/cpython-3.11.14-linux-x86_64-gnu/share/terminfo/t/tvi912c-vb-unk
l	777	994:993	14	/home/woa23c1ro/.local/share/uv/python/cpython-3.11.14-linux-x86_64-gnu/share/terminfo/t/tvi920b-unk-2p
l	777	994:993	14	/home/woa23c1ro/.local/share/uv/python/cpython-3.11.14-linux-x86_64-gnu/share/terminfo/t/tvi920b-unk-vb
l	777	994:993	14	/home/woa23c1ro/.local/share/uv/python/cpython-3.11.14-linux-x86_64-gnu/share/terminfo/t/tvi920c-2p-unk
l	777	994:993	14	/home/woa23c1ro/.local/share/uv/python/cpython-3.11.14-linux-x86_64-gnu/share/terminfo/t/tvi920c-unk-2p
l	777	994:993	14	/home/woa23c1ro/.local/share/uv/python/cpython-3.11.14-linux-x86_64-gnu/share/terminfo/t/tvi920c-unk-vb
l	777	994:993	14	/home/woa23c1ro/.local/share/uv/python/cpython-3.11.14-linux-x86_64-gnu/share/terminfo/t/tvi920c-vb-unk
l	777	994:993	14	/home/woa23c1ro/.local/share/uv/python/cpython-3.11.14-linux-x86_64-gnu/share/terminfo/v/vitty
l	777	994:993	14	/home/woa23c1ro/.local/share/uv/python/cpython-3.11.14-linux-x86_64-gnu/share/terminfo/v/vt100+
l	777	994:993	15	/home/woa23c1ro/.local/share/uv/python/cpython-3.11.14-linux-x86_64-gnu/share/terminfo/7/730MTG-41r
l	777	994:993	15	/home/woa23c1ro/.local/share/uv/python/cpython-3.11.14-linux-x86_64-gnu/share/terminfo/7/730MTGr-24
l	777	994:993	15	/home/woa23c1ro/.local/share/uv/python/cpython-3.11.14-linux-x86_64-gnu/share/terminfo/P/P9-8-W
l	777	994:993	15	/home/woa23c1ro/.local/share/uv/python/cpython-3.11.14-linux-x86_64-gnu/share/terminfo/Q/Q306-8-pc
l	777	994:993	15	/home/woa23c1ro/.local/share/uv/python/cpython-3.11.14-linux-x86_64-gnu/share/terminfo/a/at-color
l	777	994:993	15	/home/woa23c1ro/.local/share/uv/python/cpython-3.11.14-linux-x86_64-gnu/share/terminfo/a/atari-color
l	777	994:993	15	/home/woa23c1ro/.local/share/uv/python/cpython-3.11.14-linux-x86_64-gnu/share/terminfo/a/atari_st-color
l	777	994:993	15	/home/woa23c1ro/.local/share/uv/python/cpython-3.11.14-linux-x86_64-gnu/share/terminfo/d/darwin-m-b
l	777	994:993	15	/home/woa23c1ro/.local/share/uv/python/cpython-3.11.14-linux-x86_64-gnu/share/terminfo/d/darwin-m-f
l	777	994:993	15	/home/woa23c1ro/.local/share/uv/python/cpython-3.11.14-linux-x86_64-gnu/share/terminfo/d/dmd-24
l	777	994:993	15	/home/woa23c1ro/.local/share/uv/python/cpython-3.11.14-linux-x86_64-gnu/share/terminfo/d/dmd-34
l	777	994:993	15	/home/woa23c1ro/.local/share/uv/python/cpython-3.11.14-linux-x86_64-gnu/share/terminfo/h/h29a-kc-uc
l	777	994:993	15	/home/woa23c1ro/.local/share/uv/python/cpython-3.11.14-linux-x86_64-gnu/share/terminfo/i/ips
l	777	994:993	15	/home/woa23c1ro/.local/share/uv/python/cpython-3.11.14-linux-x86_64-gnu/share/terminfo/i/ipsi
l	777	994:993	15	/home/woa23c1ro/.local/share/uv/python/cpython-3.11.14-linux-x86_64-gnu/share/terminfo/k/k45
l	777	994:993	15	/home/woa23c1ro/.local/share/uv/python/cpython-3.11.14-linux-x86_64-gnu/share/terminfo/n/ntconsole-100
l	777	994:993	15	/home/woa23c1ro/.local/share/uv/python/cpython-3.11.14-linux-x86_64-gnu/share/terminfo/o/o85h
l	777	994:993	15	/home/woa23c1ro/.local/share/uv/python/cpython-3.11.14-linux-x86_64-gnu/share/terminfo/o/oabm85h
l	777	994:993	15	/home/woa23c1ro/.local/share/uv/python/cpython-3.11.14-linux-x86_64-gnu/share/terminfo/o/old-st
l	777	994:993	15	/home/woa23c1ro/.local/share/uv/python/cpython-3.11.14-linux-x86_64-gnu/share/terminfo/t/tty5420+nl
l	777	994:993	15	/home/woa23c1ro/.local/share/uv/python/cpython-3.11.14-linux-x86_64-gnu/share/terminfo/t/tty5420-nl
l	777	994:993	15	/home/woa23c1ro/.local/share/uv/python/cpython-3.11.14-linux-x86_64-gnu/share/terminfo/t/tty5420-rv
l	777	994:993	15	/home/woa23c1ro/.local/share/uv/python/cpython-3.11.14-linux-x86_64-gnu/share/terminfo/t/tty5425-nl
l	777	994:993	15	/home/woa23c1ro/.local/share/uv/python/cpython-3.11.14-linux-x86_64-gnu/share/terminfo/t/tty5620-24
l	777	994:993	15	/home/woa23c1ro/.local/share/uv/python/cpython-3.11.14-linux-x86_64-gnu/share/terminfo/t/tty5620-34
l	777	994:993	15	/home/woa23c1ro/.local/share/uv/python/cpython-3.11.14-linux-x86_64-gnu/share/terminfo/v/vt-utf8
l	777	994:993	15	/home/woa23c1ro/.local/share/uv/python/cpython-3.11.14-linux-x86_64-gnu/share/terminfo/x/x1700
l	777	994:993	15	/home/woa23c1ro/.local/share/uv/python/cpython-3.11.14-linux-x86_64-gnu/share/terminfo/x/xerox
l	777	994:993	15	/home/woa23c1ro/.local/share/uv/python/cpython-3.11.14-linux-x86_64-gnu/share/terminfo/x/xwsh
l	777	994:993	16	/home/woa23c1ro/.local/share/uv/python/cpython-3.11.14-linux-x86_64-gnu/share/terminfo/N/NCRVT100WPP
l	777	994:993	16	/home/woa23c1ro/.local/share/uv/python/cpython-3.11.14-linux-x86_64-gnu/share/terminfo/P/P12-M-W
l	777	994:993	16	/home/woa23c1ro/.local/share/uv/python/cpython-3.11.14-linux-x86_64-gnu/share/terminfo/P/P14-M-W
l	777	994:993	16	/home/woa23c1ro/.local/share/uv/python/cpython-3.11.14-linux-x86_64-gnu/share/terminfo/a/ansi43m
l	777	994:993	16	/home/woa23c1ro/.local/share/uv/python/cpython-3.11.14-linux-x86_64-gnu/share/terminfo/c/coherent
l	777	994:993	16	/home/woa23c1ro/.local/share/uv/python/cpython-3.11.14-linux-x86_64-gnu/share/terminfo/d/d430-unix-s-ccc
l	777	994:993	16	/home/woa23c1ro/.local/share/uv/python/cpython-3.11.14-linux-x86_64-gnu/share/terminfo/d/d430-unix-w-ccc
l	777	994:993	16	/home/woa23c1ro/.local/share/uv/python/cpython-3.11.14-linux-x86_64-gnu/share/terminfo/d/darwin-m-f2
l	777	994:993	16	/home/woa23c1ro/.local/share/uv/python/cpython-3.11.14-linux-x86_64-gnu/share/terminfo/d/dku7102
l	777	994:993	16	/home/woa23c1ro/.local/share/uv/python/cpython-3.11.14-linux-x86_64-gnu/share/terminfo/d/dku7102-sna
l	777	994:993	16	/home/woa23c1ro/.local/share/uv/python/cpython-3.11.14-linux-x86_64-gnu/share/terminfo/d/dku7103-sna
l	777	994:993	16	/home/woa23c1ro/.local/share/uv/python/cpython-3.11.14-linux-x86_64-gnu/share/terminfo/h/h29a-nkc-bc
l	777	994:993	16	/home/woa23c1ro/.local/share/uv/python/cpython-3.11.14-linux-x86_64-gnu/share/terminfo/h/h29a-nkc-uc
l	777	994:993	16	/home/woa23c1ro/.local/share/uv/python/cpython-3.11.14-linux-x86_64-gnu/share/terminfo/n/ntconsole-25-nti
l	777	994:993	16	/home/woa23c1ro/.local/share/uv/python/cpython-3.11.14-linux-x86_64-gnu/share/terminfo/n/ntconsole-25-w-vt
l	777	994:993	16	/home/woa23c1ro/.local/share/uv/python/cpython-3.11.14-linux-x86_64-gnu/share/terminfo/n/ntconsole-35-w
l	777	994:993	16	/home/woa23c1ro/.local/share/uv/python/cpython-3.11.14-linux-x86_64-gnu/share/terminfo/n/ntconsole-50-w
l	777	994:993	16	/home/woa23c1ro/.local/share/uv/python/cpython-3.11.14-linux-x86_64-gnu/share/terminfo/n/ntconsole-60-w
l	777	994:993	16	/home/woa23c1ro/.local/share/uv/python/cpython-3.11.14-linux-x86_64-gnu/share/terminfo/n/ntconsole-w-vt
l	777	994:993	16	/home/woa23c1ro/.local/share/uv/python/cpython-3.11.14-linux-x86_64-gnu/share/terminfo/n/nxterm
l	777	994:993	16	/home/woa23c1ro/.local/share/uv/python/cpython-3.11.14-linux-x86_64-gnu/share/terminfo/o/opennt-25-nti
l	777	994:993	16	/home/woa23c1ro/.local/share/uv/python/cpython-3.11.14-linux-x86_64-gnu/share/terminfo/o/opennt-nti
l	777	994:993	16	/home/woa23c1ro/.local/share/uv/python/cpython-3.11.14-linux-x86_64-gnu/share/terminfo/s/system1
l	777	994:993	16	/home/woa23c1ro/.local/share/uv/python/cpython-3.11.14-linux-x86_64-gnu/share/terminfo/t/tty5410v1-w
l	777	994:993	17	/home/woa23c1ro/.local/share/uv/python/cpython-3.11.14-linux-x86_64-gnu/bin/python3-config
l	777	994:993	17	/home/woa23c1ro/.local/share/uv/python/cpython-3.11.14-linux-x86_64-gnu/share/terminfo/d/d430-unix-25-ccc
l	777	994:993	17	/home/woa23c1ro/.local/share/uv/python/cpython-3.11.14-linux-x86_64-gnu/share/terminfo/d/d430-unix-sr-ccc
l	777	994:993	17	/home/woa23c1ro/.local/share/uv/python/cpython-3.11.14-linux-x86_64-gnu/share/terminfo/d/darwin-80x25
l	777	994:993	17	/home/woa23c1ro/.local/share/uv/python/cpython-3.11.14-linux-x86_64-gnu/share/terminfo/d/darwin-80x30
l	777	994:993	17	/home/woa23c1ro/.local/share/uv/python/cpython-3.11.14-linux-x86_64-gnu/share/terminfo/d/darwin-90x30
l	777	994:993	17	/home/woa23c1ro/.local/share/uv/python/cpython-3.11.14-linux-x86_64-gnu/share/terminfo/t/tty5420-w-nl
l	777	994:993	17	/home/woa23c1ro/.local/share/uv/python/cpython-3.11.14-linux-x86_64-gnu/share/terminfo/t/tty5420-w-rv
l	777	994:993	17	/home/woa23c1ro/.local/share/uv/python/cpython-3.11.14-linux-x86_64-gnu/share/terminfo/v/vapple
l	777	994:993	18	/home/woa23c1ro/.local/share/uv/python/cpython-3.11.14-linux-x86_64-gnu/share/terminfo/1/1730-lm
l	777	994:993	18	/home/woa23c1ro/.local/share/uv/python/cpython-3.11.14-linux-x86_64-gnu/share/terminfo/6/630-lm
l	777	994:993	18	/home/woa23c1ro/.local/share/uv/python/cpython-3.11.14-linux-x86_64-gnu/share/terminfo/X/X-hpterm-color2
l	777	994:993	18	/home/woa23c1ro/.local/share/uv/python/cpython-3.11.14-linux-x86_64-gnu/share/terminfo/d/darwin-100x37
l	777	994:993	18	/home/woa23c1ro/.local/share/uv/python/cpython-3.11.14-linux-x86_64-gnu/share/terminfo/d/darwin-112x37
l	777	994:993	18	/home/woa23c1ro/.local/share/uv/python/cpython-3.11.14-linux-x86_64-gnu/share/terminfo/d/darwin-128x40
l	777	994:993	18	/home/woa23c1ro/.local/share/uv/python/cpython-3.11.14-linux-x86_64-gnu/share/terminfo/d/darwin-128x48
l	777	994:993	18	/home/woa23c1ro/.local/share/uv/python/cpython-3.11.14-linux-x86_64-gnu/share/terminfo/d/darwin-144x48
l	777	994:993	18	/home/woa23c1ro/.local/share/uv/python/cpython-3.11.14-linux-x86_64-gnu/share/terminfo/d/darwin-160x64
l	777	994:993	18	/home/woa23c1ro/.local/share/uv/python/cpython-3.11.14-linux-x86_64-gnu/share/terminfo/d/darwin-200x64
l	777	994:993	18	/home/woa23c1ro/.local/share/uv/python/cpython-3.11.14-linux-x86_64-gnu/share/terminfo/d/darwin-200x75
l	777	994:993	18	/home/woa23c1ro/.local/share/uv/python/cpython-3.11.14-linux-x86_64-gnu/share/terminfo/d/darwin-256x96
l	777	994:993	18	/home/woa23c1ro/.local/share/uv/python/cpython-3.11.14-linux-x86_64-gnu/share/terminfo/n/ntconsole-35-nti
l	777	994:993	18	/home/woa23c1ro/.local/share/uv/python/cpython-3.11.14-linux-x86_64-gnu/share/terminfo/n/ntconsole-50-nti
l	777	994:993	18	/home/woa23c1ro/.local/share/uv/python/cpython-3.11.14-linux-x86_64-gnu/share/terminfo/n/ntconsole-60-nti
l	777	994:993	18	/home/woa23c1ro/.local/share/uv/python/cpython-3.11.14-linux-x86_64-gnu/share/terminfo/t/tty5420-rv-nl
l	777	994:993	18	/home/woa23c1ro/.local/share/uv/python/cpython-3.11.14-linux-x86_64-gnu/share/terminfo/x/x1700-lm
l	777	994:993	18	/home/woa23c1ro/.local/share/uv/python/cpython-3.11.14-linux-x86_64-gnu/share/terminfo/x/xerox-lm
l	777	994:993	19	/home/woa23c1ro/.local/share/uv/python/cpython-3.11.14-linux-x86_64-gnu/share/terminfo/N/NCR260VT300WPP
l	777	994:993	19	/home/woa23c1ro/.local/share/uv/python/cpython-3.11.14-linux-x86_64-gnu/share/terminfo/d/darwin-80x25-m
l	777	994:993	19	/home/woa23c1ro/.local/share/uv/python/cpython-3.11.14-linux-x86_64-gnu/share/terminfo/d/darwin-80x30-m
l	777	994:993	19	/home/woa23c1ro/.local/share/uv/python/cpython-3.11.14-linux-x86_64-gnu/share/terminfo/d/darwin-90x30-m
l	777	994:993	19	/home/woa23c1ro/.local/share/uv/python/cpython-3.11.14-linux-x86_64-gnu/share/terminfo/n/ntconsole-100-nti
l	777	994:993	19	/home/woa23c1ro/.local/share/uv/python/cpython-3.11.14-linux-x86_64-gnu/share/terminfo/s/screen.minitel12-80
l	777	994:993	19	/home/woa23c1ro/.local/share/uv/python/cpython-3.11.14-linux-x86_64-gnu/share/terminfo/s/screen.minitel2-80
l	777	994:993	19	/home/woa23c1ro/.local/share/uv/python/cpython-3.11.14-linux-x86_64-gnu/share/terminfo/t/tty5420-w-rv-n
l	777	994:993	19	/home/woa23c1ro/.local/share/uv/python/cpython-3.11.14-linux-x86_64-gnu/share/terminfo/v/vtnt
l	777	994:993	2	/home/woa23c1ro/.local/share/uv/python/cpython-3.11.14-linux-x86_64-gnu/share/terminfo/s/stterm
l	777	994:993	2	/home/woa23c1ro/.local/share/uv/python/cpython-3.11.14-linux-x86_64-gnu/share/terminfo/t/tkterm
l	777	994:993	20	/home/woa23c1ro/.local/share/uv/python/cpython-3.11.14-linux-x86_64-gnu/lib/libpython3.11.so
l	777	994:993	20	/home/woa23c1ro/.local/share/uv/python/cpython-3.11.14-linux-x86_64-gnu/lib/pkgconfig/python3-embed.pc
l	777	994:993	20	/home/woa23c1ro/.local/share/uv/python/cpython-3.11.14-linux-x86_64-gnu/share/terminfo/d/darwin-100x37-m
l	777	994:993	20	/home/woa23c1ro/.local/share/uv/python/cpython-3.11.14-linux-x86_64-gnu/share/terminfo/d/darwin-112x37-m
l	777	994:993	20	/home/woa23c1ro/.local/share/uv/python/cpython-3.11.14-linux-x86_64-gnu/share/terminfo/d/darwin-128x40-m
l	777	994:993	20	/home/woa23c1ro/.local/share/uv/python/cpython-3.11.14-linux-x86_64-gnu/share/terminfo/d/darwin-128x48-m
l	777	994:993	20	/home/woa23c1ro/.local/share/uv/python/cpython-3.11.14-linux-x86_64-gnu/share/terminfo/d/darwin-144x48-m
l	777	994:993	20	/home/woa23c1ro/.local/share/uv/python/cpython-3.11.14-linux-x86_64-gnu/share/terminfo/d/darwin-160x64-m
l	777	994:993	20	/home/woa23c1ro/.local/share/uv/python/cpython-3.11.14-linux-x86_64-gnu/share/terminfo/d/darwin-200x64-m
l	777	994:993	20	/home/woa23c1ro/.local/share/uv/python/cpython-3.11.14-linux-x86_64-gnu/share/terminfo/d/darwin-200x75-m
l	777	994:993	20	/home/woa23c1ro/.local/share/uv/python/cpython-3.11.14-linux-x86_64-gnu/share/terminfo/d/darwin-256x96-m
l	777	994:993	20	/home/woa23c1ro/.local/share/uv/python/cpython-3.11.14-linux-x86_64-gnu/share/terminfo/s/screen.xterm-new
l	777	994:993	3	/home/woa23c1ro/.local/share/uv/python/cpython-3.11.14-linux-x86_64-gnu/share/terminfo/a/aaa-30
l	777	994:993	3	/home/woa23c1ro/.local/share/uv/python/cpython-3.11.14-linux-x86_64-gnu/share/terminfo/a/ambas
l	777	994:993	3	/home/woa23c1ro/.local/share/uv/python/cpython-3.11.14-linux-x86_64-gnu/share/terminfo/a/ambassador
l	777	994:993	3	/home/woa23c1ro/.local/share/uv/python/cpython-3.11.14-linux-x86_64-gnu/share/terminfo/a/avt-s
l	777	994:993	3	/home/woa23c1ro/.local/share/uv/python/cpython-3.11.14-linux-x86_64-gnu/share/terminfo/c/cci1
l	777	994:993	3	/home/woa23c1ro/.local/share/uv/python/cpython-3.11.14-linux-x86_64-gnu/share/terminfo/c/crt-vt220
l	777	994:993	3	/home/woa23c1ro/.local/share/uv/python/cpython-3.11.14-linux-x86_64-gnu/share/terminfo/d/ddr3180
l	777	994:993	3	/home/woa23c1ro/.local/share/uv/python/cpython-3.11.14-linux-x86_64-gnu/share/terminfo/d/decwriter
l	777	994:993	3	/home/woa23c1ro/.local/share/uv/python/cpython-3.11.14-linux-x86_64-gnu/share/terminfo/d/dw
l	777	994:993	3	/home/woa23c1ro/.local/share/uv/python/cpython-3.11.14-linux-x86_64-gnu/share/terminfo/d/dwk-vt
l	777	994:993	3	/home/woa23c1ro/.local/share/uv/python/cpython-3.11.14-linux-x86_64-gnu/share/terminfo/f/fortune
l	777	994:993	3	/home/woa23c1ro/.local/share/uv/python/cpython-3.11.14-linux-x86_64-gnu/share/terminfo/h/h19-b
l	777	994:993	3	/home/woa23c1ro/.local/share/uv/python/cpython-3.11.14-linux-x86_64-gnu/share/terminfo/h/heath
l	777	994:993	3	/home/woa23c1ro/.local/share/uv/python/cpython-3.11.14-linux-x86_64-gnu/share/terminfo/h/heath-19
l	777	994:993	3	/home/woa23c1ro/.local/share/uv/python/cpython-3.11.14-linux-x86_64-gnu/share/terminfo/h/heathkit
l	777	994:993	3	/home/woa23c1ro/.local/share/uv/python/cpython-3.11.14-linux-x86_64-gnu/share/terminfo/h/hpex2
l	777	994:993	3	/home/woa23c1ro/.local/share/uv/python/cpython-3.11.14-linux-x86_64-gnu/share/terminfo/k/kon2
l	777	994:993	3	/home/woa23c1ro/.local/share/uv/python/cpython-3.11.14-linux-x86_64-gnu/share/terminfo/l/lft-pc850
l	777	994:993	3	/home/woa23c1ro/.local/share/uv/python/cpython-3.11.14-linux-x86_64-gnu/share/terminfo/m/macintosh
l	777	994:993	3	/home/woa23c1ro/.local/share/uv/python/cpython-3.11.14-linux-x86_64-gnu/share/terminfo/q/qnx4
l	777	994:993	3	/home/woa23c1ro/.local/share/uv/python/cpython-3.11.14-linux-x86_64-gnu/share/terminfo/s/sb3
l	777	994:993	3	/home/woa23c1ro/.local/share/uv/python/cpython-3.11.14-linux-x86_64-gnu/share/terminfo/s/sun1
l	777	994:993	3	/home/woa23c1ro/.local/share/uv/python/cpython-3.11.14-linux-x86_64-gnu/share/terminfo/s/sun2
l	777	994:993	3	/home/woa23c1ro/.local/share/uv/python/cpython-3.11.14-linux-x86_64-gnu/share/terminfo/s/superbee
l	777	994:993	3	/home/woa23c1ro/.local/share/uv/python/cpython-3.11.14-linux-x86_64-gnu/share/terminfo/t/tek4012
l	777	994:993	3	/home/woa23c1ro/.local/share/uv/python/cpython-3.11.14-linux-x86_64-gnu/share/terminfo/z/z29b
l	777	994:993	3	/home/woa23c1ro/.local/share/uv/python/cpython-3.11.14-linux-x86_64-gnu/share/terminfo/z/zenith29
l	777	994:993	3	/home/woa23c1ro/.local/share/uv/python/cpython-3.11.14-linux-x86_64-gnu/share/terminfo/z/zt-1
l	777	994:993	3	/home/woa23c1ro/.local/share/uv/python/cpython-3.11.14-linux-x86_64-gnu/share/terminfo/z/ztx-1-a
l	777	994:993	3	/home/woa23c1ro/.local/share/uv/python/cpython-3.11.14-linux-x86_64-gnu/share/terminfo/z/ztx11
l	777	994:993	4	/home/woa23c1ro/.local/share/uv/python/cpython-3.11.14-linux-x86_64-gnu/share/terminfo/c/c100-4p
l	777	994:993	4	/home/woa23c1ro/.local/share/uv/python/cpython-3.11.14-linux-x86_64-gnu/share/terminfo/c/c104
l	777	994:993	4	/home/woa23c1ro/.local/share/uv/python/cpython-3.11.14-linux-x86_64-gnu/share/terminfo/c/c108-8p
l	777	994:993	4	/home/woa23c1ro/.local/share/uv/python/cpython-3.11.14-linux-x86_64-gnu/share/terminfo/c/colorscan
l	777	994:993	4	/home/woa23c1ro/.local/share/uv/python/cpython-3.11.14-linux-x86_64-gnu/share/terminfo/c/concept
l	777	994:993	4	/home/woa23c1ro/.local/share/uv/python/cpython-3.11.14-linux-x86_64-gnu/share/terminfo/c/concept100
l	777	994:993	4	/home/woa23c1ro/.local/share/uv/python/cpython-3.11.14-linux-x86_64-gnu/share/terminfo/c/concept108
l	777	994:993	4	/home/woa23c1ro/.local/share/uv/python/cpython-3.11.14-linux-x86_64-gnu/share/terminfo/c/concept108-8p
l	777	994:993	4	/home/woa23c1ro/.local/share/uv/python/cpython-3.11.14-linux-x86_64-gnu/share/terminfo/d/d200-dg
l	777	994:993	4	/home/woa23c1ro/.local/share/uv/python/cpython-3.11.14-linux-x86_64-gnu/share/terminfo/d/d214
l	777	994:993	4	/home/woa23c1ro/.local/share/uv/python/cpython-3.11.14-linux-x86_64-gnu/share/terminfo/d/d215
l	777	994:993	4	/home/woa23c1ro/.local/share/uv/python/cpython-3.11.14-linux-x86_64-gnu/share/terminfo/d/d400-dg
l	777	994:993	4	/home/woa23c1ro/.local/share/uv/python/cpython-3.11.14-linux-x86_64-gnu/share/terminfo/d/d411
l	777	994:993	4	/home/woa23c1ro/.local/share/uv/python/cpython-3.11.14-linux-x86_64-gnu/share/terminfo/d/d450
l	777	994:993	4	/home/woa23c1ro/.local/share/uv/python/cpython-3.11.14-linux-x86_64-gnu/share/terminfo/d/d450-dg
l	777	994:993	4	/home/woa23c1ro/.local/share/uv/python/cpython-3.11.14-linux-x86_64-gnu/share/terminfo/d/d460
l	777	994:993	4	/home/woa23c1ro/.local/share/uv/python/cpython-3.11.14-linux-x86_64-gnu/share/terminfo/d/d461
l	777	994:993	4	/home/woa23c1ro/.local/share/uv/python/cpython-3.11.14-linux-x86_64-gnu/share/terminfo/d/datagraphix
l	777	994:993	4	/home/woa23c1ro/.local/share/uv/python/cpython-3.11.14-linux-x86_64-gnu/share/terminfo/d/dmdt80
l	777	994:993	4	/home/woa23c1ro/.local/share/uv/python/cpython-3.11.14-linux-x86_64-gnu/share/terminfo/d/dt80
l	777	994:993	4	/home/woa23c1ro/.local/share/uv/python/cpython-3.11.14-linux-x86_64-gnu/share/terminfo/e/ep4000
l	777	994:993	4	/home/woa23c1ro/.local/share/uv/python/cpython-3.11.14-linux-x86_64-gnu/share/terminfo/e/ep4080
l	777	994:993	4	/home/woa23c1ro/.local/share/uv/python/cpython-3.11.14-linux-x86_64-gnu/share/terminfo/f/freedom
l	777	994:993	4	/home/woa23c1ro/.local/share/uv/python/cpython-3.11.14-linux-x86_64-gnu/share/terminfo/f/freedom100
l	777	994:993	4	/home/woa23c1ro/.local/share/uv/python/cpython-3.11.14-linux-x86_64-gnu/share/terminfo/f/freedom110
l	777	994:993	4	/home/woa23c1ro/.local/share/uv/python/cpython-3.11.14-linux-x86_64-gnu/share/terminfo/f/freedom200
l	777	994:993	4	/home/woa23c1ro/.local/share/uv/python/cpython-3.11.14-linux-x86_64-gnu/share/terminfo/g/guru+unk
l	777	994:993	4	/home/woa23c1ro/.local/share/uv/python/cpython-3.11.14-linux-x86_64-gnu/share/terminfo/g/guru-33
l	777	994:993	4	/home/woa23c1ro/.local/share/uv/python/cpython-3.11.14-linux-x86_64-gnu/share/terminfo/h/h19kermit
l	777	994:993	4	/home/woa23c1ro/.local/share/uv/python/cpython-3.11.14-linux-x86_64-gnu/share/terminfo/l/luna68k
l	777	994:993	4	/home/woa23c1ro/.local/share/uv/python/cpython-3.11.14-linux-x86_64-gnu/share/terminfo/m/mime1
l	777	994:993	4	/home/woa23c1ro/.local/share/uv/python/cpython-3.11.14-linux-x86_64-gnu/share/terminfo/m/mime2
l	777	994:993	4	/home/woa23c1ro/.local/share/uv/python/cpython-3.11.14-linux-x86_64-gnu/share/terminfo/m/mimei
l	777	994:993	4	/home/woa23c1ro/.local/share/uv/python/cpython-3.11.14-linux-x86_64-gnu/share/terminfo/m/mimeii
l	777	994:993	4	/home/woa23c1ro/.local/share/uv/python/cpython-3.11.14-linux-x86_64-gnu/share/terminfo/m/mt-70
l	777	994:993	4	/home/woa23c1ro/.local/share/uv/python/cpython-3.11.14-linux-x86_64-gnu/share/terminfo/p/prism8gl
l	777	994:993	4	/home/woa23c1ro/.local/share/uv/python/cpython-3.11.14-linux-x86_64-gnu/share/terminfo/q/qdcons
l	777	994:993	4	/home/woa23c1ro/.local/share/uv/python/cpython-3.11.14-linux-x86_64-gnu/share/terminfo/q/qnxt4
l	777	994:993	4	/home/woa23c1ro/.local/share/uv/python/cpython-3.11.14-linux-x86_64-gnu/share/terminfo/r/rxvt-color
l	777	994:993	4	/home/woa23c1ro/.local/share/uv/python/cpython-3.11.14-linux-x86_64-gnu/share/terminfo/s/securecrt
l	777	994:993	4	/home/woa23c1ro/.local/share/uv/python/cpython-3.11.14-linux-x86_64-gnu/share/terminfo/s/st52-m
l	777	994:993	4	/home/woa23c1ro/.local/share/uv/python/cpython-3.11.14-linux-x86_64-gnu/share/terminfo/t/trs80II
l	777	994:993	4	/home/woa23c1ro/.local/share/uv/python/cpython-3.11.14-linux-x86_64-gnu/share/terminfo/t/trsII
l	777	994:993	4	/home/woa23c1ro/.local/share/uv/python/cpython-3.11.14-linux-x86_64-gnu/share/terminfo/t/tw52-color
l	777	994:993	4	/home/woa23c1ro/.local/share/uv/python/cpython-3.11.14-linux-x86_64-gnu/share/terminfo/v/viewpoint60
l	777	994:993	4	/home/woa23c1ro/.local/share/uv/python/cpython-3.11.14-linux-x86_64-gnu/share/terminfo/v/viewpoint90
l	777	994:993	4	/home/woa23c1ro/.local/share/uv/python/cpython-3.11.14-linux-x86_64-gnu/share/terminfo/v/vt-61
l	777	994:993	4	/home/woa23c1ro/.local/share/uv/python/cpython-3.11.14-linux-x86_64-gnu/share/terminfo/v/vt61.5
l	777	994:993	4	/home/woa23c1ro/.local/share/uv/python/cpython-3.11.14-linux-x86_64-gnu/share/terminfo/w/wyse30
l	777	994:993	4	/home/woa23c1ro/.local/share/uv/python/cpython-3.11.14-linux-x86_64-gnu/share/terminfo/w/wyse50
l	777	994:993	4	/home/woa23c1ro/.local/share/uv/python/cpython-3.11.14-linux-x86_64-gnu/share/terminfo/w/wyse60
l	777	994:993	4	/home/woa23c1ro/.local/share/uv/python/cpython-3.11.14-linux-x86_64-gnu/share/terminfo/w/wyse75
l	777	994:993	4	/home/woa23c1ro/.local/share/uv/python/cpython-3.11.14-linux-x86_64-gnu/share/terminfo/w/wyse85
l	777	994:993	4	/home/woa23c1ro/.local/share/uv/python/cpython-3.11.14-linux-x86_64-gnu/share/terminfo/x/x68k-ite
l	777	994:993	4	/home/woa23c1ro/.local/share/uv/python/cpython-3.11.14-linux-x86_64-gnu/share/terminfo/z/z-100
l	777	994:993	4	/home/woa23c1ro/.local/share/uv/python/cpython-3.11.14-linux-x86_64-gnu/share/terminfo/z/z110
l	777	994:993	4	/home/woa23c1ro/.local/share/uv/python/cpython-3.11.14-linux-x86_64-gnu/share/terminfo/z/z29a-kc-bc
l	777	994:993	5	/home/woa23c1ro/.local/share/uv/python/cpython-3.11.14-linux-x86_64-gnu/share/terminfo/E/Eterm-color
l	777	994:993	5	/home/woa23c1ro/.local/share/uv/python/cpython-3.11.14-linux-x86_64-gnu/share/terminfo/a/adm1
l	777	994:993	5	/home/woa23c1ro/.local/share/uv/python/cpython-3.11.14-linux-x86_64-gnu/share/terminfo/a/aj
l	777	994:993	5	/home/woa23c1ro/.local/share/uv/python/cpython-3.11.14-linux-x86_64-gnu/share/terminfo/a/aj832
l	777	994:993	5	/home/woa23c1ro/.local/share/uv/python/cpython-3.11.14-linux-x86_64-gnu/share/terminfo/a/avt-w-s
l	777	994:993	5	/home/woa23c1ro/.local/share/uv/python/cpython-3.11.14-linux-x86_64-gnu/share/terminfo/b/bg3.10
l	777	994:993	5	/home/woa23c1ro/.local/share/uv/python/cpython-3.11.14-linux-x86_64-gnu/share/terminfo/c/ci8510
l	777	994:993	5	/home/woa23c1ro/.local/share/uv/python/cpython-3.11.14-linux-x86_64-gnu/share/terminfo/c/cit-80
l	777	994:993	5	/home/woa23c1ro/.local/share/uv/python/cpython-3.11.14-linux-x86_64-gnu/share/terminfo/d/d230
l	777	994:993	5	/home/woa23c1ro/.local/share/uv/python/cpython-3.11.14-linux-x86_64-gnu/share/terminfo/d/d470
l	777	994:993	5	/home/woa23c1ro/.local/share/uv/python/cpython-3.11.14-linux-x86_64-gnu/share/terminfo/d/dd5000
l	777	994:993	5	/home/woa23c1ro/.local/share/uv/python/cpython-3.11.14-linux-x86_64-gnu/share/terminfo/d/dg-ansi
l	777	994:993	5	/home/woa23c1ro/.local/share/uv/python/cpython-3.11.14-linux-x86_64-gnu/share/terminfo/d/dg6134
l	777	994:993	5	/home/woa23c1ro/.local/share/uv/python/cpython-3.11.14-linux-x86_64-gnu/share/terminfo/d/dmdt80w
l	777	994:993	5	/home/woa23c1ro/.local/share/uv/python/cpython-3.11.14-linux-x86_64-gnu/share/terminfo/d/dt-100
l	777	994:993	5	/home/woa23c1ro/.local/share/uv/python/cpython-3.11.14-linux-x86_64-gnu/share/terminfo/d/dt80w
l	777	994:993	5	/home/woa23c1ro/.local/share/uv/python/cpython-3.11.14-linux-x86_64-gnu/share/terminfo/f/f1720a
l	777	994:993	5	/home/woa23c1ro/.local/share/uv/python/cpython-3.11.14-linux-x86_64-gnu/share/terminfo/g/go-225
l	777	994:993	5	/home/woa23c1ro/.local/share/uv/python/cpython-3.11.14-linux-x86_64-gnu/share/terminfo/h/h19a
l	777	994:993	5	/home/woa23c1ro/.local/share/uv/python/cpython-3.11.14-linux-x86_64-gnu/share/terminfo/h/h19g
l	777	994:993	5	/home/woa23c1ro/.local/share/uv/python/cpython-3.11.14-linux-x86_64-gnu/share/terminfo/h/h80
l	777	994:993	5	/home/woa23c1ro/.local/share/uv/python/cpython-3.11.14-linux-x86_64-gnu/share/terminfo/h/he80
l	777	994:993	5	/home/woa23c1ro/.local/share/uv/python/cpython-3.11.14-linux-x86_64-gnu/share/terminfo/h/heath-ansi
l	777	994:993	5	/home/woa23c1ro/.local/share/uv/python/cpython-3.11.14-linux-x86_64-gnu/share/terminfo/h/heathkit-a
l	777	994:993	5	/home/woa23c1ro/.local/share/uv/python/cpython-3.11.14-linux-x86_64-gnu/share/terminfo/m/macterminal-w
l	777	994:993	5	/home/woa23c1ro/.local/share/uv/python/cpython-3.11.14-linux-x86_64-gnu/share/terminfo/m/mime340
l	777	994:993	5	/home/woa23c1ro/.local/share/uv/python/cpython-3.11.14-linux-x86_64-gnu/share/terminfo/m/mouse-sun
l	777	994:993	5	/home/woa23c1ro/.local/share/uv/python/cpython-3.11.14-linux-x86_64-gnu/share/terminfo/o/oconcept
l	777	994:993	5	/home/woa23c1ro/.local/share/uv/python/cpython-3.11.14-linux-x86_64-gnu/share/terminfo/o/ojerq
l	777	994:993	5	/home/woa23c1ro/.local/share/uv/python/cpython-3.11.14-linux-x86_64-gnu/share/terminfo/p/pt200
l	777	994:993	5	/home/woa23c1ro/.local/share/uv/python/cpython-3.11.14-linux-x86_64-gnu/share/terminfo/q/qume
l	777	994:993	5	/home/woa23c1ro/.local/share/uv/python/cpython-3.11.14-linux-x86_64-gnu/share/terminfo/s/sun-cmd
l	777	994:993	5	/home/woa23c1ro/.local/share/uv/python/cpython-3.11.14-linux-x86_64-gnu/share/terminfo/s/sun-nic
l	777	994:993	5	/home/woa23c1ro/.local/share/uv/python/cpython-3.11.14-linux-x86_64-gnu/share/terminfo/s/sune
l	777	994:993	5	/home/woa23c1ro/.local/share/uv/python/cpython-3.11.14-linux-x86_64-gnu/share/terminfo/t/teken-vt
l	777	994:993	5	/home/woa23c1ro/.local/share/uv/python/cpython-3.11.14-linux-x86_64-gnu/share/terminfo/t/teleray
l	777	994:993	5	/home/woa23c1ro/.local/share/uv/python/cpython-3.11.14-linux-x86_64-gnu/share/terminfo/t/ti707
l	777	994:993	5	/home/woa23c1ro/.local/share/uv/python/cpython-3.11.14-linux-x86_64-gnu/share/terminfo/t/ti733
l	777	994:993	5	/home/woa23c1ro/.local/share/uv/python/cpython-3.11.14-linux-x86_64-gnu/share/terminfo/t/ti735
l	777	994:993	5	/home/woa23c1ro/.local/share/uv/python/cpython-3.11.14-linux-x86_64-gnu/share/terminfo/t/ti745
l	777	994:993	5	/home/woa23c1ro/.local/share/uv/python/cpython-3.11.14-linux-x86_64-gnu/share/terminfo/t/ti800
l	777	994:993	5	/home/woa23c1ro/.local/share/uv/python/cpython-3.11.14-linux-x86_64-gnu/share/terminfo/t/ti916-220-7
l	777	994:993	5	/home/woa23c1ro/.local/share/uv/python/cpython-3.11.14-linux-x86_64-gnu/share/terminfo/t/ts100-sp
l	777	994:993	5	/home/woa23c1ro/.local/share/uv/python/cpython-3.11.14-linux-x86_64-gnu/share/terminfo/t/tty35
l	777	994:993	5	/home/woa23c1ro/.local/share/uv/python/cpython-3.11.14-linux-x86_64-gnu/share/terminfo/v/vc103
l	777	994:993	5	/home/woa23c1ro/.local/share/uv/python/cpython-3.11.14-linux-x86_64-gnu/share/terminfo/v/vc203
l	777	994:993	5	/home/woa23c1ro/.local/share/uv/python/cpython-3.11.14-linux-x86_64-gnu/share/terminfo/v/vc414h
l	777	994:993	5	/home/woa23c1ro/.local/share/uv/python/cpython-3.11.14-linux-x86_64-gnu/share/terminfo/v/viewpoint3a+
l	777	994:993	5	/home/woa23c1ro/.local/share/uv/python/cpython-3.11.14-linux-x86_64-gnu/share/terminfo/v/vip7800-H
l	777	994:993	5	/home/woa23c1ro/.local/share/uv/python/cpython-3.11.14-linux-x86_64-gnu/share/terminfo/v/vip7800-w
l	777	994:993	5	/home/woa23c1ro/.local/share/uv/python/cpython-3.11.14-linux-x86_64-gnu/share/terminfo/v/visual603
l	777	994:993	5	/home/woa23c1ro/.local/share/uv/python/cpython-3.11.14-linux-x86_64-gnu/share/terminfo/v/vt100-am
l	777	994:993	5	/home/woa23c1ro/.local/share/uv/python/cpython-3.11.14-linux-x86_64-gnu/share/terminfo/v/vt200
l	777	994:993	5	/home/woa23c1ro/.local/share/uv/python/cpython-3.11.14-linux-x86_64-gnu/share/terminfo/v/vt300
l	777	994:993	5	/home/woa23c1ro/.local/share/uv/python/cpython-3.11.14-linux-x86_64-gnu/share/terminfo/v/vt330
l	777	994:993	5	/home/woa23c1ro/.local/share/uv/python/cpython-3.11.14-linux-x86_64-gnu/share/terminfo/v/vt400-24
l	777	994:993	5	/home/woa23c1ro/.local/share/uv/python/cpython-3.11.14-linux-x86_64-gnu/share/terminfo/w/wy-99fgt
l	777	994:993	5	/home/woa23c1ro/.local/share/uv/python/cpython-3.11.14-linux-x86_64-gnu/share/terminfo/w/wy150
l	777	994:993	5	/home/woa23c1ro/.local/share/uv/python/cpython-3.11.14-linux-x86_64-gnu/share/terminfo/w/wy370-101k
l	777	994:993	5	/home/woa23c1ro/.local/share/uv/python/cpython-3.11.14-linux-x86_64-gnu/share/terminfo/w/wy99fgt
l	777	994:993	5	/home/woa23c1ro/.local/share/uv/python/cpython-3.11.14-linux-x86_64-gnu/share/terminfo/w/wyse120
l	777	994:993	5	/home/woa23c1ro/.local/share/uv/python/cpython-3.11.14-linux-x86_64-gnu/share/terminfo/w/wyse150
l	777	994:993	5	/home/woa23c1ro/.local/share/uv/python/cpython-3.11.14-linux-x86_64-gnu/share/terminfo/w/wyse160
l	777	994:993	5	/home/woa23c1ro/.local/share/uv/python/cpython-3.11.14-linux-x86_64-gnu/share/terminfo/w/wyse185
l	777	994:993	5	/home/woa23c1ro/.local/share/uv/python/cpython-3.11.14-linux-x86_64-gnu/share/terminfo/w/wyse325
l	777	994:993	5	/home/woa23c1ro/.local/share/uv/python/cpython-3.11.14-linux-x86_64-gnu/share/terminfo/w/wyse350
l	777	994:993	5	/home/woa23c1ro/.local/share/uv/python/cpython-3.11.14-linux-x86_64-gnu/share/terminfo/w/wyse370
l	777	994:993	5	/home/woa23c1ro/.local/share/uv/python/cpython-3.11.14-linux-x86_64-gnu/share/terminfo/w/wyse520
l	777	994:993	5	/home/woa23c1ro/.local/share/uv/python/cpython-3.11.14-linux-x86_64-gnu/share/terminfo/z/z30
l	777	994:993	5	/home/woa23c1ro/.local/share/uv/python/cpython-3.11.14-linux-x86_64-gnu/share/terminfo/z/z39a
l	777	994:993	5	/home/woa23c1ro/.local/share/uv/python/cpython-3.11.14-linux-x86_64-gnu/share/terminfo/z/z50
l	777	994:993	5	/home/woa23c1ro/.local/share/uv/python/cpython-3.11.14-linux-x86_64-gnu/share/terminfo/z/zenith39-a
l	777	994:993	5	/home/woa23c1ro/.local/share/uv/python/cpython-3.11.14-linux-x86_64-gnu/share/terminfo/z/zenith39-ansi
l	777	994:993	6	/home/woa23c1ro/.local/share/uv/python/cpython-3.11.14-linux-x86_64-gnu/share/terminfo/a/alt2
l	777	994:993	6	/home/woa23c1ro/.local/share/uv/python/cpython-3.11.14-linux-x86_64-gnu/share/terminfo/a/alt3
l	777	994:993	6	/home/woa23c1ro/.local/share/uv/python/cpython-3.11.14-linux-x86_64-gnu/share/terminfo/a/alt4
l	777	994:993	6	/home/woa23c1ro/.local/share/uv/python/cpython-3.11.14-linux-x86_64-gnu/share/terminfo/a/alt5
l	777	994:993	6	/home/woa23c1ro/.local/share/uv/python/cpython-3.11.14-linux-x86_64-gnu/share/terminfo/a/alt7
l	777	994:993	6	/home/woa23c1ro/.local/share/uv/python/cpython-3.11.14-linux-x86_64-gnu/share/terminfo/a/altos-2
l	777	994:993	6	/home/woa23c1ro/.local/share/uv/python/cpython-3.11.14-linux-x86_64-gnu/share/terminfo/a/altos-3
l	777	994:993	6	/home/woa23c1ro/.local/share/uv/python/cpython-3.11.14-linux-x86_64-gnu/share/terminfo/a/altos-4
l	777	994:993	6	/home/woa23c1ro/.local/share/uv/python/cpython-3.11.14-linux-x86_64-gnu/share/terminfo/a/altos-5
l	777	994:993	6	/home/woa23c1ro/.local/share/uv/python/cpython-3.11.14-linux-x86_64-gnu/share/terminfo/a/altos5
l	777	994:993	6	/home/woa23c1ro/.local/share/uv/python/cpython-3.11.14-linux-x86_64-gnu/share/terminfo/a/ansi-mono
l	777	994:993	6	/home/woa23c1ro/.local/share/uv/python/cpython-3.11.14-linux-x86_64-gnu/share/terminfo/a/arm100-am
l	777	994:993	6	/home/woa23c1ro/.local/share/uv/python/cpython-3.11.14-linux-x86_64-gnu/share/terminfo/a/att513
l	777	994:993	6	/home/woa23c1ro/.local/share/uv/python/cpython-3.11.14-linux-x86_64-gnu/share/terminfo/a/att5430
l	777	994:993	6	/home/woa23c1ro/.local/share/uv/python/cpython-3.11.14-linux-x86_64-gnu/share/terminfo/a/avatar1
l	777	994:993	6	/home/woa23c1ro/.local/share/uv/python/cpython-3.11.14-linux-x86_64-gnu/share/terminfo/a/avt-rv-s
l	777	994:993	6	/home/woa23c1ro/.local/share/uv/python/cpython-3.11.14-linux-x86_64-gnu/share/terminfo/c/c108-w-8p
l	777	994:993	6	/home/woa23c1ro/.local/share/uv/python/cpython-3.11.14-linux-x86_64-gnu/share/terminfo/c/chromatics
l	777	994:993	6	/home/woa23c1ro/.local/share/uv/python/cpython-3.11.14-linux-x86_64-gnu/share/terminfo/c/citc
l	777	994:993	6	/home/woa23c1ro/.local/share/uv/python/cpython-3.11.14-linux-x86_64-gnu/share/terminfo/c/concept108-w-8
l	777	994:993	6	/home/woa23c1ro/.local/share/uv/python/cpython-3.11.14-linux-x86_64-gnu/share/terminfo/c/concept108-w8p
l	777	994:993	6	/home/woa23c1ro/.local/share/uv/python/cpython-3.11.14-linux-x86_64-gnu/share/terminfo/c/cops
l	777	994:993	6	/home/woa23c1ro/.local/share/uv/python/cpython-3.11.14-linux-x86_64-gnu/share/terminfo/c/cops-10
l	777	994:993	6	/home/woa23c1ro/.local/share/uv/python/cpython-3.11.14-linux-x86_64-gnu/share/terminfo/d/d2
l	777	994:993	6	/home/woa23c1ro/.local/share/uv/python/cpython-3.11.14-linux-x86_64-gnu/share/terminfo/d/d2-dg
l	777	994:993	6	/home/woa23c1ro/.local/share/uv/python/cpython-3.11.14-linux-x86_64-gnu/share/terminfo/d/d411-w
l	777	994:993	6	/home/woa23c1ro/.local/share/uv/python/cpython-3.11.14-linux-x86_64-gnu/share/terminfo/d/d460-w
l	777	994:993	6	/home/woa23c1ro/.local/share/uv/python/cpython-3.11.14-linux-x86_64-gnu/share/terminfo/d/d461-w
l	777	994:993	6	/home/woa23c1ro/.local/share/uv/python/cpython-3.11.14-linux-x86_64-gnu/share/terminfo/d/datamedia2500
l	777	994:993	6	/home/woa23c1ro/.local/share/uv/python/cpython-3.11.14-linux-x86_64-gnu/share/terminfo/d/datapoint
l	777	994:993	6	/home/woa23c1ro/.local/share/uv/python/cpython-3.11.14-linux-x86_64-gnu/share/terminfo/d/dg605x
l	777	994:993	6	/home/woa23c1ro/.local/share/uv/python/cpython-3.11.14-linux-x86_64-gnu/share/terminfo/d/dm1521
l	777	994:993	6	/home/woa23c1ro/.local/share/uv/python/cpython-3.11.14-linux-x86_64-gnu/share/terminfo/d/dt-100w
l	777	994:993	6	/home/woa23c1ro/.local/share/uv/python/cpython-3.11.14-linux-x86_64-gnu/share/terminfo/e/envision230
l	777	994:993	6	/home/woa23c1ro/.local/share/uv/python/cpython-3.11.14-linux-x86_64-gnu/share/terminfo/g/guru-33-s
l	777	994:993	6	/home/woa23c1ro/.local/share/uv/python/cpython-3.11.14-linux-x86_64-gnu/share/terminfo/h/h19-smul
l	777	994:993	6	/home/woa23c1ro/.local/share/uv/python/cpython-3.11.14-linux-x86_64-gnu/share/terminfo/h/h19us
l	777	994:993	6	/home/woa23c1ro/.local/share/uv/python/cpython-3.11.14-linux-x86_64-gnu/share/terminfo/h/hp2621-wl
l	777	994:993	6	/home/woa23c1ro/.local/share/uv/python/cpython-3.11.14-linux-x86_64-gnu/share/terminfo/h/hp2621A
l	777	994:993	6	/home/woa23c1ro/.local/share/uv/python/cpython-3.11.14-linux-x86_64-gnu/share/terminfo/h/hp2621a
l	777	994:993	6	/home/woa23c1ro/.local/share/uv/python/cpython-3.11.14-linux-x86_64-gnu/share/terminfo/h/hp2622a
l	777	994:993	6	/home/woa23c1ro/.local/share/uv/python/cpython-3.11.14-linux-x86_64-gnu/share/terminfo/h/hp2623a
l	777	994:993	6	/home/woa23c1ro/.local/share/uv/python/cpython-3.11.14-linux-x86_64-gnu/share/terminfo/h/hp2624a
l	777	994:993	6	/home/woa23c1ro/.local/share/uv/python/cpython-3.11.14-linux-x86_64-gnu/share/terminfo/h/hp2624b
l	777	994:993	6	/home/woa23c1ro/.local/share/uv/python/cpython-3.11.14-linux-x86_64-gnu/share/terminfo/h/hp2624b-4p
l	777	994:993	6	/home/woa23c1ro/.local/share/uv/python/cpython-3.11.14-linux-x86_64-gnu/share/terminfo/h/hp2626a
l	777	994:993	6	/home/woa23c1ro/.local/share/uv/python/cpython-3.11.14-linux-x86_64-gnu/share/terminfo/h/hp2626p
l	777	994:993	6	/home/woa23c1ro/.local/share/uv/python/cpython-3.11.14-linux-x86_64-gnu/share/terminfo/h/hp2648a
l	777	994:993	6	/home/woa23c1ro/.local/share/uv/python/cpython-3.11.14-linux-x86_64-gnu/share/terminfo/h/hp45
l	777	994:993	6	/home/woa23c1ro/.local/share/uv/python/cpython-3.11.14-linux-x86_64-gnu/share/terminfo/h/hp700
l	777	994:993	6	/home/woa23c1ro/.local/share/uv/python/cpython-3.11.14-linux-x86_64-gnu/share/terminfo/h/hp98720
l	777	994:993	6	/home/woa23c1ro/.local/share/uv/python/cpython-3.11.14-linux-x86_64-gnu/share/terminfo/h/hp98721
l	777	994:993	6	/home/woa23c1ro/.local/share/uv/python/cpython-3.11.14-linux-x86_64-gnu/share/terminfo/i/ibm5051
l	777	994:993	6	/home/woa23c1ro/.local/share/uv/python/cpython-3.11.14-linux-x86_64-gnu/share/terminfo/i/ibmx
l	777	994:993	6	/home/woa23c1ro/.local/share/uv/python/cpython-3.11.14-linux-x86_64-gnu/share/terminfo/k/kaypro2
l	777	994:993	6	/home/woa23c1ro/.local/share/uv/python/cpython-3.11.14-linux-x86_64-gnu/share/terminfo/m/microbee
l	777	994:993	6	/home/woa23c1ro/.local/share/uv/python/cpython-3.11.14-linux-x86_64-gnu/share/terminfo/m/mime2a-v
l	777	994:993	6	/home/woa23c1ro/.local/share/uv/python/cpython-3.11.14-linux-x86_64-gnu/share/terminfo/m/minitel
l	777	994:993	6	/home/woa23c1ro/.local/share/uv/python/cpython-3.11.14-linux-x86_64-gnu/share/terminfo/m/minitel-2
l	777	994:993	6	/home/woa23c1ro/.local/share/uv/python/cpython-3.11.14-linux-x86_64-gnu/share/terminfo/m/minitel-2-nam
l	777	994:993	6	/home/woa23c1ro/.local/share/uv/python/cpython-3.11.14-linux-x86_64-gnu/share/terminfo/m/mskermit227
l	777	994:993	6	/home/woa23c1ro/.local/share/uv/python/cpython-3.11.14-linux-x86_64-gnu/share/terminfo/n/ncsa-vt220-8
l	777	994:993	6	/home/woa23c1ro/.local/share/uv/python/cpython-3.11.14-linux-x86_64-gnu/share/terminfo/n/news
l	777	994:993	6	/home/woa23c1ro/.local/share/uv/python/cpython-3.11.14-linux-x86_64-gnu/share/terminfo/n/news-o
l	777	994:993	6	/home/woa23c1ro/.local/share/uv/python/cpython-3.11.14-linux-x86_64-gnu/share/terminfo/n/news28-a
l	777	994:993	6	/home/woa23c1ro/.local/share/uv/python/cpython-3.11.14-linux-x86_64-gnu/share/terminfo/n/news31
l	777	994:993	6	/home/woa23c1ro/.local/share/uv/python/cpython-3.11.14-linux-x86_64-gnu/share/terminfo/n/news31-o
l	777	994:993	6	/home/woa23c1ro/.local/share/uv/python/cpython-3.11.14-linux-x86_64-gnu/share/terminfo/n/news40
l	777	994:993	6	/home/woa23c1ro/.local/share/uv/python/cpython-3.11.14-linux-x86_64-gnu/share/terminfo/n/news40-o
l	777	994:993	6	/home/woa23c1ro/.local/share/uv/python/cpython-3.11.14-linux-x86_64-gnu/share/terminfo/n/newscbm
l	777	994:993	6	/home/woa23c1ro/.local/share/uv/python/cpython-3.11.14-linux-x86_64-gnu/share/terminfo/n/newscbm-o
l	777	994:993	6	/home/woa23c1ro/.local/share/uv/python/cpython-3.11.14-linux-x86_64-gnu/share/terminfo/n/nsterm-256color
l	777	994:993	6	/home/woa23c1ro/.local/share/uv/python/cpython-3.11.14-linux-x86_64-gnu/share/terminfo/n/nwe501
l	777	994:993	6	/home/woa23c1ro/.local/share/uv/python/cpython-3.11.14-linux-x86_64-gnu/share/terminfo/n/nwe501-o
l	777	994:993	6	/home/woa23c1ro/.local/share/uv/python/cpython-3.11.14-linux-x86_64-gnu/share/terminfo/n/nwp-511
l	777	994:993	6	/home/woa23c1ro/.local/share/uv/python/cpython-3.11.14-linux-x86_64-gnu/share/terminfo/n/nwp-517
l	777	994:993	6	/home/woa23c1ro/.local/share/uv/python/cpython-3.11.14-linux-x86_64-gnu/share/terminfo/n/nwp251-o
l	777	994:993	6	/home/woa23c1ro/.local/share/uv/python/cpython-3.11.14-linux-x86_64-gnu/share/terminfo/n/nwp512-o
l	777	994:993	6	/home/woa23c1ro/.local/share/uv/python/cpython-3.11.14-linux-x86_64-gnu/share/terminfo/n/nwp513-o
l	777	994:993	6	/home/woa23c1ro/.local/share/uv/python/cpython-3.11.14-linux-x86_64-gnu/share/terminfo/n/nwp514
l	777	994:993	6	/home/woa23c1ro/.local/share/uv/python/cpython-3.11.14-linux-x86_64-gnu/share/terminfo/n/nwp514-o
l	777	994:993	6	/home/woa23c1ro/.local/share/uv/python/cpython-3.11.14-linux-x86_64-gnu/share/terminfo/n/nwp518
l	777	994:993	6	/home/woa23c1ro/.local/share/uv/python/cpython-3.11.14-linux-x86_64-gnu/share/terminfo/n/nwp518-o
l	777	994:993	6	/home/woa23c1ro/.local/share/uv/python/cpython-3.11.14-linux-x86_64-gnu/share/terminfo/o/oldibmpc3
l	777	994:993	6	/home/woa23c1ro/.local/share/uv/python/cpython-3.11.14-linux-x86_64-gnu/share/terminfo/p/p4
l	777	994:993	6	/home/woa23c1ro/.local/share/uv/python/cpython-3.11.14-linux-x86_64-gnu/share/terminfo/p/p5
l	777	994:993	6	/home/woa23c1ro/.local/share/uv/python/cpython-3.11.14-linux-x86_64-gnu/share/terminfo/p/p7
l	777	994:993	6	/home/woa23c1ro/.local/share/uv/python/cpython-3.11.14-linux-x86_64-gnu/share/terminfo/p/p8
l	777	994:993	6	/home/woa23c1ro/.local/share/uv/python/cpython-3.11.14-linux-x86_64-gnu/share/terminfo/p/p9
l	777	994:993	6	/home/woa23c1ro/.local/share/uv/python/cpython-3.11.14-linux-x86_64-gnu/share/terminfo/p/pcconsole
l	777	994:993	6	/home/woa23c1ro/.local/share/uv/python/cpython-3.11.14-linux-x86_64-gnu/share/terminfo/p/pe6300
l	777	994:993	6	/home/woa23c1ro/.local/share/uv/python/cpython-3.11.14-linux-x86_64-gnu/share/terminfo/p/pe6312
l	777	994:993	6	/home/woa23c1ro/.local/share/uv/python/cpython-3.11.14-linux-x86_64-gnu/share/terminfo/p/pmconsole
l	777	994:993	6	/home/woa23c1ro/.local/share/uv/python/cpython-3.11.14-linux-x86_64-gnu/share/terminfo/p/psterm-basic
l	777	994:993	6	/home/woa23c1ro/.local/share/uv/python/cpython-3.11.14-linux-x86_64-gnu/share/terminfo/p/pt200w
l	777	994:993	6	/home/woa23c1ro/.local/share/uv/python/cpython-3.11.14-linux-x86_64-gnu/share/terminfo/q/qvt108
l	777	994:993	6	/home/woa23c1ro/.local/share/uv/python/cpython-3.11.14-linux-x86_64-gnu/share/terminfo/q/qvt203+
l	777	994:993	6	/home/woa23c1ro/.local/share/uv/python/cpython-3.11.14-linux-x86_64-gnu/share/terminfo/t/tab
l	777	994:993	6	/home/woa23c1ro/.local/share/uv/python/cpython-3.11.14-linux-x86_64-gnu/share/terminfo/t/tab132-15
l	777	994:993	6	/home/woa23c1ro/.local/share/uv/python/cpython-3.11.14-linux-x86_64-gnu/share/terminfo/t/tvi914
l	777	994:993	6	/home/woa23c1ro/.local/share/uv/python/cpython-3.11.14-linux-x86_64-gnu/share/terminfo/t/tvi920
l	777	994:993	6	/home/woa23c1ro/.local/share/uv/python/cpython-3.11.14-linux-x86_64-gnu/share/terminfo/v/vc403a
l	777	994:993	6	/home/woa23c1ro/.local/share/uv/python/cpython-3.11.14-linux-x86_64-gnu/share/terminfo/v/vip7800-Hw
l	777	994:993	6	/home/woa23c1ro/.local/share/uv/python/cpython-3.11.14-linux-x86_64-gnu/share/terminfo/w/wy-75ap
l	777	994:993	6	/home/woa23c1ro/.local/share/uv/python/cpython-3.11.14-linux-x86_64-gnu/share/terminfo/w/wy-99fgta
l	777	994:993	6	/home/woa23c1ro/.local/share/uv/python/cpython-3.11.14-linux-x86_64-gnu/share/terminfo/w/wy99fgta
l	777	994:993	6	/home/woa23c1ro/.local/share/uv/python/cpython-3.11.14-linux-x86_64-gnu/share/terminfo/w/wyse-75ap
l	777	994:993	6	/home/woa23c1ro/.local/share/uv/python/cpython-3.11.14-linux-x86_64-gnu/share/terminfo/w/wyse50-w
l	777	994:993	6	/home/woa23c1ro/.local/share/uv/python/cpython-3.11.14-linux-x86_64-gnu/share/terminfo/w/wyse60-w
l	777	994:993	6	/home/woa23c1ro/.local/share/uv/python/cpython-3.11.14-linux-x86_64-gnu/share/terminfo/w/wyse75-w
l	777	994:993	6	/home/woa23c1ro/.local/share/uv/python/cpython-3.11.14-linux-x86_64-gnu/share/terminfo/w/wyse75ap
l	777	994:993	6	/home/woa23c1ro/.local/share/uv/python/cpython-3.11.14-linux-x86_64-gnu/share/terminfo/w/wyse85-w
l	777	994:993	6	/home/woa23c1ro/.local/share/uv/python/cpython-3.11.14-linux-x86_64-gnu/share/terminfo/w/wyse99gt
l	777	994:993	6	/home/woa23c1ro/.local/share/uv/python/cpython-3.11.14-linux-x86_64-gnu/share/terminfo/z/z-100bw
l	777	994:993	6	/home/woa23c1ro/.local/share/uv/python/cpython-3.11.14-linux-x86_64-gnu/share/terminfo/z/z110bw
l	777	994:993	7	/home/woa23c1ro/.local/share/uv/python/cpython-3.11.14-linux-x86_64-gnu/share/terminfo/a/a80
l	777	994:993	7	/home/woa23c1ro/.local/share/uv/python/cpython-3.11.14-linux-x86_64-gnu/share/terminfo/a/a980
l	777	994:993	7	/home/woa23c1ro/.local/share/uv/python/cpython-3.11.14-linux-x86_64-gnu/share/terminfo/a/aaa-unk
l	777	994:993	7	/home/woa23c1ro/.local/share/uv/python/cpython-3.11.14-linux-x86_64-gnu/share/terminfo/a/at386
l	777	994:993	7	/home/woa23c1ro/.local/share/uv/python/cpython-3.11.14-linux-x86_64-gnu/share/terminfo/a/att4425
l	777	994:993	7	/home/woa23c1ro/.local/share/uv/python/cpython-3.11.14-linux-x86_64-gnu/share/terminfo/a/att5320
l	777	994:993	7	/home/woa23c1ro/.local/share/uv/python/cpython-3.11.14-linux-x86_64-gnu/share/terminfo/a/att5410
l	777	994:993	7	/home/woa23c1ro/.local/share/uv/python/cpython-3.11.14-linux-x86_64-gnu/share/terminfo/a/att5418
l	777	994:993	7	/home/woa23c1ro/.local/share/uv/python/cpython-3.11.14-linux-x86_64-gnu/share/terminfo/a/att5420
l	777	994:993	7	/home/woa23c1ro/.local/share/uv/python/cpython-3.11.14-linux-x86_64-gnu/share/terminfo/b/bee
l	777	994:993	7	/home/woa23c1ro/.local/share/uv/python/cpython-3.11.14-linux-x86_64-gnu/share/terminfo/b/bg3.10rv
l	777	994:993	7	/home/woa23c1ro/.local/share/uv/python/cpython-3.11.14-linux-x86_64-gnu/share/terminfo/c/c100-rv-4p
l	777	994:993	7	/home/woa23c1ro/.local/share/uv/python/cpython-3.11.14-linux-x86_64-gnu/share/terminfo/c/c108-rv-8p
l	777	994:993	7	/home/woa23c1ro/.local/share/uv/python/cpython-3.11.14-linux-x86_64-gnu/share/terminfo/c/cgc2
l	777	994:993	7	/home/woa23c1ro/.local/share/uv/python/cpython-3.11.14-linux-x86_64-gnu/share/terminfo/c/cgc3
l	777	994:993	7	/home/woa23c1ro/.local/share/uv/python/cpython-3.11.14-linux-x86_64-gnu/share/terminfo/c/concept100-rv
l	777	994:993	7	/home/woa23c1ro/.local/share/uv/python/cpython-3.11.14-linux-x86_64-gnu/share/terminfo/c/concept108-4p
l	777	994:993	7	/home/woa23c1ro/.local/share/uv/python/cpython-3.11.14-linux-x86_64-gnu/share/terminfo/c/cons25-koi8-r
l	777	994:993	7	/home/woa23c1ro/.local/share/uv/python/cpython-3.11.14-linux-x86_64-gnu/share/terminfo/c/cons50-koi8r
l	777	994:993	7	/home/woa23c1ro/.local/share/uv/python/cpython-3.11.14-linux-x86_64-gnu/share/terminfo/c/cons60-koi8r
l	777	994:993	7	/home/woa23c1ro/.local/share/uv/python/cpython-3.11.14-linux-x86_64-gnu/share/terminfo/c/contour-latest
l	777	994:993	7	/home/woa23c1ro/.local/share/uv/python/cpython-3.11.14-linux-x86_64-gnu/share/terminfo/d/d214-dg
l	777	994:993	7	/home/woa23c1ro/.local/share/uv/python/cpython-3.11.14-linux-x86_64-gnu/share/terminfo/d/d215-7b
l	777	994:993	7	/home/woa23c1ro/.local/share/uv/python/cpython-3.11.14-linux-x86_64-gnu/share/terminfo/d/d215-dg
l	777	994:993	7	/home/woa23c1ro/.local/share/uv/python/cpython-3.11.14-linux-x86_64-gnu/share/terminfo/d/d216+dg
l	777	994:993	7	/home/woa23c1ro/.local/share/uv/python/cpython-3.11.14-linux-x86_64-gnu/share/terminfo/d/d216e+dg
l	777	994:993	7	/home/woa23c1ro/.local/share/uv/python/cpython-3.11.14-linux-x86_64-gnu/share/terminfo/d/d216e-dg
l	777	994:993	7	/home/woa23c1ro/.local/share/uv/python/cpython-3.11.14-linux-x86_64-gnu/share/terminfo/d/d217-dg
l	777	994:993	7	/home/woa23c1ro/.local/share/uv/python/cpython-3.11.14-linux-x86_64-gnu/share/terminfo/d/d411-7b
l	777	994:993	7	/home/woa23c1ro/.local/share/uv/python/cpython-3.11.14-linux-x86_64-gnu/share/terminfo/d/d411-dg
l	777	994:993	7	/home/woa23c1ro/.local/share/uv/python/cpython-3.11.14-linux-x86_64-gnu/share/terminfo/d/d412+dg
l	777	994:993	7	/home/woa23c1ro/.local/share/uv/python/cpython-3.11.14-linux-x86_64-gnu/share/terminfo/d/d413-dg
l	777	994:993	7	/home/woa23c1ro/.local/share/uv/python/cpython-3.11.14-linux-x86_64-gnu/share/terminfo/d/d460-7b
l	777	994:993	7	/home/woa23c1ro/.local/share/uv/python/cpython-3.11.14-linux-x86_64-gnu/share/terminfo/d/d460-dg
l	777	994:993	7	/home/woa23c1ro/.local/share/uv/python/cpython-3.11.14-linux-x86_64-gnu/share/terminfo/d/d461-7b
l	777	994:993	7	/home/woa23c1ro/.local/share/uv/python/cpython-3.11.14-linux-x86_64-gnu/share/terminfo/d/d461-dg
l	777	994:993	7	/home/woa23c1ro/.local/share/uv/python/cpython-3.11.14-linux-x86_64-gnu/share/terminfo/d/d462+dg
l	777	994:993	7	/home/woa23c1ro/.local/share/uv/python/cpython-3.11.14-linux-x86_64-gnu/share/terminfo/d/d462-dg
l	777	994:993	7	/home/woa23c1ro/.local/share/uv/python/cpython-3.11.14-linux-x86_64-gnu/share/terminfo/d/d462e-dg
l	777	994:993	7	/home/woa23c1ro/.local/share/uv/python/cpython-3.11.14-linux-x86_64-gnu/share/terminfo/d/d463-dg
l	777	994:993	7	/home/woa23c1ro/.local/share/uv/python/cpython-3.11.14-linux-x86_64-gnu/share/terminfo/d/d578-dg
l	777	994:993	7	/home/woa23c1ro/.local/share/uv/python/cpython-3.11.14-linux-x86_64-gnu/share/terminfo/e/excel64
l	777	994:993	7	/home/woa23c1ro/.local/share/uv/python/cpython-3.11.14-linux-x86_64-gnu/share/terminfo/f/freedom-rv
l	777	994:993	7	/home/woa23c1ro/.local/share/uv/python/cpython-3.11.14-linux-x86_64-gnu/share/terminfo/g/guru-33-rv
l	777	994:993	7	/home/woa23c1ro/.local/share/uv/python/cpython-3.11.14-linux-x86_64-gnu/share/terminfo/h/hp2382
l	777	994:993	7	/home/woa23c1ro/.local/share/uv/python/cpython-3.11.14-linux-x86_64-gnu/share/terminfo/h/hp2397
l	777	994:993	7	/home/woa23c1ro/.local/share/uv/python/cpython-3.11.14-linux-x86_64-gnu/share/terminfo/h/hp2644a
l	777	994:993	7	/home/woa23c1ro/.local/share/uv/python/cpython-3.11.14-linux-x86_64-gnu/share/terminfo/h/hp2645a
l	777	994:993	7	/home/woa23c1ro/.local/share/uv/python/cpython-3.11.14-linux-x86_64-gnu/share/terminfo/h/hp2647a
l	777	994:993	7	/home/woa23c1ro/.local/share/uv/python/cpython-3.11.14-linux-x86_64-gnu/share/terminfo/h/hp70092A
l	777	994:993	7	/home/woa23c1ro/.local/share/uv/python/cpython-3.11.14-linux-x86_64-gnu/share/terminfo/h/hp70092a
l	777	994:993	7	/home/woa23c1ro/.local/share/uv/python/cpython-3.11.14-linux-x86_64-gnu/share/terminfo/h/hp98550a
l	777	994:993	7	/home/woa23c1ro/.local/share/uv/python/cpython-3.11.14-linux-x86_64-gnu/share/terminfo/i/i3101
l	777	994:993	7	/home/woa23c1ro/.local/share/uv/python/cpython-3.11.14-linux-x86_64-gnu/share/terminfo/i/i3164
l	777	994:993	7	/home/woa23c1ro/.local/share/uv/python/cpython-3.11.14-linux-x86_64-gnu/share/terminfo/i/ibm3163
l	777	994:993	7	/home/woa23c1ro/.local/share/uv/python/cpython-3.11.14-linux-x86_64-gnu/share/terminfo/i/ibm8507
l	777	994:993	7	/home/woa23c1ro/.local/share/uv/python/cpython-3.11.14-linux-x86_64-gnu/share/terminfo/i/ibm8513
l	777	994:993	7	/home/woa23c1ro/.local/share/uv/python/cpython-3.11.14-linux-x86_64-gnu/share/terminfo/i/ibm8604
l	777	994:993	7	/home/woa23c1ro/.local/share/uv/python/cpython-3.11.14-linux-x86_64-gnu/share/terminfo/i/icl6402
l	777	994:993	7	/home/woa23c1ro/.local/share/uv/python/cpython-3.11.14-linux-x86_64-gnu/share/terminfo/i/intextii
l	777	994:993	7	/home/woa23c1ro/.local/share/uv/python/cpython-3.11.14-linux-x86_64-gnu/share/terminfo/m/mime-3ax
l	777	994:993	7	/home/woa23c1ro/.local/share/uv/python/cpython-3.11.14-linux-x86_64-gnu/share/terminfo/m/mm314
l	777	994:993	7	/home/woa23c1ro/.local/share/uv/python/cpython-3.11.14-linux-x86_64-gnu/share/terminfo/n/nd9500
l	777	994:993	7	/home/woa23c1ro/.local/share/uv/python/cpython-3.11.14-linux-x86_64-gnu/share/terminfo/n/nec
l	777	994:993	7	/home/woa23c1ro/.local/share/uv/python/cpython-3.11.14-linux-x86_64-gnu/share/terminfo/o/origibmpc3
l	777	994:993	7	/home/woa23c1ro/.local/share/uv/python/cpython-3.11.14-linux-x86_64-gnu/share/terminfo/o/osborne1
l	777	994:993	7	/home/woa23c1ro/.local/share/uv/python/cpython-3.11.14-linux-x86_64-gnu/share/terminfo/p/p12
l	777	994:993	7	/home/woa23c1ro/.local/share/uv/python/cpython-3.11.14-linux-x86_64-gnu/share/terminfo/p/p14
l	777	994:993	7	/home/woa23c1ro/.local/share/uv/python/cpython-3.11.14-linux-x86_64-gnu/share/terminfo/q/qvt101p
l	777	994:993	7	/home/woa23c1ro/.local/share/uv/python/cpython-3.11.14-linux-x86_64-gnu/share/terminfo/q/qvt119
l	777	994:993	7	/home/woa23c1ro/.local/share/uv/python/cpython-3.11.14-linux-x86_64-gnu/share/terminfo/q/qvt119p
l	777	994:993	7	/home/woa23c1ro/.local/share/uv/python/cpython-3.11.14-linux-x86_64-gnu/share/terminfo/s/sc410
l	777	994:993	7	/home/woa23c1ro/.local/share/uv/python/cpython-3.11.14-linux-x86_64-gnu/share/terminfo/s/sc415
l	777	994:993	7	/home/woa23c1ro/.local/share/uv/python/cpython-3.11.14-linux-x86_64-gnu/share/terminfo/s/sun-s-e
l	777	994:993	7	/home/woa23c1ro/.local/share/uv/python/cpython-3.11.14-linux-x86_64-gnu/share/terminfo/t/tek4025
l	777	994:993	7	/home/woa23c1ro/.local/share/uv/python/cpython-3.11.14-linux-x86_64-gnu/share/terminfo/t/tek4027
l	777	994:993	7	/home/woa23c1ro/.local/share/uv/python/cpython-3.11.14-linux-x86_64-gnu/share/terminfo/t/tek4109
l	777	994:993	7	/home/woa23c1ro/.local/share/uv/python/cpython-3.11.14-linux-x86_64-gnu/share/terminfo/t/tek4114
l	777	994:993	7	/home/woa23c1ro/.local/share/uv/python/cpython-3.11.14-linux-x86_64-gnu/share/terminfo/t/ti707-w
l	777	994:993	7	/home/woa23c1ro/.local/share/uv/python/cpython-3.11.14-linux-x86_64-gnu/share/terminfo/t/ti916-220-8
l	777	994:993	7	/home/woa23c1ro/.local/share/uv/python/cpython-3.11.14-linux-x86_64-gnu/share/terminfo/t/tvi912c
l	777	994:993	7	/home/woa23c1ro/.local/share/uv/python/cpython-3.11.14-linux-x86_64-gnu/share/terminfo/t/tvi920c
l	777	994:993	7	/home/woa23c1ro/.local/share/uv/python/cpython-3.11.14-linux-x86_64-gnu/share/terminfo/u/uniterm49
l	777	994:993	7	/home/woa23c1ro/.local/share/uv/python/cpython-3.11.14-linux-x86_64-gnu/share/terminfo/v/vt100-s-top
l	777	994:993	7	/home/woa23c1ro/.local/share/uv/python/cpython-3.11.14-linux-x86_64-gnu/share/terminfo/v/vt100-top-s
l	777	994:993	7	/home/woa23c1ro/.local/share/uv/python/cpython-3.11.14-linux-x86_64-gnu/share/terminfo/v/vt100-w-am
l	777	994:993	7	/home/woa23c1ro/.local/share/uv/python/cpython-3.11.14-linux-x86_64-gnu/share/terminfo/v/vt200-w
l	777	994:993	7	/home/woa23c1ro/.local/share/uv/python/cpython-3.11.14-linux-x86_64-gnu/share/terminfo/v/vt300-w
l	777	994:993	7	/home/woa23c1ro/.local/share/uv/python/cpython-3.11.14-linux-x86_64-gnu/share/terminfo/w/wy150-w
l	777	994:993	7	/home/woa23c1ro/.local/share/uv/python/cpython-3.11.14-linux-x86_64-gnu/share/terminfo/w/wy325w-24
l	777	994:993	7	/home/woa23c1ro/.local/share/uv/python/cpython-3.11.14-linux-x86_64-gnu/share/terminfo/w/wyse120-w
l	777	994:993	7	/home/woa23c1ro/.local/share/uv/python/cpython-3.11.14-linux-x86_64-gnu/share/terminfo/w/wyse150-w
l	777	994:993	7	/home/woa23c1ro/.local/share/uv/python/cpython-3.11.14-linux-x86_64-gnu/share/terminfo/w/wyse160-w
l	777	994:993	7	/home/woa23c1ro/.local/share/uv/python/cpython-3.11.14-linux-x86_64-gnu/share/terminfo/w/wyse185-w
l	777	994:993	7	/home/woa23c1ro/.local/share/uv/python/cpython-3.11.14-linux-x86_64-gnu/share/terminfo/w/wyse30-mc
l	777	994:993	7	/home/woa23c1ro/.local/share/uv/python/cpython-3.11.14-linux-x86_64-gnu/share/terminfo/w/wyse30-vb
l	777	994:993	7	/home/woa23c1ro/.local/share/uv/python/cpython-3.11.14-linux-x86_64-gnu/share/terminfo/w/wyse325-w
l	777	994:993	7	/home/woa23c1ro/.local/share/uv/python/cpython-3.11.14-linux-x86_64-gnu/share/terminfo/w/wyse350-w
l	777	994:993	7	/home/woa23c1ro/.local/share/uv/python/cpython-3.11.14-linux-x86_64-gnu/share/terminfo/w/wyse50-mc
l	777	994:993	7	/home/woa23c1ro/.local/share/uv/python/cpython-3.11.14-linux-x86_64-gnu/share/terminfo/w/wyse50-vb
l	777	994:993	7	/home/woa23c1ro/.local/share/uv/python/cpython-3.11.14-linux-x86_64-gnu/share/terminfo/w/wyse520-w
l	777	994:993	7	/home/woa23c1ro/.local/share/uv/python/cpython-3.11.14-linux-x86_64-gnu/share/terminfo/w/wyse60-25
l	777	994:993	7	/home/woa23c1ro/.local/share/uv/python/cpython-3.11.14-linux-x86_64-gnu/share/terminfo/w/wyse60-42
l	777	994:993	7	/home/woa23c1ro/.local/share/uv/python/cpython-3.11.14-linux-x86_64-gnu/share/terminfo/w/wyse60-43
l	777	994:993	7	/home/woa23c1ro/.local/share/uv/python/cpython-3.11.14-linux-x86_64-gnu/share/terminfo/w/wyse60-vb
l	777	994:993	7	/home/woa23c1ro/.local/share/uv/python/cpython-3.11.14-linux-x86_64-gnu/share/terminfo/w/wyse75-mc
l	777	994:993	7	/home/woa23c1ro/.local/share/uv/python/cpython-3.11.14-linux-x86_64-gnu/share/terminfo/w/wyse75-vb
l	777	994:993	7	/home/woa23c1ro/.local/share/uv/python/cpython-3.11.14-linux-x86_64-gnu/share/terminfo/w/wyse85-vb
l	777	994:993	8	/home/woa23c1ro/.local/share/uv/python/cpython-3.11.14-linux-x86_64-gnu/bin/idle3
l	777	994:993	8	/home/woa23c1ro/.local/share/uv/python/cpython-3.11.14-linux-x86_64-gnu/share/terminfo/L/LFT-PC850
l	777	994:993	8	/home/woa23c1ro/.local/share/uv/python/cpython-3.11.14-linux-x86_64-gnu/share/terminfo/a/a210
l	777	994:993	8	/home/woa23c1ro/.local/share/uv/python/cpython-3.11.14-linux-x86_64-gnu/share/terminfo/a/aaa-s
l	777	994:993	8	/home/woa23c1ro/.local/share/uv/python/cpython-3.11.14-linux-x86_64-gnu/share/terminfo/a/alt7pc
l	777	994:993	8	/home/woa23c1ro/.local/share/uv/python/cpython-3.11.14-linux-x86_64-gnu/share/terminfo/a/alto-heath
l	777	994:993	8	/home/woa23c1ro/.local/share/uv/python/cpython-3.11.14-linux-x86_64-gnu/share/terminfo/a/altoh19
l	777	994:993	8	/home/woa23c1ro/.local/share/uv/python/cpython-3.11.14-linux-x86_64-gnu/share/terminfo/a/altoheath
l	777	994:993	8	/home/woa23c1ro/.local/share/uv/python/cpython-3.11.14-linux-x86_64-gnu/share/terminfo/a/amp219
l	777	994:993	8	/home/woa23c1ro/.local/share/uv/python/cpython-3.11.14-linux-x86_64-gnu/share/terminfo/a/ampex-219
l	777	994:993	8	/home/woa23c1ro/.local/share/uv/python/cpython-3.11.14-linux-x86_64-gnu/share/terminfo/a/ampex-232
l	777	994:993	8	/home/woa23c1ro/.local/share/uv/python/cpython-3.11.14-linux-x86_64-gnu/share/terminfo/a/arm100-wam
l	777	994:993	8	/home/woa23c1ro/.local/share/uv/python/cpython-3.11.14-linux-x86_64-gnu/share/terminfo/a/avt-w-rv-s
l	777	994:993	8	/home/woa23c1ro/.local/share/uv/python/cpython-3.11.14-linux-x86_64-gnu/share/terminfo/b/basic4
l	777	994:993	8	/home/woa23c1ro/.local/share/uv/python/cpython-3.11.14-linux-x86_64-gnu/share/terminfo/b/beehiveIIIm
l	777	994:993	8	/home/woa23c1ro/.local/share/uv/python/cpython-3.11.14-linux-x86_64-gnu/share/terminfo/b/bg2.0nv
l	777	994:993	8	/home/woa23c1ro/.local/share/uv/python/cpython-3.11.14-linux-x86_64-gnu/share/terminfo/b/bg3.10nv
l	777	994:993	8	/home/woa23c1ro/.local/share/uv/python/cpython-3.11.14-linux-x86_64-gnu/share/terminfo/b/bh3m
l	777	994:993	8	/home/woa23c1ro/.local/share/uv/python/cpython-3.11.14-linux-x86_64-gnu/share/terminfo/b/bh4
l	777	994:993	8	/home/woa23c1ro/.local/share/uv/python/cpython-3.11.14-linux-x86_64-gnu/share/terminfo/c/concept-avt
l	777	994:993	8	/home/woa23c1ro/.local/share/uv/python/cpython-3.11.14-linux-x86_64-gnu/share/terminfo/c/cons25-iso8859
l	777	994:993	8	/home/woa23c1ro/.local/share/uv/python/cpython-3.11.14-linux-x86_64-gnu/share/terminfo/c/cons50-iso8859
l	777	994:993	8	/home/woa23c1ro/.local/share/uv/python/cpython-3.11.14-linux-x86_64-gnu/share/terminfo/c/cons60-iso
l	777	994:993	8	/home/woa23c1ro/.local/share/uv/python/cpython-3.11.14-linux-x86_64-gnu/share/terminfo/d/d230-dg
l	777	994:993	8	/home/woa23c1ro/.local/share/uv/python/cpython-3.11.14-linux-x86_64-gnu/share/terminfo/d/d430-dg
l	777	994:993	8	/home/woa23c1ro/.local/share/uv/python/cpython-3.11.14-linux-x86_64-gnu/share/terminfo/d/d470-7b
l	777	994:993	8	/home/woa23c1ro/.local/share/uv/python/cpython-3.11.14-linux-x86_64-gnu/share/terminfo/d/d470-dg
l	777	994:993	8	/home/woa23c1ro/.local/share/uv/python/cpython-3.11.14-linux-x86_64-gnu/share/terminfo/h/hp2621a-a
l	777	994:993	8	/home/woa23c1ro/.local/share/uv/python/cpython-3.11.14-linux-x86_64-gnu/share/terminfo/h/htx11
l	777	994:993	8	/home/woa23c1ro/.local/share/uv/python/cpython-3.11.14-linux-x86_64-gnu/share/terminfo/i/ibm5154-c
l	777	994:993	8	/home/woa23c1ro/.local/share/uv/python/cpython-3.11.14-linux-x86_64-gnu/share/terminfo/i/ibmapa8
l	777	994:993	8	/home/woa23c1ro/.local/share/uv/python/cpython-3.11.14-linux-x86_64-gnu/share/terminfo/l/la120
l	777	994:993	8	/home/woa23c1ro/.local/share/uv/python/cpython-3.11.14-linux-x86_64-gnu/share/terminfo/m/mod24
l	777	994:993	8	/home/woa23c1ro/.local/share/uv/python/cpython-3.11.14-linux-x86_64-gnu/share/terminfo/m/mskermit22714
l	777	994:993	8	/home/woa23c1ro/.local/share/uv/python/cpython-3.11.14-linux-x86_64-gnu/share/terminfo/m/mskermit227am
l	777	994:993	8	/home/woa23c1ro/.local/share/uv/python/cpython-3.11.14-linux-x86_64-gnu/share/terminfo/n/n7900
l	777	994:993	8	/home/woa23c1ro/.local/share/uv/python/cpython-3.11.14-linux-x86_64-gnu/share/terminfo/n/ncr7900
l	777	994:993	8	/home/woa23c1ro/.local/share/uv/python/cpython-3.11.14-linux-x86_64-gnu/share/terminfo/n/news-a
l	777	994:993	8	/home/woa23c1ro/.local/share/uv/python/cpython-3.11.14-linux-x86_64-gnu/share/terminfo/n/news31-a
l	777	994:993	8	/home/woa23c1ro/.local/share/uv/python/cpython-3.11.14-linux-x86_64-gnu/share/terminfo/n/news33
l	777	994:993	8	/home/woa23c1ro/.local/share/uv/python/cpython-3.11.14-linux-x86_64-gnu/share/terminfo/n/news40-a
l	777	994:993	8	/home/woa23c1ro/.local/share/uv/python/cpython-3.11.14-linux-x86_64-gnu/share/terminfo/n/news42
l	777	994:993	8	/home/woa23c1ro/.local/share/uv/python/cpython-3.11.14-linux-x86_64-gnu/share/terminfo/n/newscbm-a
l	777	994:993	8	/home/woa23c1ro/.local/share/uv/python/cpython-3.11.14-linux-x86_64-gnu/share/terminfo/n/newscbm33
l	777	994:993	8	/home/woa23c1ro/.local/share/uv/python/cpython-3.11.14-linux-x86_64-gnu/share/terminfo/n/nwe501-a
l	777	994:993	8	/home/woa23c1ro/.local/share/uv/python/cpython-3.11.14-linux-x86_64-gnu/share/terminfo/n/nwp-517-w
l	777	994:993	8	/home/woa23c1ro/.local/share/uv/python/cpython-3.11.14-linux-x86_64-gnu/share/terminfo/n/nwp251-a
l	777	994:993	8	/home/woa23c1ro/.local/share/uv/python/cpython-3.11.14-linux-x86_64-gnu/share/terminfo/n/nwp514-a
l	777	994:993	8	/home/woa23c1ro/.local/share/uv/python/cpython-3.11.14-linux-x86_64-gnu/share/terminfo/n/nwp518-a
l	777	994:993	8	/home/woa23c1ro/.local/share/uv/python/cpython-3.11.14-linux-x86_64-gnu/share/terminfo/o/o4112-nd
l	777	994:993	8	/home/woa23c1ro/.local/share/uv/python/cpython-3.11.14-linux-x86_64-gnu/share/terminfo/o/opennt-25-w
l	777	994:993	8	/home/woa23c1ro/.local/share/uv/python/cpython-3.11.14-linux-x86_64-gnu/share/terminfo/o/otek4113
l	777	994:993	8	/home/woa23c1ro/.local/share/uv/python/cpython-3.11.14-linux-x86_64-gnu/share/terminfo/o/otek4114
l	777	994:993	8	/home/woa23c1ro/.local/share/uv/python/cpython-3.11.14-linux-x86_64-gnu/share/terminfo/p/p8-w
l	777	994:993	8	/home/woa23c1ro/.local/share/uv/python/cpython-3.11.14-linux-x86_64-gnu/share/terminfo/p/p9-8
l	777	994:993	8	/home/woa23c1ro/.local/share/uv/python/cpython-3.11.14-linux-x86_64-gnu/share/terminfo/p/p9-w
l	777	994:993	8	/home/woa23c1ro/.local/share/uv/python/cpython-3.11.14-linux-x86_64-gnu/share/terminfo/p/pcansi-mono
l	777	994:993	8	/home/woa23c1ro/.local/share/uv/python/cpython-3.11.14-linux-x86_64-gnu/share/terminfo/p/pckermit12
l	777	994:993	8	/home/woa23c1ro/.local/share/uv/python/cpython-3.11.14-linux-x86_64-gnu/share/terminfo/p/pe1100
l	777	994:993	8	/home/woa23c1ro/.local/share/uv/python/cpython-3.11.14-linux-x86_64-gnu/share/terminfo/p/pe1200
l	777	994:993	8	/home/woa23c1ro/.local/share/uv/python/cpython-3.11.14-linux-x86_64-gnu/share/terminfo/p/printer
l	777	994:993	8	/home/woa23c1ro/.local/share/uv/python/cpython-3.11.14-linux-x86_64-gnu/share/terminfo/q/qvt203-w-am
l	777	994:993	8	/home/woa23c1ro/.local/share/uv/python/cpython-3.11.14-linux-x86_64-gnu/share/terminfo/r/rebus3180
l	777	994:993	8	/home/woa23c1ro/.local/share/uv/python/cpython-3.11.14-linux-x86_64-gnu/share/terminfo/r/regent200
l	777	994:993	8	/home/woa23c1ro/.local/share/uv/python/cpython-3.11.14-linux-x86_64-gnu/share/terminfo/s/soroc
l	777	994:993	8	/home/woa23c1ro/.local/share/uv/python/cpython-3.11.14-linux-x86_64-gnu/share/terminfo/s/synertek380
l	777	994:993	8	/home/woa23c1ro/.local/share/uv/python/cpython-3.11.14-linux-x86_64-gnu/share/terminfo/v/v320n
l	777	994:993	8	/home/woa23c1ro/.local/share/uv/python/cpython-3.11.14-linux-x86_64-gnu/share/terminfo/v/vt100-nam
l	777	994:993	8	/home/woa23c1ro/.local/share/uv/python/cpython-3.11.14-linux-x86_64-gnu/share/terminfo/v/vt220-js
l	777	994:993	8	/home/woa23c1ro/.local/share/uv/python/cpython-3.11.14-linux-x86_64-gnu/share/terminfo/w/wy150-25
l	777	994:993	8	/home/woa23c1ro/.local/share/uv/python/cpython-3.11.14-linux-x86_64-gnu/share/terminfo/w/wy150-vb
l	777	994:993	8	/home/woa23c1ro/.local/share/uv/python/cpython-3.11.14-linux-x86_64-gnu/share/terminfo/w/wy325-80
l	777	994:993	8	/home/woa23c1ro/.local/share/uv/python/cpython-3.11.14-linux-x86_64-gnu/share/terminfo/w/wyse-325
l	777	994:993	8	/home/woa23c1ro/.local/share/uv/python/cpython-3.11.14-linux-x86_64-gnu/share/terminfo/w/wyse120-25
l	777	994:993	8	/home/woa23c1ro/.local/share/uv/python/cpython-3.11.14-linux-x86_64-gnu/share/terminfo/w/wyse120-vb
l	777	994:993	8	/home/woa23c1ro/.local/share/uv/python/cpython-3.11.14-linux-x86_64-gnu/share/terminfo/w/wyse150-25
l	777	994:993	8	/home/woa23c1ro/.local/share/uv/python/cpython-3.11.14-linux-x86_64-gnu/share/terminfo/w/wyse150-vb
l	777	994:993	8	/home/woa23c1ro/.local/share/uv/python/cpython-3.11.14-linux-x86_64-gnu/share/terminfo/w/wyse160-25
l	777	994:993	8	/home/woa23c1ro/.local/share/uv/python/cpython-3.11.14-linux-x86_64-gnu/share/terminfo/w/wyse160-42
l	777	994:993	8	/home/woa23c1ro/.local/share/uv/python/cpython-3.11.14-linux-x86_64-gnu/share/terminfo/w/wyse160-43
l	777	994:993	8	/home/woa23c1ro/.local/share/uv/python/cpython-3.11.14-linux-x86_64-gnu/share/terminfo/w/wyse160-vb
l	777	994:993	8	/home/woa23c1ro/.local/share/uv/python/cpython-3.11.14-linux-x86_64-gnu/share/terminfo/w/wyse185-24
l	777	994:993	8	/home/woa23c1ro/.local/share/uv/python/cpython-3.11.14-linux-x86_64-gnu/share/terminfo/w/wyse185-vb
l	777	994:993	8	/home/woa23c1ro/.local/share/uv/python/cpython-3.11.14-linux-x86_64-gnu/share/terminfo/w/wyse325-25
l	777	994:993	8	/home/woa23c1ro/.local/share/uv/python/cpython-3.11.14-linux-x86_64-gnu/share/terminfo/w/wyse325-42
l	777	994:993	8	/home/woa23c1ro/.local/share/uv/python/cpython-3.11.14-linux-x86_64-gnu/share/terminfo/w/wyse325-43
l	777	994:993	8	/home/woa23c1ro/.local/share/uv/python/cpython-3.11.14-linux-x86_64-gnu/share/terminfo/w/wyse325-vb
l	777	994:993	8	/home/woa23c1ro/.local/share/uv/python/cpython-3.11.14-linux-x86_64-gnu/share/terminfo/w/wyse350-vb
l	777	994:993	8	/home/woa23c1ro/.local/share/uv/python/cpython-3.11.14-linux-x86_64-gnu/share/terminfo/w/wyse50-wvb
l	777	994:993	8	/home/woa23c1ro/.local/share/uv/python/cpython-3.11.14-linux-x86_64-gnu/share/terminfo/w/wyse520-24
l	777	994:993	8	/home/woa23c1ro/.local/share/uv/python/cpython-3.11.14-linux-x86_64-gnu/share/terminfo/w/wyse520-36
l	777	994:993	8	/home/woa23c1ro/.local/share/uv/python/cpython-3.11.14-linux-x86_64-gnu/share/terminfo/w/wyse520-48
l	777	994:993	8	/home/woa23c1ro/.local/share/uv/python/cpython-3.11.14-linux-x86_64-gnu/share/terminfo/w/wyse520-vb
l	777	994:993	8	/home/woa23c1ro/.local/share/uv/python/cpython-3.11.14-linux-x86_64-gnu/share/terminfo/w/wyse75-wvb
l	777	994:993	8	/home/woa23c1ro/.local/share/uv/python/cpython-3.11.14-linux-x86_64-gnu/share/terminfo/w/wyse85-wvb
l	777	994:993	8	/home/woa23c1ro/.local/share/uv/python/cpython-3.11.14-linux-x86_64-gnu/share/terminfo/w/wyse99gt-w
l	777	994:993	8	/home/woa23c1ro/.local/share/uv/python/cpython-3.11.14-linux-x86_64-gnu/share/terminfo/x/x820
l	777	994:993	8	/home/woa23c1ro/.local/share/uv/python/cpython-3.11.14-linux-x86_64-gnu/share/terminfo/x/xterms
l	777	994:993	8	/home/woa23c1ro/.local/share/uv/python/cpython-3.11.14-linux-x86_64-gnu/share/terminfo/z/z19
l	777	994:993	8	/home/woa23c1ro/.local/share/uv/python/cpython-3.11.14-linux-x86_64-gnu/share/terminfo/z/z8001
l	777	994:993	8	/home/woa23c1ro/.local/share/uv/python/cpython-3.11.14-linux-x86_64-gnu/share/terminfo/z/zen8001
l	777	994:993	8	/home/woa23c1ro/.local/share/uv/python/cpython-3.11.14-linux-x86_64-gnu/share/terminfo/z/zenith
l	777	994:993	9	/home/woa23c1ro/.local/share/uv/python/cpython-3.11.14-linux-x86_64-gnu/bin/2to3
l	777	994:993	9	/home/woa23c1ro/.local/share/uv/python/cpython-3.11.14-linux-x86_64-gnu/bin/pydoc3
l	777	994:993	9	/home/woa23c1ro/.local/share/uv/python/cpython-3.11.14-linux-x86_64-gnu/share/terminfo/a/aaa-rv
l	777	994:993	9	/home/woa23c1ro/.local/share/uv/python/cpython-3.11.14-linux-x86_64-gnu/share/terminfo/a/addsvp60
l	777	994:993	9	/home/woa23c1ro/.local/share/uv/python/cpython-3.11.14-linux-x86_64-gnu/share/terminfo/a/amp219w
l	777	994:993	9	/home/woa23c1ro/.local/share/uv/python/cpython-3.11.14-linux-x86_64-gnu/share/terminfo/a/ampex-219w
l	777	994:993	9	/home/woa23c1ro/.local/share/uv/python/cpython-3.11.14-linux-x86_64-gnu/share/terminfo/a/ansisysk
l	777	994:993	9	/home/woa23c1ro/.local/share/uv/python/cpython-3.11.14-linux-x86_64-gnu/share/terminfo/a/appleIIc
l	777	994:993	9	/home/woa23c1ro/.local/share/uv/python/cpython-3.11.14-linux-x86_64-gnu/share/terminfo/a/appleIIe
l	777	994:993	9	/home/woa23c1ro/.local/share/uv/python/cpython-3.11.14-linux-x86_64-gnu/share/terminfo/a/at
l	777	994:993	9	/home/woa23c1ro/.local/share/uv/python/cpython-3.11.14-linux-x86_64-gnu/share/terminfo/a/at-m
l	777	994:993	9	/home/woa23c1ro/.local/share/uv/python/cpython-3.11.14-linux-x86_64-gnu/share/terminfo/a/atari
l	777	994:993	9	/home/woa23c1ro/.local/share/uv/python/cpython-3.11.14-linux-x86_64-gnu/share/terminfo/a/atari-m
l	777	994:993	9	/home/woa23c1ro/.local/share/uv/python/cpython-3.11.14-linux-x86_64-gnu/share/terminfo/a/atari_st
l	777	994:993	9	/home/woa23c1ro/.local/share/uv/python/cpython-3.11.14-linux-x86_64-gnu/share/terminfo/a/atarist-m
l	777	994:993	9	/home/woa23c1ro/.local/share/uv/python/cpython-3.11.14-linux-x86_64-gnu/share/terminfo/a/att4410-w
l	777	994:993	9	/home/woa23c1ro/.local/share/uv/python/cpython-3.11.14-linux-x86_64-gnu/share/terminfo/a/att4410v1
l	777	994:993	9	/home/woa23c1ro/.local/share/uv/python/cpython-3.11.14-linux-x86_64-gnu/share/terminfo/a/att4425-w
l	777	994:993	9	/home/woa23c1ro/.local/share/uv/python/cpython-3.11.14-linux-x86_64-gnu/share/terminfo/a/att5418-w
l	777	994:993	9	/home/woa23c1ro/.local/share/uv/python/cpython-3.11.14-linux-x86_64-gnu/share/terminfo/a/att5420-w
l	777	994:993	9	/home/woa23c1ro/.local/share/uv/python/cpython-3.11.14-linux-x86_64-gnu/share/terminfo/c/c300
l	777	994:993	9	/home/woa23c1ro/.local/share/uv/python/cpython-3.11.14-linux-x86_64-gnu/share/terminfo/c/c301
l	777	994:993	9	/home/woa23c1ro/.local/share/uv/python/cpython-3.11.14-linux-x86_64-gnu/share/terminfo/c/c321
l	777	994:993	9	/home/woa23c1ro/.local/share/uv/python/cpython-3.11.14-linux-x86_64-gnu/share/terminfo/c/cons25-koi8r-m
l	777	994:993	9	/home/woa23c1ro/.local/share/uv/python/cpython-3.11.14-linux-x86_64-gnu/share/terminfo/c/cons50-koi8r-m
l	777	994:993	9	/home/woa23c1ro/.local/share/uv/python/cpython-3.11.14-linux-x86_64-gnu/share/terminfo/c/cons60-koi8r-m
l	777	994:993	9	/home/woa23c1ro/.local/share/uv/python/cpython-3.11.14-linux-x86_64-gnu/share/terminfo/c/contel320
l	777	994:993	9	/home/woa23c1ro/.local/share/uv/python/cpython-3.11.14-linux-x86_64-gnu/share/terminfo/c/contel321
l	777	994:993	9	/home/woa23c1ro/.local/share/uv/python/cpython-3.11.14-linux-x86_64-gnu/share/terminfo/c/ct82
l	777	994:993	9	/home/woa23c1ro/.local/share/uv/python/cpython-3.11.14-linux-x86_64-gnu/share/terminfo/d/d216+
l	777	994:993	9	/home/woa23c1ro/.local/share/uv/python/cpython-3.11.14-linux-x86_64-gnu/share/terminfo/d/d216e+
l	777	994:993	9	/home/woa23c1ro/.local/share/uv/python/cpython-3.11.14-linux-x86_64-gnu/share/terminfo/d/d216e-unix
l	777	994:993	9	/home/woa23c1ro/.local/share/uv/python/cpython-3.11.14-linux-x86_64-gnu/share/terminfo/d/d411-7b-w
l	777	994:993	9	/home/woa23c1ro/.local/share/uv/python/cpython-3.11.14-linux-x86_64-gnu/share/terminfo/d/d412+
l	777	994:993	9	/home/woa23c1ro/.local/share/uv/python/cpython-3.11.14-linux-x86_64-gnu/share/terminfo/d/d460-7b-w
l	777	994:993	9	/home/woa23c1ro/.local/share/uv/python/cpython-3.11.14-linux-x86_64-gnu/share/terminfo/d/d461-7b-w
l	777	994:993	9	/home/woa23c1ro/.local/share/uv/python/cpython-3.11.14-linux-x86_64-gnu/share/terminfo/d/d462+
l	777	994:993	9	/home/woa23c1ro/.local/share/uv/python/cpython-3.11.14-linux-x86_64-gnu/share/terminfo/d/d462-unix
l	777	994:993	9	/home/woa23c1ro/.local/share/uv/python/cpython-3.11.14-linux-x86_64-gnu/share/terminfo/d/d463-unix
l	777	994:993	9	/home/woa23c1ro/.local/share/uv/python/cpython-3.11.14-linux-x86_64-gnu/share/terminfo/d/d464-unix
l	777	994:993	9	/home/woa23c1ro/.local/share/uv/python/cpython-3.11.14-linux-x86_64-gnu/share/terminfo/e/excel64-w
l	777	994:993	9	/home/woa23c1ro/.local/share/uv/python/cpython-3.11.14-linux-x86_64-gnu/share/terminfo/g/gt100
l	777	994:993	9	/home/woa23c1ro/.local/share/uv/python/cpython-3.11.14-linux-x86_64-gnu/share/terminfo/g/gt100a
l	777	994:993	9	/home/woa23c1ro/.local/share/uv/python/cpython-3.11.14-linux-x86_64-gnu/share/terminfo/h/h-100
l	777	994:993	9	/home/woa23c1ro/.local/share/uv/python/cpython-3.11.14-linux-x86_64-gnu/share/terminfo/h/h100
l	777	994:993	9	/home/woa23c1ro/.local/share/uv/python/cpython-3.11.14-linux-x86_64-gnu/share/terminfo/h/h29a-kc-bc
l	777	994:993	9	/home/woa23c1ro/.local/share/uv/python/cpython-3.11.14-linux-x86_64-gnu/share/terminfo/h/hp
l	777	994:993	9	/home/woa23c1ro/.local/share/uv/python/cpython-3.11.14-linux-x86_64-gnu/share/terminfo/h/hp2624b-4p-p
l	777	994:993	9	/home/woa23c1ro/.local/share/uv/python/cpython-3.11.14-linux-x86_64-gnu/share/terminfo/i/ibmapa16
l	777	994:993	9	/home/woa23c1ro/.local/share/uv/python/cpython-3.11.14-linux-x86_64-gnu/share/terminfo/i/ibmmpel-c
l	777	994:993	9	/home/woa23c1ro/.local/share/uv/python/cpython-3.11.14-linux-x86_64-gnu/share/terminfo/i/intertec
l	777	994:993	9	/home/woa23c1ro/.local/share/uv/python/cpython-3.11.14-linux-x86_64-gnu/share/terminfo/i/iris-ansi-net
l	777	994:993	9	/home/woa23c1ro/.local/share/uv/python/cpython-3.11.14-linux-x86_64-gnu/share/terminfo/i/iterm
l	777	994:993	9	/home/woa23c1ro/.local/share/uv/python/cpython-3.11.14-linux-x86_64-gnu/share/terminfo/j/jerq
l	777	994:993	9	/home/woa23c1ro/.local/share/uv/python/cpython-3.11.14-linux-x86_64-gnu/share/terminfo/m/microterm
l	777	994:993	9	/home/woa23c1ro/.local/share/uv/python/cpython-3.11.14-linux-x86_64-gnu/share/terminfo/m/microterm5
l	777	994:993	9	/home/woa23c1ro/.local/share/uv/python/cpython-3.11.14-linux-x86_64-gnu/share/terminfo/m/minix-1.5
l	777	994:993	9	/home/woa23c1ro/.local/share/uv/python/cpython-3.11.14-linux-x86_64-gnu/share/terminfo/n/nansisys
l	777	994:993	9	/home/woa23c1ro/.local/share/uv/python/cpython-3.11.14-linux-x86_64-gnu/share/terminfo/o/osborne1-w
l	777	994:993	9	/home/woa23c1ro/.local/share/uv/python/cpython-3.11.14-linux-x86_64-gnu/share/terminfo/p/p12-m
l	777	994:993	9	/home/woa23c1ro/.local/share/uv/python/cpython-3.11.14-linux-x86_64-gnu/share/terminfo/p/p12-w
l	777	994:993	9	/home/woa23c1ro/.local/share/uv/python/cpython-3.11.14-linux-x86_64-gnu/share/terminfo/p/p14-m
l	777	994:993	9	/home/woa23c1ro/.local/share/uv/python/cpython-3.11.14-linux-x86_64-gnu/share/terminfo/p/p14-w
l	777	994:993	9	/home/woa23c1ro/.local/share/uv/python/cpython-3.11.14-linux-x86_64-gnu/share/terminfo/p/pcansi25
l	777	994:993	9	/home/woa23c1ro/.local/share/uv/python/cpython-3.11.14-linux-x86_64-gnu/share/terminfo/p/pcansi33
l	777	994:993	9	/home/woa23c1ro/.local/share/uv/python/cpython-3.11.14-linux-x86_64-gnu/share/terminfo/p/pcansi43
l	777	994:993	9	/home/woa23c1ro/.local/share/uv/python/cpython-3.11.14-linux-x86_64-gnu/share/terminfo/q/qvt119-w
l	777	994:993	9	/home/woa23c1ro/.local/share/uv/python/cpython-3.11.14-linux-x86_64-gnu/share/terminfo/q/qvt119p-w
l	777	994:993	9	/home/woa23c1ro/.local/share/uv/python/cpython-3.11.14-linux-x86_64-gnu/share/terminfo/s/sun-ss5
l	777	994:993	9	/home/woa23c1ro/.local/share/uv/python/cpython-3.11.14-linux-x86_64-gnu/share/terminfo/t/t653x
l	777	994:993	9	/home/woa23c1ro/.local/share/uv/python/cpython-3.11.14-linux-x86_64-gnu/share/terminfo/t/tvi912c-p
l	777	994:993	9	/home/woa23c1ro/.local/share/uv/python/cpython-3.11.14-linux-x86_64-gnu/share/terminfo/t/tvi920c-p
l	777	994:993	9	/home/woa23c1ro/.local/share/uv/python/cpython-3.11.14-linux-x86_64-gnu/share/terminfo/v/v200-nam
l	777	994:993	9	/home/woa23c1ro/.local/share/uv/python/cpython-3.11.14-linux-x86_64-gnu/share/terminfo/v/vk100
l	777	994:993	9	/home/woa23c1ro/.local/share/uv/python/cpython-3.11.14-linux-x86_64-gnu/share/terminfo/v/vt200-old
l	777	994:993	9	/home/woa23c1ro/.local/share/uv/python/cpython-3.11.14-linux-x86_64-gnu/share/terminfo/v/vt300-nam
l	777	994:993	9	/home/woa23c1ro/.local/share/uv/python/cpython-3.11.14-linux-x86_64-gnu/share/terminfo/w/wy60-wvb
l	777	994:993	9	/home/woa23c1ro/.local/share/uv/python/cpython-3.11.14-linux-x86_64-gnu/share/terminfo/w/wyse185-wvb
l	777	994:993	9	/home/woa23c1ro/.local/share/uv/python/cpython-3.11.14-linux-x86_64-gnu/share/terminfo/w/wyse325-25w
l	777	994:993	9	/home/woa23c1ro/.local/share/uv/python/cpython-3.11.14-linux-x86_64-gnu/share/terminfo/w/wyse325-42w
l	777	994:993	9	/home/woa23c1ro/.local/share/uv/python/cpython-3.11.14-linux-x86_64-gnu/share/terminfo/w/wyse325-43w
l	777	994:993	9	/home/woa23c1ro/.local/share/uv/python/cpython-3.11.14-linux-x86_64-gnu/share/terminfo/w/wyse350-wvb
l	777	994:993	9	/home/woa23c1ro/.local/share/uv/python/cpython-3.11.14-linux-x86_64-gnu/share/terminfo/w/wyse520-36w
l	777	994:993	9	/home/woa23c1ro/.local/share/uv/python/cpython-3.11.14-linux-x86_64-gnu/share/terminfo/w/wyse520-48w
l	777	994:993	9	/home/woa23c1ro/.local/share/uv/python/cpython-3.11.14-linux-x86_64-gnu/share/terminfo/w/wyse520-epc
l	777	994:993	9	/home/woa23c1ro/.local/share/uv/python/cpython-3.11.14-linux-x86_64-gnu/share/terminfo/w/wyse520-wvb
l	777	994:993	9	/home/woa23c1ro/.local/share/uv/python/cpython-3.11.14-linux-x86_64-gnu/share/terminfo/w/wyse60-25-w
l	777	994:993	9	/home/woa23c1ro/.local/share/uv/python/cpython-3.11.14-linux-x86_64-gnu/share/terminfo/w/wyse60-42-w
l	777	994:993	9	/home/woa23c1ro/.local/share/uv/python/cpython-3.11.14-linux-x86_64-gnu/share/terminfo/w/wyse60-43-w
l	777	994:993	9	/home/woa23c1ro/.local/share/uv/python/cpython-3.11.14-linux-x86_64-gnu/share/terminfo/w/wyse60-wvb
l	777	994:993	9	/home/woa23c1ro/.local/share/uv/python/cpython-3.11.14-linux-x86_64-gnu/share/terminfo/w/wyse85-8bit
l	777	994:993	9	/home/woa23c1ro/.local/share/uv/python/cpython-3.11.14-linux-x86_64-gnu/share/terminfo/w/wyse99gt-25
l	777	994:993	9	/home/woa23c1ro/.local/share/uv/python/cpython-3.11.14-linux-x86_64-gnu/share/terminfo/w/wyse99gt-vb
l	777	994:993	9	/home/woa23c1ro/.local/share/uv/python/cpython-3.11.14-linux-x86_64-gnu/share/terminfo/x/x1720
l	777	994:993	9	/home/woa23c1ro/.local/share/uv/python/cpython-3.11.14-linux-x86_64-gnu/share/terminfo/x/x1750
