/home/woa23c1ro/.local/share/uv/python/cpython-3.11.14-linux-x86_64-gnu/bin/2to3	2to3-3.11
/home/woa23c1ro/.local/share/uv/python/cpython-3.11.14-linux-x86_64-gnu/bin/idle3	idle3.11
/home/woa23c1ro/.local/share/uv/python/cpython-3.11.14-linux-x86_64-gnu/bin/pydoc3	pydoc3.11
/home/woa23c1ro/.local/share/uv/python/cpython-3.11.14-linux-x86_64-gnu/bin/python	python3.11
/home/woa23c1ro/.local/share/uv/python/cpython-3.11.14-linux-x86_64-gnu/bin/python3	python3.11
/home/woa23c1ro/.local/share/uv/python/cpython-3.11.14-linux-x86_64-gnu/bin/python3-config	python3.11-config
/home/woa23c1ro/.local/share/uv/python/cpython-3.11.14-linux-x86_64-gnu/lib/libpython3.11.so	libpython3.11.so.1.0
/home/woa23c1ro/.local/share/uv/python/cpython-3.11.14-linux-x86_64-gnu/lib/pkgconfig/python3-embed.pc	python-3.11-embed.pc
/home/woa23c1ro/.local/share/uv/python/cpython-3.11.14-linux-x86_64-gnu/lib/pkgconfig/python3.pc	python-3.11.pc
/home/woa23c1ro/.local/share/uv/python/cpython-3.11.14-linux-x86_64-gnu/share/man/man1/python3.1	python3.11.1
/home/woa23c1ro/.local/share/uv/python/cpython-3.11.14-linux-x86_64-gnu/share/terminfo/1/1178	../a/adm1178
/home/woa23c1ro/.local/share/uv/python/cpython-3.11.14-linux-x86_64-gnu/share/terminfo/1/1730-lm	../d/diablo1740-lm
/home/woa23c1ro/.local/share/uv/python/cpython-3.11.14-linux-x86_64-gnu/share/terminfo/2/2621	../h/hp2621
/home/woa23c1ro/.local/share/uv/python/cpython-3.11.14-linux-x86_64-gnu/share/terminfo/2/2621-wl	../h/hp2621
/home/woa23c1ro/.local/share/uv/python/cpython-3.11.14-linux-x86_64-gnu/share/terminfo/2/2621A	../h/hp2621
/home/woa23c1ro/.local/share/uv/python/cpython-3.11.14-linux-x86_64-gnu/share/terminfo/2/2621a	../h/hp2621
/home/woa23c1ro/.local/share/uv/python/cpython-3.11.14-linux-x86_64-gnu/share/terminfo/3/386at	../a/att6386
/home/woa23c1ro/.local/share/uv/python/cpython-3.11.14-linux-x86_64-gnu/share/terminfo/3/3b1	../a/att7300
/home/woa23c1ro/.local/share/uv/python/cpython-3.11.14-linux-x86_64-gnu/share/terminfo/4/4025ex	../t/tek4025ex
/home/woa23c1ro/.local/share/uv/python/cpython-3.11.14-linux-x86_64-gnu/share/terminfo/4/4027ex	../t/tek4025ex
/home/woa23c1ro/.local/share/uv/python/cpython-3.11.14-linux-x86_64-gnu/share/terminfo/4/4410-w	../a/att5410-w
/home/woa23c1ro/.local/share/uv/python/cpython-3.11.14-linux-x86_64-gnu/share/terminfo/5/5051	../i/ibm-pc
/home/woa23c1ro/.local/share/uv/python/cpython-3.11.14-linux-x86_64-gnu/share/terminfo/5/5410-w	../a/att5410-w
/home/woa23c1ro/.local/share/uv/python/cpython-3.11.14-linux-x86_64-gnu/share/terminfo/5/5620	../a/att5620
/home/woa23c1ro/.local/share/uv/python/cpython-3.11.14-linux-x86_64-gnu/share/terminfo/5/5630-24	../a/att630-24
/home/woa23c1ro/.local/share/uv/python/cpython-3.11.14-linux-x86_64-gnu/share/terminfo/5/5630DMD-24	../a/att630-24
/home/woa23c1ro/.local/share/uv/python/cpython-3.11.14-linux-x86_64-gnu/share/terminfo/6/6053	../d/dg6053
/home/woa23c1ro/.local/share/uv/python/cpython-3.11.14-linux-x86_64-gnu/share/terminfo/6/6053-dg	../d/dg6053
/home/woa23c1ro/.local/share/uv/python/cpython-3.11.14-linux-x86_64-gnu/share/terminfo/6/605x	../d/dg6053
/home/woa23c1ro/.local/share/uv/python/cpython-3.11.14-linux-x86_64-gnu/share/terminfo/6/605x-dg	../d/dg6053
/home/woa23c1ro/.local/share/uv/python/cpython-3.11.14-linux-x86_64-gnu/share/terminfo/6/630-lm	../d/diablo1740-lm
/home/woa23c1ro/.local/share/uv/python/cpython-3.11.14-linux-x86_64-gnu/share/terminfo/6/630MTG-24	../a/att630-24
/home/woa23c1ro/.local/share/uv/python/cpython-3.11.14-linux-x86_64-gnu/share/terminfo/7/730MTG-24	../a/att730-24
/home/woa23c1ro/.local/share/uv/python/cpython-3.11.14-linux-x86_64-gnu/share/terminfo/7/730MTG-41	../a/att730-41
/home/woa23c1ro/.local/share/uv/python/cpython-3.11.14-linux-x86_64-gnu/share/terminfo/7/730MTG-41r	../a/att730r-41
/home/woa23c1ro/.local/share/uv/python/cpython-3.11.14-linux-x86_64-gnu/share/terminfo/7/730MTGr	../a/att730r
/home/woa23c1ro/.local/share/uv/python/cpython-3.11.14-linux-x86_64-gnu/share/terminfo/7/730MTGr-24	../a/att730r-24
/home/woa23c1ro/.local/share/uv/python/cpython-3.11.14-linux-x86_64-gnu/share/terminfo/8/8510	../c/citoh
/home/woa23c1ro/.local/share/uv/python/cpython-3.11.14-linux-x86_64-gnu/share/terminfo/9/955-hb	../t/tvi955-hb
/home/woa23c1ro/.local/share/uv/python/cpython-3.11.14-linux-x86_64-gnu/share/terminfo/9/955-w	../t/tvi955-w
/home/woa23c1ro/.local/share/uv/python/cpython-3.11.14-linux-x86_64-gnu/share/terminfo/A/Apple_Terminal	../n/nsterm
/home/woa23c1ro/.local/share/uv/python/cpython-3.11.14-linux-x86_64-gnu/share/terminfo/E/Eterm-color	Eterm
/home/woa23c1ro/.local/share/uv/python/cpython-3.11.14-linux-x86_64-gnu/share/terminfo/L/LFT-PC850	../l/lft
/home/woa23c1ro/.local/share/uv/python/cpython-3.11.14-linux-x86_64-gnu/share/terminfo/N/NCR260VT300WPP	../n/ncr260vt300wpp
/home/woa23c1ro/.local/share/uv/python/cpython-3.11.14-linux-x86_64-gnu/share/terminfo/N/NCRVT100WPP	../n/ncrvt100wan
/home/woa23c1ro/.local/share/uv/python/cpython-3.11.14-linux-x86_64-gnu/share/terminfo/P/P12	../p/prism12
/home/woa23c1ro/.local/share/uv/python/cpython-3.11.14-linux-x86_64-gnu/share/terminfo/P/P12-M	../p/prism12-m
/home/woa23c1ro/.local/share/uv/python/cpython-3.11.14-linux-x86_64-gnu/share/terminfo/P/P12-M-W	../p/prism12-m-w
/home/woa23c1ro/.local/share/uv/python/cpython-3.11.14-linux-x86_64-gnu/share/terminfo/P/P12-W	../p/prism12-w
/home/woa23c1ro/.local/share/uv/python/cpython-3.11.14-linux-x86_64-gnu/share/terminfo/P/P14	../p/prism14
/home/woa23c1ro/.local/share/uv/python/cpython-3.11.14-linux-x86_64-gnu/share/terminfo/P/P14-M	../p/prism14-m
/home/woa23c1ro/.local/share/uv/python/cpython-3.11.14-linux-x86_64-gnu/share/terminfo/P/P14-M-W	../p/prism14-m-w
/home/woa23c1ro/.local/share/uv/python/cpython-3.11.14-linux-x86_64-gnu/share/terminfo/P/P14-W	../p/prism14-w
/home/woa23c1ro/.local/share/uv/python/cpython-3.11.14-linux-x86_64-gnu/share/terminfo/P/P4	../p/prism4
/home/woa23c1ro/.local/share/uv/python/cpython-3.11.14-linux-x86_64-gnu/share/terminfo/P/P5	../p/prism5
/home/woa23c1ro/.local/share/uv/python/cpython-3.11.14-linux-x86_64-gnu/share/terminfo/P/P7	../p/prism7
/home/woa23c1ro/.local/share/uv/python/cpython-3.11.14-linux-x86_64-gnu/share/terminfo/P/P8	../p/prism8
/home/woa23c1ro/.local/share/uv/python/cpython-3.11.14-linux-x86_64-gnu/share/terminfo/P/P8-W	../p/prism8-w
/home/woa23c1ro/.local/share/uv/python/cpython-3.11.14-linux-x86_64-gnu/share/terminfo/P/P9	../p/prism9
/home/woa23c1ro/.local/share/uv/python/cpython-3.11.14-linux-x86_64-gnu/share/terminfo/P/P9-8	../p/prism9-8
/home/woa23c1ro/.local/share/uv/python/cpython-3.11.14-linux-x86_64-gnu/share/terminfo/P/P9-8-W	../p/prism9-8-w
/home/woa23c1ro/.local/share/uv/python/cpython-3.11.14-linux-x86_64-gnu/share/terminfo/P/P9-W	../p/prism9-w
/home/woa23c1ro/.local/share/uv/python/cpython-3.11.14-linux-x86_64-gnu/share/terminfo/Q/Q306-8-pc	../b/bq300-8-pc
/home/woa23c1ro/.local/share/uv/python/cpython-3.11.14-linux-x86_64-gnu/share/terminfo/Q/Q310-vip-H	../v/vip-H
/home/woa23c1ro/.local/share/uv/python/cpython-3.11.14-linux-x86_64-gnu/share/terminfo/Q/Q310-vip-H-am	../v/vip-H
/home/woa23c1ro/.local/share/uv/python/cpython-3.11.14-linux-x86_64-gnu/share/terminfo/Q/Q310-vip-Hw	../v/vip-Hw
/home/woa23c1ro/.local/share/uv/python/cpython-3.11.14-linux-x86_64-gnu/share/terminfo/Q/Q310-vip-w	../v/vip-w
/home/woa23c1ro/.local/share/uv/python/cpython-3.11.14-linux-x86_64-gnu/share/terminfo/Q/Q310-vip-w-am	../v/vip-w
/home/woa23c1ro/.local/share/uv/python/cpython-3.11.14-linux-x86_64-gnu/share/terminfo/X/X-hpterm	../h/hpterm
/home/woa23c1ro/.local/share/uv/python/cpython-3.11.14-linux-x86_64-gnu/share/terminfo/X/X-hpterm-color2	../h/hpterm-color2
/home/woa23c1ro/.local/share/uv/python/cpython-3.11.14-linux-x86_64-gnu/share/terminfo/a/a210	ampex210
/home/woa23c1ro/.local/share/uv/python/cpython-3.11.14-linux-x86_64-gnu/share/terminfo/a/a80	ampex80
/home/woa23c1ro/.local/share/uv/python/cpython-3.11.14-linux-x86_64-gnu/share/terminfo/a/a980	adds980
/home/woa23c1ro/.local/share/uv/python/cpython-3.11.14-linux-x86_64-gnu/share/terminfo/a/aa4080	annarbor4080
/home/woa23c1ro/.local/share/uv/python/cpython-3.11.14-linux-x86_64-gnu/share/terminfo/a/aaa-30	aaa
/home/woa23c1ro/.local/share/uv/python/cpython-3.11.14-linux-x86_64-gnu/share/terminfo/a/aaa-30-s-ctxt	aaa-s-ctxt
/home/woa23c1ro/.local/share/uv/python/cpython-3.11.14-linux-x86_64-gnu/share/terminfo/a/aaa-30-s-rv-ct	aaa-s-rv-ctxt
/home/woa23c1ro/.local/share/uv/python/cpython-3.11.14-linux-x86_64-gnu/share/terminfo/a/aaa-ctxt	aaa-30-ctxt
/home/woa23c1ro/.local/share/uv/python/cpython-3.11.14-linux-x86_64-gnu/share/terminfo/a/aaa-rv	aaa-30-rv
/home/woa23c1ro/.local/share/uv/python/cpython-3.11.14-linux-x86_64-gnu/share/terminfo/a/aaa-rv-ctxt	aaa-30-rv-ctxt
/home/woa23c1ro/.local/share/uv/python/cpython-3.11.14-linux-x86_64-gnu/share/terminfo/a/aaa-s	aaa-30-s
/home/woa23c1ro/.local/share/uv/python/cpython-3.11.14-linux-x86_64-gnu/share/terminfo/a/aaa-s-rv	aaa-30-s-rv
/home/woa23c1ro/.local/share/uv/python/cpython-3.11.14-linux-x86_64-gnu/share/terminfo/a/aaa-unk	aaa+unk
/home/woa23c1ro/.local/share/uv/python/cpython-3.11.14-linux-x86_64-gnu/share/terminfo/a/adds200	../r/regent60
/home/woa23c1ro/.local/share/uv/python/cpython-3.11.14-linux-x86_64-gnu/share/terminfo/a/addsviewpoint	../v/viewpoint
/home/woa23c1ro/.local/share/uv/python/cpython-3.11.14-linux-x86_64-gnu/share/terminfo/a/addsvp60	../v/vp60
/home/woa23c1ro/.local/share/uv/python/cpython-3.11.14-linux-x86_64-gnu/share/terminfo/a/adm1	adm1a
/home/woa23c1ro/.local/share/uv/python/cpython-3.11.14-linux-x86_64-gnu/share/terminfo/a/aj	aj830
/home/woa23c1ro/.local/share/uv/python/cpython-3.11.14-linux-x86_64-gnu/share/terminfo/a/aj832	aj830
/home/woa23c1ro/.local/share/uv/python/cpython-3.11.14-linux-x86_64-gnu/share/terminfo/a/alt2	altos2
/home/woa23c1ro/.local/share/uv/python/cpython-3.11.14-linux-x86_64-gnu/share/terminfo/a/alt3	altos3
/home/woa23c1ro/.local/share/uv/python/cpython-3.11.14-linux-x86_64-gnu/share/terminfo/a/alt4	altos4
/home/woa23c1ro/.local/share/uv/python/cpython-3.11.14-linux-x86_64-gnu/share/terminfo/a/alt5	altos3
/home/woa23c1ro/.local/share/uv/python/cpython-3.11.14-linux-x86_64-gnu/share/terminfo/a/alt7	altos7
/home/woa23c1ro/.local/share/uv/python/cpython-3.11.14-linux-x86_64-gnu/share/terminfo/a/alt7pc	altos7pc
/home/woa23c1ro/.local/share/uv/python/cpython-3.11.14-linux-x86_64-gnu/share/terminfo/a/alto-heath	alto-h19
/home/woa23c1ro/.local/share/uv/python/cpython-3.11.14-linux-x86_64-gnu/share/terminfo/a/altoh19	alto-h19
/home/woa23c1ro/.local/share/uv/python/cpython-3.11.14-linux-x86_64-gnu/share/terminfo/a/altoheath	alto-h19
/home/woa23c1ro/.local/share/uv/python/cpython-3.11.14-linux-x86_64-gnu/share/terminfo/a/altos-2	altos2
/home/woa23c1ro/.local/share/uv/python/cpython-3.11.14-linux-x86_64-gnu/share/terminfo/a/altos-3	altos3
/home/woa23c1ro/.local/share/uv/python/cpython-3.11.14-linux-x86_64-gnu/share/terminfo/a/altos-4	altos4
/home/woa23c1ro/.local/share/uv/python/cpython-3.11.14-linux-x86_64-gnu/share/terminfo/a/altos-5	altos3
/home/woa23c1ro/.local/share/uv/python/cpython-3.11.14-linux-x86_64-gnu/share/terminfo/a/altos5	altos3
/home/woa23c1ro/.local/share/uv/python/cpython-3.11.14-linux-x86_64-gnu/share/terminfo/a/ambas	aaa
/home/woa23c1ro/.local/share/uv/python/cpython-3.11.14-linux-x86_64-gnu/share/terminfo/a/ambassador	aaa
/home/woa23c1ro/.local/share/uv/python/cpython-3.11.14-linux-x86_64-gnu/share/terminfo/a/amp219	ampex219
/home/woa23c1ro/.local/share/uv/python/cpython-3.11.14-linux-x86_64-gnu/share/terminfo/a/amp219w	ampex219w
/home/woa23c1ro/.local/share/uv/python/cpython-3.11.14-linux-x86_64-gnu/share/terminfo/a/ampex-219	ampex219
/home/woa23c1ro/.local/share/uv/python/cpython-3.11.14-linux-x86_64-gnu/share/terminfo/a/ampex-219w	ampex219w
/home/woa23c1ro/.local/share/uv/python/cpython-3.11.14-linux-x86_64-gnu/share/terminfo/a/ampex-232	ampex232
/home/woa23c1ro/.local/share/uv/python/cpython-3.11.14-linux-x86_64-gnu/share/terminfo/a/ansi-mono	ansi-m
/home/woa23c1ro/.local/share/uv/python/cpython-3.11.14-linux-x86_64-gnu/share/terminfo/a/ansi43m	../p/pcansi-43-m
/home/woa23c1ro/.local/share/uv/python/cpython-3.11.14-linux-x86_64-gnu/share/terminfo/a/ansi80x25	../c/cons25
/home/woa23c1ro/.local/share/uv/python/cpython-3.11.14-linux-x86_64-gnu/share/terminfo/a/ansi80x25-mono	../c/cons25-m
/home/woa23c1ro/.local/share/uv/python/cpython-3.11.14-linux-x86_64-gnu/share/terminfo/a/ansi80x25-raw	../c/cons25w
/home/woa23c1ro/.local/share/uv/python/cpython-3.11.14-linux-x86_64-gnu/share/terminfo/a/ansi80x30	../c/cons30
/home/woa23c1ro/.local/share/uv/python/cpython-3.11.14-linux-x86_64-gnu/share/terminfo/a/ansi80x30-mono	../c/cons30-m
/home/woa23c1ro/.local/share/uv/python/cpython-3.11.14-linux-x86_64-gnu/share/terminfo/a/ansi80x43	../c/cons43
/home/woa23c1ro/.local/share/uv/python/cpython-3.11.14-linux-x86_64-gnu/share/terminfo/a/ansi80x43-mono	../c/cons43-m
/home/woa23c1ro/.local/share/uv/python/cpython-3.11.14-linux-x86_64-gnu/share/terminfo/a/ansi80x50	../c/cons50
/home/woa23c1ro/.local/share/uv/python/cpython-3.11.14-linux-x86_64-gnu/share/terminfo/a/ansi80x50-mono	../c/cons50-m
/home/woa23c1ro/.local/share/uv/python/cpython-3.11.14-linux-x86_64-gnu/share/terminfo/a/ansi80x60	../c/cons60
/home/woa23c1ro/.local/share/uv/python/cpython-3.11.14-linux-x86_64-gnu/share/terminfo/a/ansi80x60-mono	../c/cons60-m
/home/woa23c1ro/.local/share/uv/python/cpython-3.11.14-linux-x86_64-gnu/share/terminfo/a/ansil	../c/cons50
/home/woa23c1ro/.local/share/uv/python/cpython-3.11.14-linux-x86_64-gnu/share/terminfo/a/ansil-mono	../c/cons50-m
/home/woa23c1ro/.local/share/uv/python/cpython-3.11.14-linux-x86_64-gnu/share/terminfo/a/ansis	../c/cons25
/home/woa23c1ro/.local/share/uv/python/cpython-3.11.14-linux-x86_64-gnu/share/terminfo/a/ansis-mono	../c/cons25-m
/home/woa23c1ro/.local/share/uv/python/cpython-3.11.14-linux-x86_64-gnu/share/terminfo/a/ansisysk	ansi.sysk
/home/woa23c1ro/.local/share/uv/python/cpython-3.11.14-linux-x86_64-gnu/share/terminfo/a/ansiterm	ansi-generic
/home/woa23c1ro/.local/share/uv/python/cpython-3.11.14-linux-x86_64-gnu/share/terminfo/a/ansiw	../c/cons25w
/home/woa23c1ro/.local/share/uv/python/cpython-3.11.14-linux-x86_64-gnu/share/terminfo/a/ap-vm80	apple-vm80
/home/woa23c1ro/.local/share/uv/python/cpython-3.11.14-linux-x86_64-gnu/share/terminfo/a/apl	../i/ibm-apl
/home/woa23c1ro/.local/share/uv/python/cpython-3.11.14-linux-x86_64-gnu/share/terminfo/a/appleIIc	appleIIgs
/home/woa23c1ro/.local/share/uv/python/cpython-3.11.14-linux-x86_64-gnu/share/terminfo/a/appleIIe	appleIIgs
/home/woa23c1ro/.local/share/uv/python/cpython-3.11.14-linux-x86_64-gnu/share/terminfo/a/arm100-am	arm100
/home/woa23c1ro/.local/share/uv/python/cpython-3.11.14-linux-x86_64-gnu/share/terminfo/a/arm100-wam	arm100-w
/home/woa23c1ro/.local/share/uv/python/cpython-3.11.14-linux-x86_64-gnu/share/terminfo/a/at	../s/st52
/home/woa23c1ro/.local/share/uv/python/cpython-3.11.14-linux-x86_64-gnu/share/terminfo/a/at-color	../s/st52-color
/home/woa23c1ro/.local/share/uv/python/cpython-3.11.14-linux-x86_64-gnu/share/terminfo/a/at-m	../s/st52
/home/woa23c1ro/.local/share/uv/python/cpython-3.11.14-linux-x86_64-gnu/share/terminfo/a/at386	att6386
/home/woa23c1ro/.local/share/uv/python/cpython-3.11.14-linux-x86_64-gnu/share/terminfo/a/atari	../s/st52
/home/woa23c1ro/.local/share/uv/python/cpython-3.11.14-linux-x86_64-gnu/share/terminfo/a/atari-color	../s/st52-color
/home/woa23c1ro/.local/share/uv/python/cpython-3.11.14-linux-x86_64-gnu/share/terminfo/a/atari-m	../s/st52
/home/woa23c1ro/.local/share/uv/python/cpython-3.11.14-linux-x86_64-gnu/share/terminfo/a/atari_st	../s/st52
/home/woa23c1ro/.local/share/uv/python/cpython-3.11.14-linux-x86_64-gnu/share/terminfo/a/atari_st-color	../s/st52-color
/home/woa23c1ro/.local/share/uv/python/cpython-3.11.14-linux-x86_64-gnu/share/terminfo/a/atarist-m	../s/st52
/home/woa23c1ro/.local/share/uv/python/cpython-3.11.14-linux-x86_64-gnu/share/terminfo/a/att4410-w	att5410-w
/home/woa23c1ro/.local/share/uv/python/cpython-3.11.14-linux-x86_64-gnu/share/terminfo/a/att4410v1	att5410v1
/home/woa23c1ro/.local/share/uv/python/cpython-3.11.14-linux-x86_64-gnu/share/terminfo/a/att4425	att5425
/home/woa23c1ro/.local/share/uv/python/cpython-3.11.14-linux-x86_64-gnu/share/terminfo/a/att4425-nl	att5425-nl
/home/woa23c1ro/.local/share/uv/python/cpython-3.11.14-linux-x86_64-gnu/share/terminfo/a/att4425-w	att5425-w
/home/woa23c1ro/.local/share/uv/python/cpython-3.11.14-linux-x86_64-gnu/share/terminfo/a/att513	att500
/home/woa23c1ro/.local/share/uv/python/cpython-3.11.14-linux-x86_64-gnu/share/terminfo/a/att5320	att5310
/home/woa23c1ro/.local/share/uv/python/cpython-3.11.14-linux-x86_64-gnu/share/terminfo/a/att5410	att4410
/home/woa23c1ro/.local/share/uv/python/cpython-3.11.14-linux-x86_64-gnu/share/terminfo/a/att5410v1-w	att4410v1-w
/home/woa23c1ro/.local/share/uv/python/cpython-3.11.14-linux-x86_64-gnu/share/terminfo/a/att5418	att4418
/home/woa23c1ro/.local/share/uv/python/cpython-3.11.14-linux-x86_64-gnu/share/terminfo/a/att5418-w	att4418-w
/home/woa23c1ro/.local/share/uv/python/cpython-3.11.14-linux-x86_64-gnu/share/terminfo/a/att5420	att4415
/home/woa23c1ro/.local/share/uv/python/cpython-3.11.14-linux-x86_64-gnu/share/terminfo/a/att5420+nl	att4415+nl
/home/woa23c1ro/.local/share/uv/python/cpython-3.11.14-linux-x86_64-gnu/share/terminfo/a/att5420-nl	att4415-nl
/home/woa23c1ro/.local/share/uv/python/cpython-3.11.14-linux-x86_64-gnu/share/terminfo/a/att5420-rv	att4415-rv
/home/woa23c1ro/.local/share/uv/python/cpython-3.11.14-linux-x86_64-gnu/share/terminfo/a/att5420-rv-nl	att4415-rv-nl
/home/woa23c1ro/.local/share/uv/python/cpython-3.11.14-linux-x86_64-gnu/share/terminfo/a/att5420-w	att4415-w
/home/woa23c1ro/.local/share/uv/python/cpython-3.11.14-linux-x86_64-gnu/share/terminfo/a/att5420-w-nl	att4415-w-nl
/home/woa23c1ro/.local/share/uv/python/cpython-3.11.14-linux-x86_64-gnu/share/terminfo/a/att5420-w-rv	att4415-w-rv
/home/woa23c1ro/.local/share/uv/python/cpython-3.11.14-linux-x86_64-gnu/share/terminfo/a/att5420-w-rv-n	att4415-w-rv-n
/home/woa23c1ro/.local/share/uv/python/cpython-3.11.14-linux-x86_64-gnu/share/terminfo/a/att5430	att505
/home/woa23c1ro/.local/share/uv/python/cpython-3.11.14-linux-x86_64-gnu/share/terminfo/a/avatar1	avatar
/home/woa23c1ro/.local/share/uv/python/cpython-3.11.14-linux-x86_64-gnu/share/terminfo/a/avt-rv-s	avt-rv
/home/woa23c1ro/.local/share/uv/python/cpython-3.11.14-linux-x86_64-gnu/share/terminfo/a/avt-s	avt
/home/woa23c1ro/.local/share/uv/python/cpython-3.11.14-linux-x86_64-gnu/share/terminfo/a/avt-w-rv-s	avt-w-rv
/home/woa23c1ro/.local/share/uv/python/cpython-3.11.14-linux-x86_64-gnu/share/terminfo/a/avt-w-s	avt-w
/home/woa23c1ro/.local/share/uv/python/cpython-3.11.14-linux-x86_64-gnu/share/terminfo/b/b-128	../c/commodore
/home/woa23c1ro/.local/share/uv/python/cpython-3.11.14-linux-x86_64-gnu/share/terminfo/b/basic4	../m/mai
/home/woa23c1ro/.local/share/uv/python/cpython-3.11.14-linux-x86_64-gnu/share/terminfo/b/bct510a	../a/att510a
/home/woa23c1ro/.local/share/uv/python/cpython-3.11.14-linux-x86_64-gnu/share/terminfo/b/bct510d	../a/att510d
/home/woa23c1ro/.local/share/uv/python/cpython-3.11.14-linux-x86_64-gnu/share/terminfo/b/bee	beehive
/home/woa23c1ro/.local/share/uv/python/cpython-3.11.14-linux-x86_64-gnu/share/terminfo/b/beehiveIIIm	beehive3
/home/woa23c1ro/.local/share/uv/python/cpython-3.11.14-linux-x86_64-gnu/share/terminfo/b/bg2.0nv	bitgraph
/home/woa23c1ro/.local/share/uv/python/cpython-3.11.14-linux-x86_64-gnu/share/terminfo/b/bg3.10	bg2.0
/home/woa23c1ro/.local/share/uv/python/cpython-3.11.14-linux-x86_64-gnu/share/terminfo/b/bg3.10nv	bitgraph
/home/woa23c1ro/.local/share/uv/python/cpython-3.11.14-linux-x86_64-gnu/share/terminfo/b/bg3.10rv	bg2.0rv
/home/woa23c1ro/.local/share/uv/python/cpython-3.11.14-linux-x86_64-gnu/share/terminfo/b/bh3m	beehive3
/home/woa23c1ro/.local/share/uv/python/cpython-3.11.14-linux-x86_64-gnu/share/terminfo/b/bh4	beehive4
/home/woa23c1ro/.local/share/uv/python/cpython-3.11.14-linux-x86_64-gnu/share/terminfo/b/bsdos-pc-mono	bsdos-pc-m
/home/woa23c1ro/.local/share/uv/python/cpython-3.11.14-linux-x86_64-gnu/share/terminfo/c/c100-1p	../o/oc100
/home/woa23c1ro/.local/share/uv/python/cpython-3.11.14-linux-x86_64-gnu/share/terminfo/c/c100-4p	c100
/home/woa23c1ro/.local/share/uv/python/cpython-3.11.14-linux-x86_64-gnu/share/terminfo/c/c100-rv-4p	c100-rv
/home/woa23c1ro/.local/share/uv/python/cpython-3.11.14-linux-x86_64-gnu/share/terminfo/c/c104	c100
/home/woa23c1ro/.local/share/uv/python/cpython-3.11.14-linux-x86_64-gnu/share/terminfo/c/c108-8p	c108
/home/woa23c1ro/.local/share/uv/python/cpython-3.11.14-linux-x86_64-gnu/share/terminfo/c/c108-rv-8p	c108-rv
/home/woa23c1ro/.local/share/uv/python/cpython-3.11.14-linux-x86_64-gnu/share/terminfo/c/c108-w-8p	c108-w
/home/woa23c1ro/.local/share/uv/python/cpython-3.11.14-linux-x86_64-gnu/share/terminfo/c/c300	contel300
/home/woa23c1ro/.local/share/uv/python/cpython-3.11.14-linux-x86_64-gnu/share/terminfo/c/c301	contel301
/home/woa23c1ro/.local/share/uv/python/cpython-3.11.14-linux-x86_64-gnu/share/terminfo/c/c321	contel301
/home/woa23c1ro/.local/share/uv/python/cpython-3.11.14-linux-x86_64-gnu/share/terminfo/c/cci1	cci
/home/woa23c1ro/.local/share/uv/python/cpython-3.11.14-linux-x86_64-gnu/share/terminfo/c/cgc2	cad68-2
/home/woa23c1ro/.local/share/uv/python/cpython-3.11.14-linux-x86_64-gnu/share/terminfo/c/cgc3	cad68-3
/home/woa23c1ro/.local/share/uv/python/cpython-3.11.14-linux-x86_64-gnu/share/terminfo/c/chromatics	cg7900
/home/woa23c1ro/.local/share/uv/python/cpython-3.11.14-linux-x86_64-gnu/share/terminfo/c/ci8510	citoh
/home/woa23c1ro/.local/share/uv/python/cpython-3.11.14-linux-x86_64-gnu/share/terminfo/c/cit-80	cit80
/home/woa23c1ro/.local/share/uv/python/cpython-3.11.14-linux-x86_64-gnu/share/terminfo/c/citc	cit101
/home/woa23c1ro/.local/share/uv/python/cpython-3.11.14-linux-x86_64-gnu/share/terminfo/c/citoh-ps	citoh-prop
/home/woa23c1ro/.local/share/uv/python/cpython-3.11.14-linux-x86_64-gnu/share/terminfo/c/coherent	../p/pc-coherent
/home/woa23c1ro/.local/share/uv/python/cpython-3.11.14-linux-x86_64-gnu/share/terminfo/c/colorscan	cs10
/home/woa23c1ro/.local/share/uv/python/cpython-3.11.14-linux-x86_64-gnu/share/terminfo/c/concept	c100
/home/woa23c1ro/.local/share/uv/python/cpython-3.11.14-linux-x86_64-gnu/share/terminfo/c/concept-avt	../a/avt
/home/woa23c1ro/.local/share/uv/python/cpython-3.11.14-linux-x86_64-gnu/share/terminfo/c/concept100	c100
/home/woa23c1ro/.local/share/uv/python/cpython-3.11.14-linux-x86_64-gnu/share/terminfo/c/concept100-rv	c100-rv
/home/woa23c1ro/.local/share/uv/python/cpython-3.11.14-linux-x86_64-gnu/share/terminfo/c/concept108	c108
/home/woa23c1ro/.local/share/uv/python/cpython-3.11.14-linux-x86_64-gnu/share/terminfo/c/concept108-4p	c108-4p
/home/woa23c1ro/.local/share/uv/python/cpython-3.11.14-linux-x86_64-gnu/share/terminfo/c/concept108-8p	c108
/home/woa23c1ro/.local/share/uv/python/cpython-3.11.14-linux-x86_64-gnu/share/terminfo/c/concept108-w-8	c108-w
/home/woa23c1ro/.local/share/uv/python/cpython-3.11.14-linux-x86_64-gnu/share/terminfo/c/concept108-w8p	c108-w
/home/woa23c1ro/.local/share/uv/python/cpython-3.11.14-linux-x86_64-gnu/share/terminfo/c/concept108rv4p	c108-rv-4p
/home/woa23c1ro/.local/share/uv/python/cpython-3.11.14-linux-x86_64-gnu/share/terminfo/c/cons25-iso-m	cons25l1-m
/home/woa23c1ro/.local/share/uv/python/cpython-3.11.14-linux-x86_64-gnu/share/terminfo/c/cons25-iso8859	cons25l1
/home/woa23c1ro/.local/share/uv/python/cpython-3.11.14-linux-x86_64-gnu/share/terminfo/c/cons25-koi8-r	cons25r
/home/woa23c1ro/.local/share/uv/python/cpython-3.11.14-linux-x86_64-gnu/share/terminfo/c/cons25-koi8r-m	cons25r-m
/home/woa23c1ro/.local/share/uv/python/cpython-3.11.14-linux-x86_64-gnu/share/terminfo/c/cons50-iso-m	cons50l1-m
/home/woa23c1ro/.local/share/uv/python/cpython-3.11.14-linux-x86_64-gnu/share/terminfo/c/cons50-iso8859	cons50l1
/home/woa23c1ro/.local/share/uv/python/cpython-3.11.14-linux-x86_64-gnu/share/terminfo/c/cons50-koi8r	cons50r
/home/woa23c1ro/.local/share/uv/python/cpython-3.11.14-linux-x86_64-gnu/share/terminfo/c/cons50-koi8r-m	cons50r-m
/home/woa23c1ro/.local/share/uv/python/cpython-3.11.14-linux-x86_64-gnu/share/terminfo/c/cons60-iso	cons60l1
/home/woa23c1ro/.local/share/uv/python/cpython-3.11.14-linux-x86_64-gnu/share/terminfo/c/cons60-iso-m	cons60l1-m
/home/woa23c1ro/.local/share/uv/python/cpython-3.11.14-linux-x86_64-gnu/share/terminfo/c/cons60-koi8r	cons60r
/home/woa23c1ro/.local/share/uv/python/cpython-3.11.14-linux-x86_64-gnu/share/terminfo/c/cons60-koi8r-m	cons60r-m
/home/woa23c1ro/.local/share/uv/python/cpython-3.11.14-linux-x86_64-gnu/share/terminfo/c/contel320	contel300
/home/woa23c1ro/.local/share/uv/python/cpython-3.11.14-linux-x86_64-gnu/share/terminfo/c/contel321	contel301
/home/woa23c1ro/.local/share/uv/python/cpython-3.11.14-linux-x86_64-gnu/share/terminfo/c/contour-latest	contour
/home/woa23c1ro/.local/share/uv/python/cpython-3.11.14-linux-x86_64-gnu/share/terminfo/c/cops	cops10
/home/woa23c1ro/.local/share/uv/python/cpython-3.11.14-linux-x86_64-gnu/share/terminfo/c/cops-10	cops10
/home/woa23c1ro/.local/share/uv/python/cpython-3.11.14-linux-x86_64-gnu/share/terminfo/c/crt-vt220	crt
/home/woa23c1ro/.local/share/uv/python/cpython-3.11.14-linux-x86_64-gnu/share/terminfo/c/ct82	../s/swtp
/home/woa23c1ro/.local/share/uv/python/cpython-3.11.14-linux-x86_64-gnu/share/terminfo/c/cx	color_xterm
/home/woa23c1ro/.local/share/uv/python/cpython-3.11.14-linux-x86_64-gnu/share/terminfo/c/cx100	color_xterm
/home/woa23c1ro/.local/share/uv/python/cpython-3.11.14-linux-x86_64-gnu/share/terminfo/d/d2	dg6053
/home/woa23c1ro/.local/share/uv/python/cpython-3.11.14-linux-x86_64-gnu/share/terminfo/d/d2-dg	dg6053
/home/woa23c1ro/.local/share/uv/python/cpython-3.11.14-linux-x86_64-gnu/share/terminfo/d/d200-dg	d200
/home/woa23c1ro/.local/share/uv/python/cpython-3.11.14-linux-x86_64-gnu/share/terminfo/d/d214	d210
/home/woa23c1ro/.local/share/uv/python/cpython-3.11.14-linux-x86_64-gnu/share/terminfo/d/d214-dg	d210-dg
/home/woa23c1ro/.local/share/uv/python/cpython-3.11.14-linux-x86_64-gnu/share/terminfo/d/d215	d211
/home/woa23c1ro/.local/share/uv/python/cpython-3.11.14-linux-x86_64-gnu/share/terminfo/d/d215-7b	d211-7b
/home/woa23c1ro/.local/share/uv/python/cpython-3.11.14-linux-x86_64-gnu/share/terminfo/d/d215-dg	d211-dg
/home/woa23c1ro/.local/share/uv/python/cpython-3.11.14-linux-x86_64-gnu/share/terminfo/d/d216+	d216-unix
/home/woa23c1ro/.local/share/uv/python/cpython-3.11.14-linux-x86_64-gnu/share/terminfo/d/d216+25	d216-unix-25
/home/woa23c1ro/.local/share/uv/python/cpython-3.11.14-linux-x86_64-gnu/share/terminfo/d/d216+dg	d216-dg
/home/woa23c1ro/.local/share/uv/python/cpython-3.11.14-linux-x86_64-gnu/share/terminfo/d/d216e+	d216-unix
/home/woa23c1ro/.local/share/uv/python/cpython-3.11.14-linux-x86_64-gnu/share/terminfo/d/d216e+dg	d216-dg
/home/woa23c1ro/.local/share/uv/python/cpython-3.11.14-linux-x86_64-gnu/share/terminfo/d/d216e-dg	d216-dg
/home/woa23c1ro/.local/share/uv/python/cpython-3.11.14-linux-x86_64-gnu/share/terminfo/d/d216e-unix	d216-unix
/home/woa23c1ro/.local/share/uv/python/cpython-3.11.14-linux-x86_64-gnu/share/terminfo/d/d217-dg	d216-dg
/home/woa23c1ro/.local/share/uv/python/cpython-3.11.14-linux-x86_64-gnu/share/terminfo/d/d230	d230c
/home/woa23c1ro/.local/share/uv/python/cpython-3.11.14-linux-x86_64-gnu/share/terminfo/d/d230-dg	d230c-dg
/home/woa23c1ro/.local/share/uv/python/cpython-3.11.14-linux-x86_64-gnu/share/terminfo/d/d400-dg	d400
/home/woa23c1ro/.local/share/uv/python/cpython-3.11.14-linux-x86_64-gnu/share/terminfo/d/d411	d410
/home/woa23c1ro/.local/share/uv/python/cpython-3.11.14-linux-x86_64-gnu/share/terminfo/d/d411-7b	d410-7b
/home/woa23c1ro/.local/share/uv/python/cpython-3.11.14-linux-x86_64-gnu/share/terminfo/d/d411-7b-w	d410-7b-w
/home/woa23c1ro/.local/share/uv/python/cpython-3.11.14-linux-x86_64-gnu/share/terminfo/d/d411-dg	d410-dg
/home/woa23c1ro/.local/share/uv/python/cpython-3.11.14-linux-x86_64-gnu/share/terminfo/d/d411-w	d410-w
/home/woa23c1ro/.local/share/uv/python/cpython-3.11.14-linux-x86_64-gnu/share/terminfo/d/d412+	d412-unix
/home/woa23c1ro/.local/share/uv/python/cpython-3.11.14-linux-x86_64-gnu/share/terminfo/d/d412+25	d412-unix-25
/home/woa23c1ro/.local/share/uv/python/cpython-3.11.14-linux-x86_64-gnu/share/terminfo/d/d412+dg	d412-dg
/home/woa23c1ro/.local/share/uv/python/cpython-3.11.14-linux-x86_64-gnu/share/terminfo/d/d412+s	d412-unix-s
/home/woa23c1ro/.local/share/uv/python/cpython-3.11.14-linux-x86_64-gnu/share/terminfo/d/d412+sr	d412-unix-sr
/home/woa23c1ro/.local/share/uv/python/cpython-3.11.14-linux-x86_64-gnu/share/terminfo/d/d412+w	d412-unix-w
/home/woa23c1ro/.local/share/uv/python/cpython-3.11.14-linux-x86_64-gnu/share/terminfo/d/d413-dg	d412-dg
/home/woa23c1ro/.local/share/uv/python/cpython-3.11.14-linux-x86_64-gnu/share/terminfo/d/d430-dg	d430c-dg
/home/woa23c1ro/.local/share/uv/python/cpython-3.11.14-linux-x86_64-gnu/share/terminfo/d/d430-dg-ccc	d430c-dg-ccc
/home/woa23c1ro/.local/share/uv/python/cpython-3.11.14-linux-x86_64-gnu/share/terminfo/d/d430-unix	d430c-unix
/home/woa23c1ro/.local/share/uv/python/cpython-3.11.14-linux-x86_64-gnu/share/terminfo/d/d430-unix-25	d430c-unix-25
/home/woa23c1ro/.local/share/uv/python/cpython-3.11.14-linux-x86_64-gnu/share/terminfo/d/d430-unix-25-ccc	d430c-unix-25-ccc
/home/woa23c1ro/.local/share/uv/python/cpython-3.11.14-linux-x86_64-gnu/share/terminfo/d/d430-unix-ccc	d430c-unix-ccc
/home/woa23c1ro/.local/share/uv/python/cpython-3.11.14-linux-x86_64-gnu/share/terminfo/d/d430-unix-s	d430c-unix-s
/home/woa23c1ro/.local/share/uv/python/cpython-3.11.14-linux-x86_64-gnu/share/terminfo/d/d430-unix-s-ccc	d430c-unix-s-ccc
/home/woa23c1ro/.local/share/uv/python/cpython-3.11.14-linux-x86_64-gnu/share/terminfo/d/d430-unix-sr	d430c-unix-sr
/home/woa23c1ro/.local/share/uv/python/cpython-3.11.14-linux-x86_64-gnu/share/terminfo/d/d430-unix-sr-ccc	d430c-unix-sr-ccc
/home/woa23c1ro/.local/share/uv/python/cpython-3.11.14-linux-x86_64-gnu/share/terminfo/d/d430-unix-w	d430c-unix-w
/home/woa23c1ro/.local/share/uv/python/cpython-3.11.14-linux-x86_64-gnu/share/terminfo/d/d430-unix-w-ccc	d430c-unix-w-ccc
/home/woa23c1ro/.local/share/uv/python/cpython-3.11.14-linux-x86_64-gnu/share/terminfo/d/d450	d400
/home/woa23c1ro/.local/share/uv/python/cpython-3.11.14-linux-x86_64-gnu/share/terminfo/d/d450-dg	d400
/home/woa23c1ro/.local/share/uv/python/cpython-3.11.14-linux-x86_64-gnu/share/terminfo/d/d460	d410
/home/woa23c1ro/.local/share/uv/python/cpython-3.11.14-linux-x86_64-gnu/share/terminfo/d/d460-7b	d410-7b
/home/woa23c1ro/.local/share/uv/python/cpython-3.11.14-linux-x86_64-gnu/share/terminfo/d/d460-7b-w	d410-7b-w
/home/woa23c1ro/.local/share/uv/python/cpython-3.11.14-linux-x86_64-gnu/share/terminfo/d/d460-dg	d410-dg
/home/woa23c1ro/.local/share/uv/python/cpython-3.11.14-linux-x86_64-gnu/share/terminfo/d/d460-w	d410-w
/home/woa23c1ro/.local/share/uv/python/cpython-3.11.14-linux-x86_64-gnu/share/terminfo/d/d461	d410
/home/woa23c1ro/.local/share/uv/python/cpython-3.11.14-linux-x86_64-gnu/share/terminfo/d/d461-7b	d410-7b
/home/woa23c1ro/.local/share/uv/python/cpython-3.11.14-linux-x86_64-gnu/share/terminfo/d/d461-7b-w	d410-7b-w
/home/woa23c1ro/.local/share/uv/python/cpython-3.11.14-linux-x86_64-gnu/share/terminfo/d/d461-dg	d410-dg
/home/woa23c1ro/.local/share/uv/python/cpython-3.11.14-linux-x86_64-gnu/share/terminfo/d/d461-w	d410-w
/home/woa23c1ro/.local/share/uv/python/cpython-3.11.14-linux-x86_64-gnu/share/terminfo/d/d462+	d412-unix
/home/woa23c1ro/.local/share/uv/python/cpython-3.11.14-linux-x86_64-gnu/share/terminfo/d/d462+25	d412-unix-25
/home/woa23c1ro/.local/share/uv/python/cpython-3.11.14-linux-x86_64-gnu/share/terminfo/d/d462+dg	d412-dg
/home/woa23c1ro/.local/share/uv/python/cpython-3.11.14-linux-x86_64-gnu/share/terminfo/d/d462+s	d412-unix-s
/home/woa23c1ro/.local/share/uv/python/cpython-3.11.14-linux-x86_64-gnu/share/terminfo/d/d462+sr	d412-unix-sr
/home/woa23c1ro/.local/share/uv/python/cpython-3.11.14-linux-x86_64-gnu/share/terminfo/d/d462+w	d412-unix-w
/home/woa23c1ro/.local/share/uv/python/cpython-3.11.14-linux-x86_64-gnu/share/terminfo/d/d462-dg	d412-dg
/home/woa23c1ro/.local/share/uv/python/cpython-3.11.14-linux-x86_64-gnu/share/terminfo/d/d462-unix	d412-unix
/home/woa23c1ro/.local/share/uv/python/cpython-3.11.14-linux-x86_64-gnu/share/terminfo/d/d462-unix-25	d412-unix-25
/home/woa23c1ro/.local/share/uv/python/cpython-3.11.14-linux-x86_64-gnu/share/terminfo/d/d462-unix-s	d412-unix-s
/home/woa23c1ro/.local/share/uv/python/cpython-3.11.14-linux-x86_64-gnu/share/terminfo/d/d462-unix-sr	d412-unix-sr
/home/woa23c1ro/.local/share/uv/python/cpython-3.11.14-linux-x86_64-gnu/share/terminfo/d/d462-unix-w	d412-unix-w
/home/woa23c1ro/.local/share/uv/python/cpython-3.11.14-linux-x86_64-gnu/share/terminfo/d/d462e-dg	d412-dg
/home/woa23c1ro/.local/share/uv/python/cpython-3.11.14-linux-x86_64-gnu/share/terminfo/d/d463-dg	d412-dg
/home/woa23c1ro/.local/share/uv/python/cpython-3.11.14-linux-x86_64-gnu/share/terminfo/d/d463-unix	d413-unix
/home/woa23c1ro/.local/share/uv/python/cpython-3.11.14-linux-x86_64-gnu/share/terminfo/d/d463-unix-25	d413-unix-25
/home/woa23c1ro/.local/share/uv/python/cpython-3.11.14-linux-x86_64-gnu/share/terminfo/d/d463-unix-s	d413-unix-s
/home/woa23c1ro/.local/share/uv/python/cpython-3.11.14-linux-x86_64-gnu/share/terminfo/d/d463-unix-sr	d413-unix-sr
/home/woa23c1ro/.local/share/uv/python/cpython-3.11.14-linux-x86_64-gnu/share/terminfo/d/d463-unix-w	d413-unix-w
/home/woa23c1ro/.local/share/uv/python/cpython-3.11.14-linux-x86_64-gnu/share/terminfo/d/d464-unix	d414-unix
/home/woa23c1ro/.local/share/uv/python/cpython-3.11.14-linux-x86_64-gnu/share/terminfo/d/d464-unix-25	d414-unix-25
/home/woa23c1ro/.local/share/uv/python/cpython-3.11.14-linux-x86_64-gnu/share/terminfo/d/d464-unix-s	d414-unix-s
/home/woa23c1ro/.local/share/uv/python/cpython-3.11.14-linux-x86_64-gnu/share/terminfo/d/d464-unix-sr	d414-unix-sr
/home/woa23c1ro/.local/share/uv/python/cpython-3.11.14-linux-x86_64-gnu/share/terminfo/d/d464-unix-w	d414-unix-w
/home/woa23c1ro/.local/share/uv/python/cpython-3.11.14-linux-x86_64-gnu/share/terminfo/d/d470	d470c
/home/woa23c1ro/.local/share/uv/python/cpython-3.11.14-linux-x86_64-gnu/share/terminfo/d/d470-7b	d470c-7b
/home/woa23c1ro/.local/share/uv/python/cpython-3.11.14-linux-x86_64-gnu/share/terminfo/d/d470-dg	d470c-dg
/home/woa23c1ro/.local/share/uv/python/cpython-3.11.14-linux-x86_64-gnu/share/terminfo/d/d578-dg	d577-dg
/home/woa23c1ro/.local/share/uv/python/cpython-3.11.14-linux-x86_64-gnu/share/terminfo/d/d80	../a/ampex80
/home/woa23c1ro/.local/share/uv/python/cpython-3.11.14-linux-x86_64-gnu/share/terminfo/d/darwin	../x/xnuppc
/home/woa23c1ro/.local/share/uv/python/cpython-3.11.14-linux-x86_64-gnu/share/terminfo/d/darwin-100x37	../x/xnuppc-100x37
/home/woa23c1ro/.local/share/uv/python/cpython-3.11.14-linux-x86_64-gnu/share/terminfo/d/darwin-100x37-m	../x/xnuppc-100x37-m
/home/woa23c1ro/.local/share/uv/python/cpython-3.11.14-linux-x86_64-gnu/share/terminfo/d/darwin-112x37	../x/xnuppc-112x37
/home/woa23c1ro/.local/share/uv/python/cpython-3.11.14-linux-x86_64-gnu/share/terminfo/d/darwin-112x37-m	../x/xnuppc-112x37-m
/home/woa23c1ro/.local/share/uv/python/cpython-3.11.14-linux-x86_64-gnu/share/terminfo/d/darwin-128x40	../x/xnuppc-128x40
/home/woa23c1ro/.local/share/uv/python/cpython-3.11.14-linux-x86_64-gnu/share/terminfo/d/darwin-128x40-m	../x/xnuppc-128x40-m
/home/woa23c1ro/.local/share/uv/python/cpython-3.11.14-linux-x86_64-gnu/share/terminfo/d/darwin-128x48	../x/xnuppc-128x48
/home/woa23c1ro/.local/share/uv/python/cpython-3.11.14-linux-x86_64-gnu/share/terminfo/d/darwin-128x48-m	../x/xnuppc-128x48-m
/home/woa23c1ro/.local/share/uv/python/cpython-3.11.14-linux-x86_64-gnu/share/terminfo/d/darwin-144x48	../x/xnuppc-144x48
/home/woa23c1ro/.local/share/uv/python/cpython-3.11.14-linux-x86_64-gnu/share/terminfo/d/darwin-144x48-m	../x/xnuppc-144x48-m
/home/woa23c1ro/.local/share/uv/python/cpython-3.11.14-linux-x86_64-gnu/share/terminfo/d/darwin-160x64	../x/xnuppc-160x64
/home/woa23c1ro/.local/share/uv/python/cpython-3.11.14-linux-x86_64-gnu/share/terminfo/d/darwin-160x64-m	../x/xnuppc-160x64-m
/home/woa23c1ro/.local/share/uv/python/cpython-3.11.14-linux-x86_64-gnu/share/terminfo/d/darwin-200x64	../x/xnuppc-200x64
/home/woa23c1ro/.local/share/uv/python/cpython-3.11.14-linux-x86_64-gnu/share/terminfo/d/darwin-200x64-m	../x/xnuppc-200x64-m
/home/woa23c1ro/.local/share/uv/python/cpython-3.11.14-linux-x86_64-gnu/share/terminfo/d/darwin-200x75	../x/xnuppc-200x75
/home/woa23c1ro/.local/share/uv/python/cpython-3.11.14-linux-x86_64-gnu/share/terminfo/d/darwin-200x75-m	../x/xnuppc-200x75-m
/home/woa23c1ro/.local/share/uv/python/cpython-3.11.14-linux-x86_64-gnu/share/terminfo/d/darwin-256x96	../x/xnuppc-256x96
/home/woa23c1ro/.local/share/uv/python/cpython-3.11.14-linux-x86_64-gnu/share/terminfo/d/darwin-256x96-m	../x/xnuppc-256x96-m
/home/woa23c1ro/.local/share/uv/python/cpython-3.11.14-linux-x86_64-gnu/share/terminfo/d/darwin-80x25	../x/xnuppc-80x25
/home/woa23c1ro/.local/share/uv/python/cpython-3.11.14-linux-x86_64-gnu/share/terminfo/d/darwin-80x25-m	../x/xnuppc-80x25-m
/home/woa23c1ro/.local/share/uv/python/cpython-3.11.14-linux-x86_64-gnu/share/terminfo/d/darwin-80x30	../x/xnuppc-80x30
/home/woa23c1ro/.local/share/uv/python/cpython-3.11.14-linux-x86_64-gnu/share/terminfo/d/darwin-80x30-m	../x/xnuppc-80x30-m
/home/woa23c1ro/.local/share/uv/python/cpython-3.11.14-linux-x86_64-gnu/share/terminfo/d/darwin-90x30	../x/xnuppc-90x30
/home/woa23c1ro/.local/share/uv/python/cpython-3.11.14-linux-x86_64-gnu/share/terminfo/d/darwin-90x30-m	../x/xnuppc-90x30-m
/home/woa23c1ro/.local/share/uv/python/cpython-3.11.14-linux-x86_64-gnu/share/terminfo/d/darwin-b	../x/xnuppc-b
/home/woa23c1ro/.local/share/uv/python/cpython-3.11.14-linux-x86_64-gnu/share/terminfo/d/darwin-f	../x/xnuppc-f
/home/woa23c1ro/.local/share/uv/python/cpython-3.11.14-linux-x86_64-gnu/share/terminfo/d/darwin-f2	../x/xnuppc-f2
/home/woa23c1ro/.local/share/uv/python/cpython-3.11.14-linux-x86_64-gnu/share/terminfo/d/darwin-m	../x/xnuppc-m
/home/woa23c1ro/.local/share/uv/python/cpython-3.11.14-linux-x86_64-gnu/share/terminfo/d/darwin-m-b	../x/xnuppc-m-b
/home/woa23c1ro/.local/share/uv/python/cpython-3.11.14-linux-x86_64-gnu/share/terminfo/d/darwin-m-f	../x/xnuppc-m-f
/home/woa23c1ro/.local/share/uv/python/cpython-3.11.14-linux-x86_64-gnu/share/terminfo/d/darwin-m-f2	../x/xnuppc-m-f2
/home/woa23c1ro/.local/share/uv/python/cpython-3.11.14-linux-x86_64-gnu/share/terminfo/d/datagraphix	d132
/home/woa23c1ro/.local/share/uv/python/cpython-3.11.14-linux-x86_64-gnu/share/terminfo/d/datamedia2500	dm2500
/home/woa23c1ro/.local/share/uv/python/cpython-3.11.14-linux-x86_64-gnu/share/terminfo/d/datapoint	dp3360
/home/woa23c1ro/.local/share/uv/python/cpython-3.11.14-linux-x86_64-gnu/share/terminfo/d/dataspeed40	../t/tty40
/home/woa23c1ro/.local/share/uv/python/cpython-3.11.14-linux-x86_64-gnu/share/terminfo/d/dd5000	delta
/home/woa23c1ro/.local/share/uv/python/cpython-3.11.14-linux-x86_64-gnu/share/terminfo/d/ddr3180	ddr
/home/woa23c1ro/.local/share/uv/python/cpython-3.11.14-linux-x86_64-gnu/share/terminfo/d/dec-vt330	../v/vt340
/home/woa23c1ro/.local/share/uv/python/cpython-3.11.14-linux-x86_64-gnu/share/terminfo/d/dec-vt340	../v/vt340
/home/woa23c1ro/.local/share/uv/python/cpython-3.11.14-linux-x86_64-gnu/share/terminfo/d/dec-vt400	../v/vt400
/home/woa23c1ro/.local/share/uv/python/cpython-3.11.14-linux-x86_64-gnu/share/terminfo/d/decpro	../p/pro350
/home/woa23c1ro/.local/share/uv/python/cpython-3.11.14-linux-x86_64-gnu/share/terminfo/d/decwriter	dw2
/home/woa23c1ro/.local/share/uv/python/cpython-3.11.14-linux-x86_64-gnu/share/terminfo/d/dg-ansi	dg210
/home/woa23c1ro/.local/share/uv/python/cpython-3.11.14-linux-x86_64-gnu/share/terminfo/d/dg100	dg6053-old
/home/woa23c1ro/.local/share/uv/python/cpython-3.11.14-linux-x86_64-gnu/share/terminfo/d/dg605x	dg6053
/home/woa23c1ro/.local/share/uv/python/cpython-3.11.14-linux-x86_64-gnu/share/terminfo/d/dg6134	dg450
/home/woa23c1ro/.local/share/uv/python/cpython-3.11.14-linux-x86_64-gnu/share/terminfo/d/diablo	diablo1640
/home/woa23c1ro/.local/share/uv/python/cpython-3.11.14-linux-x86_64-gnu/share/terminfo/d/diablo-lm	diablo1640-lm
/home/woa23c1ro/.local/share/uv/python/cpython-3.11.14-linux-x86_64-gnu/share/terminfo/d/diablo1640-m8	diablo1620-m8
/home/woa23c1ro/.local/share/uv/python/cpython-3.11.14-linux-x86_64-gnu/share/terminfo/d/diablo1720	diablo1620
/home/woa23c1ro/.local/share/uv/python/cpython-3.11.14-linux-x86_64-gnu/share/terminfo/d/diablo1730	diablo1640
/home/woa23c1ro/.local/share/uv/python/cpython-3.11.14-linux-x86_64-gnu/share/terminfo/d/diablo1740	diablo1640
/home/woa23c1ro/.local/share/uv/python/cpython-3.11.14-linux-x86_64-gnu/share/terminfo/d/diablo450	diablo1620
/home/woa23c1ro/.local/share/uv/python/cpython-3.11.14-linux-x86_64-gnu/share/terminfo/d/diablo630	diablo1640
/home/woa23c1ro/.local/share/uv/python/cpython-3.11.14-linux-x86_64-gnu/share/terminfo/d/dialogue	../a/ampex80
/home/woa23c1ro/.local/share/uv/python/cpython-3.11.14-linux-x86_64-gnu/share/terminfo/d/dialogue80	../a/ampex80
/home/woa23c1ro/.local/share/uv/python/cpython-3.11.14-linux-x86_64-gnu/share/terminfo/d/dku7102	../t/tws-generic
/home/woa23c1ro/.local/share/uv/python/cpython-3.11.14-linux-x86_64-gnu/share/terminfo/d/dku7102-sna	../t/tws2102-sna
/home/woa23c1ro/.local/share/uv/python/cpython-3.11.14-linux-x86_64-gnu/share/terminfo/d/dku7103-sna	../t/tws2103-sna
/home/woa23c1ro/.local/share/uv/python/cpython-3.11.14-linux-x86_64-gnu/share/terminfo/d/dm1521	dm1520
/home/woa23c1ro/.local/share/uv/python/cpython-3.11.14-linux-x86_64-gnu/share/terminfo/d/dmd	../a/att5620
/home/woa23c1ro/.local/share/uv/python/cpython-3.11.14-linux-x86_64-gnu/share/terminfo/d/dmd-24	../a/att5620-24
/home/woa23c1ro/.local/share/uv/python/cpython-3.11.14-linux-x86_64-gnu/share/terminfo/d/dmd-34	../a/att5620-34
/home/woa23c1ro/.local/share/uv/python/cpython-3.11.14-linux-x86_64-gnu/share/terminfo/d/dmd1	../a/att5620-1
/home/woa23c1ro/.local/share/uv/python/cpython-3.11.14-linux-x86_64-gnu/share/terminfo/d/dmdt80	dm80
/home/woa23c1ro/.local/share/uv/python/cpython-3.11.14-linux-x86_64-gnu/share/terminfo/d/dmdt80w	dm80w
/home/woa23c1ro/.local/share/uv/python/cpython-3.11.14-linux-x86_64-gnu/share/terminfo/d/ds40	../t/tty40
/home/woa23c1ro/.local/share/uv/python/cpython-3.11.14-linux-x86_64-gnu/share/terminfo/d/ds40-2	../t/tty40
/home/woa23c1ro/.local/share/uv/python/cpython-3.11.14-linux-x86_64-gnu/share/terminfo/d/dt-100	dt100
/home/woa23c1ro/.local/share/uv/python/cpython-3.11.14-linux-x86_64-gnu/share/terminfo/d/dt-100w	dt100w
/home/woa23c1ro/.local/share/uv/python/cpython-3.11.14-linux-x86_64-gnu/share/terminfo/d/dt80	dm80
/home/woa23c1ro/.local/share/uv/python/cpython-3.11.14-linux-x86_64-gnu/share/terminfo/d/dt80w	dm80w
/home/woa23c1ro/.local/share/uv/python/cpython-3.11.14-linux-x86_64-gnu/share/terminfo/d/dw	dw2
/home/woa23c1ro/.local/share/uv/python/cpython-3.11.14-linux-x86_64-gnu/share/terminfo/d/dwk-vt	dwk
/home/woa23c1ro/.local/share/uv/python/cpython-3.11.14-linux-x86_64-gnu/share/terminfo/e/emots	../g/gs6300
/home/woa23c1ro/.local/share/uv/python/cpython-3.11.14-linux-x86_64-gnu/share/terminfo/e/envision230	env230
/home/woa23c1ro/.local/share/uv/python/cpython-3.11.14-linux-x86_64-gnu/share/terminfo/e/ep4000	ep40
/home/woa23c1ro/.local/share/uv/python/cpython-3.11.14-linux-x86_64-gnu/share/terminfo/e/ep4080	ep48
/home/woa23c1ro/.local/share/uv/python/cpython-3.11.14-linux-x86_64-gnu/share/terminfo/e/excel64	excel62
/home/woa23c1ro/.local/share/uv/python/cpython-3.11.14-linux-x86_64-gnu/share/terminfo/e/excel64-rv	excel62-rv
/home/woa23c1ro/.local/share/uv/python/cpython-3.11.14-linux-x86_64-gnu/share/terminfo/e/excel64-w	excel62-w
/home/woa23c1ro/.local/share/uv/python/cpython-3.11.14-linux-x86_64-gnu/share/terminfo/e/exec80	../h/hazel
/home/woa23c1ro/.local/share/uv/python/cpython-3.11.14-linux-x86_64-gnu/share/terminfo/f/f1720a	f1720
/home/woa23c1ro/.local/share/uv/python/cpython-3.11.14-linux-x86_64-gnu/share/terminfo/f/fenix	../p/pt100
/home/woa23c1ro/.local/share/uv/python/cpython-3.11.14-linux-x86_64-gnu/share/terminfo/f/fenixw	../p/pt100w
/home/woa23c1ro/.local/share/uv/python/cpython-3.11.14-linux-x86_64-gnu/share/terminfo/f/fixterm	../c/cbblit
/home/woa23c1ro/.local/share/uv/python/cpython-3.11.14-linux-x86_64-gnu/share/terminfo/f/fortune	fos
/home/woa23c1ro/.local/share/uv/python/cpython-3.11.14-linux-x86_64-gnu/share/terminfo/f/freedom	f100
/home/woa23c1ro/.local/share/uv/python/cpython-3.11.14-linux-x86_64-gnu/share/terminfo/f/freedom-rv	f100-rv
/home/woa23c1ro/.local/share/uv/python/cpython-3.11.14-linux-x86_64-gnu/share/terminfo/f/freedom100	f100
/home/woa23c1ro/.local/share/uv/python/cpython-3.11.14-linux-x86_64-gnu/share/terminfo/f/freedom110	f110
/home/woa23c1ro/.local/share/uv/python/cpython-3.11.14-linux-x86_64-gnu/share/terminfo/f/freedom200	f200
/home/woa23c1ro/.local/share/uv/python/cpython-3.11.14-linux-x86_64-gnu/share/terminfo/g/go-225	go225
/home/woa23c1ro/.local/share/uv/python/cpython-3.11.14-linux-x86_64-gnu/share/terminfo/g/gs5430	../a/att505
/home/woa23c1ro/.local/share/uv/python/cpython-3.11.14-linux-x86_64-gnu/share/terminfo/g/gs5430-22	../a/att505-22
/home/woa23c1ro/.local/share/uv/python/cpython-3.11.14-linux-x86_64-gnu/share/terminfo/g/gs5430-24	../a/att505-24
/home/woa23c1ro/.local/share/uv/python/cpython-3.11.14-linux-x86_64-gnu/share/terminfo/g/gt100	../i/i100
/home/woa23c1ro/.local/share/uv/python/cpython-3.11.14-linux-x86_64-gnu/share/terminfo/g/gt100a	../i/i100
/home/woa23c1ro/.local/share/uv/python/cpython-3.11.14-linux-x86_64-gnu/share/terminfo/g/guru+unk	guru
/home/woa23c1ro/.local/share/uv/python/cpython-3.11.14-linux-x86_64-gnu/share/terminfo/g/guru-33	guru
/home/woa23c1ro/.local/share/uv/python/cpython-3.11.14-linux-x86_64-gnu/share/terminfo/g/guru-33-rv	guru-rv
/home/woa23c1ro/.local/share/uv/python/cpython-3.11.14-linux-x86_64-gnu/share/terminfo/g/guru-33-s	guru-s
/home/woa23c1ro/.local/share/uv/python/cpython-3.11.14-linux-x86_64-gnu/share/terminfo/g/guru-lp	guru-76-lp
/home/woa23c1ro/.local/share/uv/python/cpython-3.11.14-linux-x86_64-gnu/share/terminfo/h/h-100	../z/z100
/home/woa23c1ro/.local/share/uv/python/cpython-3.11.14-linux-x86_64-gnu/share/terminfo/h/h-100bw	../z/z100bw
/home/woa23c1ro/.local/share/uv/python/cpython-3.11.14-linux-x86_64-gnu/share/terminfo/h/h100	../z/z100
/home/woa23c1ro/.local/share/uv/python/cpython-3.11.14-linux-x86_64-gnu/share/terminfo/h/h100bw	../z/z100bw
/home/woa23c1ro/.local/share/uv/python/cpython-3.11.14-linux-x86_64-gnu/share/terminfo/h/h19-b	h19
/home/woa23c1ro/.local/share/uv/python/cpython-3.11.14-linux-x86_64-gnu/share/terminfo/h/h19-smul	h19-us
/home/woa23c1ro/.local/share/uv/python/cpython-3.11.14-linux-x86_64-gnu/share/terminfo/h/h19a	h19-a
/home/woa23c1ro/.local/share/uv/python/cpython-3.11.14-linux-x86_64-gnu/share/terminfo/h/h19g	h19-g
/home/woa23c1ro/.local/share/uv/python/cpython-3.11.14-linux-x86_64-gnu/share/terminfo/h/h19kermit	h19k
/home/woa23c1ro/.local/share/uv/python/cpython-3.11.14-linux-x86_64-gnu/share/terminfo/h/h19us	h19-us
/home/woa23c1ro/.local/share/uv/python/cpython-3.11.14-linux-x86_64-gnu/share/terminfo/h/h29a-kc-bc	../z/z29a
/home/woa23c1ro/.local/share/uv/python/cpython-3.11.14-linux-x86_64-gnu/share/terminfo/h/h29a-kc-uc	../z/z29a-kc-uc
/home/woa23c1ro/.local/share/uv/python/cpython-3.11.14-linux-x86_64-gnu/share/terminfo/h/h29a-nkc-bc	../z/z29a-nkc-bc
/home/woa23c1ro/.local/share/uv/python/cpython-3.11.14-linux-x86_64-gnu/share/terminfo/h/h29a-nkc-uc	../z/z29a-nkc-uc
/home/woa23c1ro/.local/share/uv/python/cpython-3.11.14-linux-x86_64-gnu/share/terminfo/h/h80	hazel
/home/woa23c1ro/.local/share/uv/python/cpython-3.11.14-linux-x86_64-gnu/share/terminfo/h/he80	hazel
/home/woa23c1ro/.local/share/uv/python/cpython-3.11.14-linux-x86_64-gnu/share/terminfo/h/heath	h19
/home/woa23c1ro/.local/share/uv/python/cpython-3.11.14-linux-x86_64-gnu/share/terminfo/h/heath-19	h19
/home/woa23c1ro/.local/share/uv/python/cpython-3.11.14-linux-x86_64-gnu/share/terminfo/h/heath-ansi	h19-a
/home/woa23c1ro/.local/share/uv/python/cpython-3.11.14-linux-x86_64-gnu/share/terminfo/h/heathkit	h19
/home/woa23c1ro/.local/share/uv/python/cpython-3.11.14-linux-x86_64-gnu/share/terminfo/h/heathkit-a	h19-a
/home/woa23c1ro/.local/share/uv/python/cpython-3.11.14-linux-x86_64-gnu/share/terminfo/h/hft	../i/ibm5081
/home/woa23c1ro/.local/share/uv/python/cpython-3.11.14-linux-x86_64-gnu/share/terminfo/h/hp	hpgeneric
/home/woa23c1ro/.local/share/uv/python/cpython-3.11.14-linux-x86_64-gnu/share/terminfo/h/hp2382	hp2382a
/home/woa23c1ro/.local/share/uv/python/cpython-3.11.14-linux-x86_64-gnu/share/terminfo/h/hp2397	hp2397a
/home/woa23c1ro/.local/share/uv/python/cpython-3.11.14-linux-x86_64-gnu/share/terminfo/h/hp2621-wl	hp2621
/home/woa23c1ro/.local/share/uv/python/cpython-3.11.14-linux-x86_64-gnu/share/terminfo/h/hp2621A	hp2621
/home/woa23c1ro/.local/share/uv/python/cpython-3.11.14-linux-x86_64-gnu/share/terminfo/h/hp2621a	hp2621
/home/woa23c1ro/.local/share/uv/python/cpython-3.11.14-linux-x86_64-gnu/share/terminfo/h/hp2621a-a	hp2621-a
/home/woa23c1ro/.local/share/uv/python/cpython-3.11.14-linux-x86_64-gnu/share/terminfo/h/hp2621k45	hp2621-k45
/home/woa23c1ro/.local/share/uv/python/cpython-3.11.14-linux-x86_64-gnu/share/terminfo/h/hp2622a	hp2622
/home/woa23c1ro/.local/share/uv/python/cpython-3.11.14-linux-x86_64-gnu/share/terminfo/h/hp2623a	hp2623
/home/woa23c1ro/.local/share/uv/python/cpython-3.11.14-linux-x86_64-gnu/share/terminfo/h/hp2624a	hp2624
/home/woa23c1ro/.local/share/uv/python/cpython-3.11.14-linux-x86_64-gnu/share/terminfo/h/hp2624a-10p	hp2624-10p
/home/woa23c1ro/.local/share/uv/python/cpython-3.11.14-linux-x86_64-gnu/share/terminfo/h/hp2624b	hp2624
/home/woa23c1ro/.local/share/uv/python/cpython-3.11.14-linux-x86_64-gnu/share/terminfo/h/hp2624b-10p	hp2624-10p
/home/woa23c1ro/.local/share/uv/python/cpython-3.11.14-linux-x86_64-gnu/share/terminfo/h/hp2624b-4p	hp2624
/home/woa23c1ro/.local/share/uv/python/cpython-3.11.14-linux-x86_64-gnu/share/terminfo/h/hp2624b-4p-p	hp2624b-p
/home/woa23c1ro/.local/share/uv/python/cpython-3.11.14-linux-x86_64-gnu/share/terminfo/h/hp2626a	hp2626
/home/woa23c1ro/.local/share/uv/python/cpython-3.11.14-linux-x86_64-gnu/share/terminfo/h/hp2626p	hp2626
/home/woa23c1ro/.local/share/uv/python/cpython-3.11.14-linux-x86_64-gnu/share/terminfo/h/hp2644a	hp2640b
/home/woa23c1ro/.local/share/uv/python/cpython-3.11.14-linux-x86_64-gnu/share/terminfo/h/hp2645a	hp2641a
/home/woa23c1ro/.local/share/uv/python/cpython-3.11.14-linux-x86_64-gnu/share/terminfo/h/hp2647a	hp2641a
/home/woa23c1ro/.local/share/uv/python/cpython-3.11.14-linux-x86_64-gnu/share/terminfo/h/hp2648a	hp2648
/home/woa23c1ro/.local/share/uv/python/cpython-3.11.14-linux-x86_64-gnu/share/terminfo/h/hp45	hp2645
/home/woa23c1ro/.local/share/uv/python/cpython-3.11.14-linux-x86_64-gnu/share/terminfo/h/hp700	hpansi
/home/woa23c1ro/.local/share/uv/python/cpython-3.11.14-linux-x86_64-gnu/share/terminfo/h/hp70092A	hp70092
/home/woa23c1ro/.local/share/uv/python/cpython-3.11.14-linux-x86_64-gnu/share/terminfo/h/hp70092a	hp70092
/home/woa23c1ro/.local/share/uv/python/cpython-3.11.14-linux-x86_64-gnu/share/terminfo/h/hp98550a	hp98550
/home/woa23c1ro/.local/share/uv/python/cpython-3.11.14-linux-x86_64-gnu/share/terminfo/h/hp98550a-color	hp98550-color
/home/woa23c1ro/.local/share/uv/python/cpython-3.11.14-linux-x86_64-gnu/share/terminfo/h/hp98720	hp9837
/home/woa23c1ro/.local/share/uv/python/cpython-3.11.14-linux-x86_64-gnu/share/terminfo/h/hp98721	hp9837
/home/woa23c1ro/.local/share/uv/python/cpython-3.11.14-linux-x86_64-gnu/share/terminfo/h/hpex2	hp2
/home/woa23c1ro/.local/share/uv/python/cpython-3.11.14-linux-x86_64-gnu/share/terminfo/h/htx11	../z/ztx
/home/woa23c1ro/.local/share/uv/python/cpython-3.11.14-linux-x86_64-gnu/share/terminfo/i/i3101	ibm3101
/home/woa23c1ro/.local/share/uv/python/cpython-3.11.14-linux-x86_64-gnu/share/terminfo/i/i3164	ibm3164
/home/woa23c1ro/.local/share/uv/python/cpython-3.11.14-linux-x86_64-gnu/share/terminfo/i/ibm3163	ibm3161
/home/woa23c1ro/.local/share/uv/python/cpython-3.11.14-linux-x86_64-gnu/share/terminfo/i/ibm5051	ibm-pc
/home/woa23c1ro/.local/share/uv/python/cpython-3.11.14-linux-x86_64-gnu/share/terminfo/i/ibm5154-c	ibmega-c
/home/woa23c1ro/.local/share/uv/python/cpython-3.11.14-linux-x86_64-gnu/share/terminfo/i/ibm6154-c	ibmapa8c-c
/home/woa23c1ro/.local/share/uv/python/cpython-3.11.14-linux-x86_64-gnu/share/terminfo/i/ibm8507	ibm8503
/home/woa23c1ro/.local/share/uv/python/cpython-3.11.14-linux-x86_64-gnu/share/terminfo/i/ibm8513	ibm8512
/home/woa23c1ro/.local/share/uv/python/cpython-3.11.14-linux-x86_64-gnu/share/terminfo/i/ibm8604	ibm8503
/home/woa23c1ro/.local/share/uv/python/cpython-3.11.14-linux-x86_64-gnu/share/terminfo/i/ibmapa16	../r/rtpc
/home/woa23c1ro/.local/share/uv/python/cpython-3.11.14-linux-x86_64-gnu/share/terminfo/i/ibmapa8	ibmapa8c
/home/woa23c1ro/.local/share/uv/python/cpython-3.11.14-linux-x86_64-gnu/share/terminfo/i/ibmmpel-c	ibm5081-c
/home/woa23c1ro/.local/share/uv/python/cpython-3.11.14-linux-x86_64-gnu/share/terminfo/i/ibmpc3r	../c/cons25r
/home/woa23c1ro/.local/share/uv/python/cpython-3.11.14-linux-x86_64-gnu/share/terminfo/i/ibmpc3r-mono	../c/cons25r-m
/home/woa23c1ro/.local/share/uv/python/cpython-3.11.14-linux-x86_64-gnu/share/terminfo/i/ibmx	ibmpcx
/home/woa23c1ro/.local/share/uv/python/cpython-3.11.14-linux-x86_64-gnu/share/terminfo/i/icl6402	icl6404
/home/woa23c1ro/.local/share/uv/python/cpython-3.11.14-linux-x86_64-gnu/share/terminfo/i/intertec	intertube
/home/woa23c1ro/.local/share/uv/python/cpython-3.11.14-linux-x86_64-gnu/share/terminfo/i/intextii	intext2
/home/woa23c1ro/.local/share/uv/python/cpython-3.11.14-linux-x86_64-gnu/share/terminfo/i/ips	../c/citoh-prop
/home/woa23c1ro/.local/share/uv/python/cpython-3.11.14-linux-x86_64-gnu/share/terminfo/i/ipsi	../d/diablo1620
/home/woa23c1ro/.local/share/uv/python/cpython-3.11.14-linux-x86_64-gnu/share/terminfo/i/iq120	../s/soroc120
/home/woa23c1ro/.local/share/uv/python/cpython-3.11.14-linux-x86_64-gnu/share/terminfo/i/iq140	../s/soroc140
/home/woa23c1ro/.local/share/uv/python/cpython-3.11.14-linux-x86_64-gnu/share/terminfo/i/iris-ansi-net	iris-ansi
/home/woa23c1ro/.local/share/uv/python/cpython-3.11.14-linux-x86_64-gnu/share/terminfo/i/iris40	../w/wsiris
/home/woa23c1ro/.local/share/uv/python/cpython-3.11.14-linux-x86_64-gnu/share/terminfo/i/iterm	iTerm.app
/home/woa23c1ro/.local/share/uv/python/cpython-3.11.14-linux-x86_64-gnu/share/terminfo/i/iterm2	iTerm2.app
/home/woa23c1ro/.local/share/uv/python/cpython-3.11.14-linux-x86_64-gnu/share/terminfo/j/jerq	../b/blit
/home/woa23c1ro/.local/share/uv/python/cpython-3.11.14-linux-x86_64-gnu/share/terminfo/k/k45	../h/hp2621-k45
/home/woa23c1ro/.local/share/uv/python/cpython-3.11.14-linux-x86_64-gnu/share/terminfo/k/kaypro2	kaypro
/home/woa23c1ro/.local/share/uv/python/cpython-3.11.14-linux-x86_64-gnu/share/terminfo/k/kds6402	../i/icl6404
/home/woa23c1ro/.local/share/uv/python/cpython-3.11.14-linux-x86_64-gnu/share/terminfo/k/kds7372	../i/icl6404
/home/woa23c1ro/.local/share/uv/python/cpython-3.11.14-linux-x86_64-gnu/share/terminfo/k/kds7372-w	../i/icl6404-w
/home/woa23c1ro/.local/share/uv/python/cpython-3.11.14-linux-x86_64-gnu/share/terminfo/k/kon2	kon
/home/woa23c1ro/.local/share/uv/python/cpython-3.11.14-linux-x86_64-gnu/share/terminfo/k/kterm-co	kterm-color
/home/woa23c1ro/.local/share/uv/python/cpython-3.11.14-linux-x86_64-gnu/share/terminfo/k/ktm	../s/synertek
/home/woa23c1ro/.local/share/uv/python/cpython-3.11.14-linux-x86_64-gnu/share/terminfo/l/la120	../d/dw3
/home/woa23c1ro/.local/share/uv/python/cpython-3.11.14-linux-x86_64-gnu/share/terminfo/l/layer	../a/att5620-s
/home/woa23c1ro/.local/share/uv/python/cpython-3.11.14-linux-x86_64-gnu/share/terminfo/l/lft-pc850	lft
/home/woa23c1ro/.local/share/uv/python/cpython-3.11.14-linux-x86_64-gnu/share/terminfo/l/luna68k	luna
/home/woa23c1ro/.local/share/uv/python/cpython-3.11.14-linux-x86_64-gnu/share/terminfo/m/macintosh	mac
/home/woa23c1ro/.local/share/uv/python/cpython-3.11.14-linux-x86_64-gnu/share/terminfo/m/macterminal-w	mac-w
/home/woa23c1ro/.local/share/uv/python/cpython-3.11.14-linux-x86_64-gnu/share/terminfo/m/mdl110	../c/cyb110
/home/woa23c1ro/.local/share/uv/python/cpython-3.11.14-linux-x86_64-gnu/share/terminfo/m/microbee	microb
/home/woa23c1ro/.local/share/uv/python/cpython-3.11.14-linux-x86_64-gnu/share/terminfo/m/microterm	../a/act4
/home/woa23c1ro/.local/share/uv/python/cpython-3.11.14-linux-x86_64-gnu/share/terminfo/m/microterm5	../a/act5
/home/woa23c1ro/.local/share/uv/python/cpython-3.11.14-linux-x86_64-gnu/share/terminfo/m/mime-3ax	mime3ax
/home/woa23c1ro/.local/share/uv/python/cpython-3.11.14-linux-x86_64-gnu/share/terminfo/m/mime1	mime
/home/woa23c1ro/.local/share/uv/python/cpython-3.11.14-linux-x86_64-gnu/share/terminfo/m/mime2	mime
/home/woa23c1ro/.local/share/uv/python/cpython-3.11.14-linux-x86_64-gnu/share/terminfo/m/mime2a-v	mime2a
/home/woa23c1ro/.local/share/uv/python/cpython-3.11.14-linux-x86_64-gnu/share/terminfo/m/mime340	mm340
/home/woa23c1ro/.local/share/uv/python/cpython-3.11.14-linux-x86_64-gnu/share/terminfo/m/mimei	mime
/home/woa23c1ro/.local/share/uv/python/cpython-3.11.14-linux-x86_64-gnu/share/terminfo/m/mimeii	mime
/home/woa23c1ro/.local/share/uv/python/cpython-3.11.14-linux-x86_64-gnu/share/terminfo/m/minitel	m2-nam
/home/woa23c1ro/.local/share/uv/python/cpython-3.11.14-linux-x86_64-gnu/share/terminfo/m/minitel-2	m2-nam
/home/woa23c1ro/.local/share/uv/python/cpython-3.11.14-linux-x86_64-gnu/share/terminfo/m/minitel-2-nam	m2-nam
/home/woa23c1ro/.local/share/uv/python/cpython-3.11.14-linux-x86_64-gnu/share/terminfo/m/minix-1.5	minix-old
/home/woa23c1ro/.local/share/uv/python/cpython-3.11.14-linux-x86_64-gnu/share/terminfo/m/mm314	mime314
/home/woa23c1ro/.local/share/uv/python/cpython-3.11.14-linux-x86_64-gnu/share/terminfo/m/mod	modgraph48
/home/woa23c1ro/.local/share/uv/python/cpython-3.11.14-linux-x86_64-gnu/share/terminfo/m/mod24	modgraph
/home/woa23c1ro/.local/share/uv/python/cpython-3.11.14-linux-x86_64-gnu/share/terminfo/m/mouse-sun	mterm
/home/woa23c1ro/.local/share/uv/python/cpython-3.11.14-linux-x86_64-gnu/share/terminfo/m/mskermit227	msk227
/home/woa23c1ro/.local/share/uv/python/cpython-3.11.14-linux-x86_64-gnu/share/terminfo/m/mskermit22714	msk22714
/home/woa23c1ro/.local/share/uv/python/cpython-3.11.14-linux-x86_64-gnu/share/terminfo/m/mskermit227am	msk227am
/home/woa23c1ro/.local/share/uv/python/cpython-3.11.14-linux-x86_64-gnu/share/terminfo/m/mt-70	mt70
/home/woa23c1ro/.local/share/uv/python/cpython-3.11.14-linux-x86_64-gnu/share/terminfo/n/n7900	ncr7900i
/home/woa23c1ro/.local/share/uv/python/cpython-3.11.14-linux-x86_64-gnu/share/terminfo/n/nansisys	nansi.sys
/home/woa23c1ro/.local/share/uv/python/cpython-3.11.14-linux-x86_64-gnu/share/terminfo/n/nansisysk	nansi.sysk
/home/woa23c1ro/.local/share/uv/python/cpython-3.11.14-linux-x86_64-gnu/share/terminfo/n/ncr7900	ncr7900i
/home/woa23c1ro/.local/share/uv/python/cpython-3.11.14-linux-x86_64-gnu/share/terminfo/n/ncrvt100pp	ncrvt100an
/home/woa23c1ro/.local/share/uv/python/cpython-3.11.14-linux-x86_64-gnu/share/terminfo/n/ncrvt100wpp	ncrvt100wan
/home/woa23c1ro/.local/share/uv/python/cpython-3.11.14-linux-x86_64-gnu/share/terminfo/n/ncsa-vt220-8	ncsa-m
/home/woa23c1ro/.local/share/uv/python/cpython-3.11.14-linux-x86_64-gnu/share/terminfo/n/nd9500	ndr9500
/home/woa23c1ro/.local/share/uv/python/cpython-3.11.14-linux-x86_64-gnu/share/terminfo/n/nec	nec5520
/home/woa23c1ro/.local/share/uv/python/cpython-3.11.14-linux-x86_64-gnu/share/terminfo/n/news	nwp512
/home/woa23c1ro/.local/share/uv/python/cpython-3.11.14-linux-x86_64-gnu/share/terminfo/n/news-a	nwp512-a
/home/woa23c1ro/.local/share/uv/python/cpython-3.11.14-linux-x86_64-gnu/share/terminfo/n/news-o	nwp512
/home/woa23c1ro/.local/share/uv/python/cpython-3.11.14-linux-x86_64-gnu/share/terminfo/n/news28-a	news29
/home/woa23c1ro/.local/share/uv/python/cpython-3.11.14-linux-x86_64-gnu/share/terminfo/n/news31	nwp513
/home/woa23c1ro/.local/share/uv/python/cpython-3.11.14-linux-x86_64-gnu/share/terminfo/n/news31-a	nwp513-a
/home/woa23c1ro/.local/share/uv/python/cpython-3.11.14-linux-x86_64-gnu/share/terminfo/n/news31-o	nwp513
/home/woa23c1ro/.local/share/uv/python/cpython-3.11.14-linux-x86_64-gnu/share/terminfo/n/news33	nwp513-a
/home/woa23c1ro/.local/share/uv/python/cpython-3.11.14-linux-x86_64-gnu/share/terminfo/n/news40	nwp512
/home/woa23c1ro/.local/share/uv/python/cpython-3.11.14-linux-x86_64-gnu/share/terminfo/n/news40-a	nwp512-a
/home/woa23c1ro/.local/share/uv/python/cpython-3.11.14-linux-x86_64-gnu/share/terminfo/n/news40-o	nwp512
/home/woa23c1ro/.local/share/uv/python/cpython-3.11.14-linux-x86_64-gnu/share/terminfo/n/news42	nwp512-a
/home/woa23c1ro/.local/share/uv/python/cpython-3.11.14-linux-x86_64-gnu/share/terminfo/n/newscbm	nwp513
/home/woa23c1ro/.local/share/uv/python/cpython-3.11.14-linux-x86_64-gnu/share/terminfo/n/newscbm-a	nwp513-a
/home/woa23c1ro/.local/share/uv/python/cpython-3.11.14-linux-x86_64-gnu/share/terminfo/n/newscbm-o	nwp513
/home/woa23c1ro/.local/share/uv/python/cpython-3.11.14-linux-x86_64-gnu/share/terminfo/n/newscbm33	nwp513-a
/home/woa23c1ro/.local/share/uv/python/cpython-3.11.14-linux-x86_64-gnu/share/terminfo/n/nsterm-256color	nsterm
/home/woa23c1ro/.local/share/uv/python/cpython-3.11.14-linux-x86_64-gnu/share/terminfo/n/nsterm-7-c-s	nsterm-c-s-7
/home/woa23c1ro/.local/share/uv/python/cpython-3.11.14-linux-x86_64-gnu/share/terminfo/n/nsterm-7-m	nsterm-m-7
/home/woa23c1ro/.local/share/uv/python/cpython-3.11.14-linux-x86_64-gnu/share/terminfo/n/nsterm-7-m-s	nsterm-m-s-7
/home/woa23c1ro/.local/share/uv/python/cpython-3.11.14-linux-x86_64-gnu/share/terminfo/n/nsterm-7-s	nsterm-s-7
/home/woa23c1ro/.local/share/uv/python/cpython-3.11.14-linux-x86_64-gnu/share/terminfo/n/nsterm-acs-c	nsterm-c-acs
/home/woa23c1ro/.local/share/uv/python/cpython-3.11.14-linux-x86_64-gnu/share/terminfo/n/nsterm-acs-c-s	nsterm-c-s-acs
/home/woa23c1ro/.local/share/uv/python/cpython-3.11.14-linux-x86_64-gnu/share/terminfo/n/nsterm-acs-m	nsterm-m-acs
/home/woa23c1ro/.local/share/uv/python/cpython-3.11.14-linux-x86_64-gnu/share/terminfo/n/nsterm-acs-m-s	nsterm-m-s-acs
/home/woa23c1ro/.local/share/uv/python/cpython-3.11.14-linux-x86_64-gnu/share/terminfo/n/nsterm-acs-s	nsterm-s-acs
/home/woa23c1ro/.local/share/uv/python/cpython-3.11.14-linux-x86_64-gnu/share/terminfo/n/nsterm-c-7	nsterm-7-c
/home/woa23c1ro/.local/share/uv/python/cpython-3.11.14-linux-x86_64-gnu/share/terminfo/n/ntconsole	../i/interix
/home/woa23c1ro/.local/share/uv/python/cpython-3.11.14-linux-x86_64-gnu/share/terminfo/n/ntconsole-100	../o/opennt-100
/home/woa23c1ro/.local/share/uv/python/cpython-3.11.14-linux-x86_64-gnu/share/terminfo/n/ntconsole-100-nti	../o/opennt-100-nti
/home/woa23c1ro/.local/share/uv/python/cpython-3.11.14-linux-x86_64-gnu/share/terminfo/n/ntconsole-25	../i/interix
/home/woa23c1ro/.local/share/uv/python/cpython-3.11.14-linux-x86_64-gnu/share/terminfo/n/ntconsole-25-nti	../i/interix-nti
/home/woa23c1ro/.local/share/uv/python/cpython-3.11.14-linux-x86_64-gnu/share/terminfo/n/ntconsole-25-w	../o/opennt-w
/home/woa23c1ro/.local/share/uv/python/cpython-3.11.14-linux-x86_64-gnu/share/terminfo/n/ntconsole-25-w-vt	../o/opennt-w-vt
/home/woa23c1ro/.local/share/uv/python/cpython-3.11.14-linux-x86_64-gnu/share/terminfo/n/ntconsole-35	../o/opennt-35
/home/woa23c1ro/.local/share/uv/python/cpython-3.11.14-linux-x86_64-gnu/share/terminfo/n/ntconsole-35-nti	../o/opennt-35-nti
/home/woa23c1ro/.local/share/uv/python/cpython-3.11.14-linux-x86_64-gnu/share/terminfo/n/ntconsole-35-w	../o/opennt-35-w
/home/woa23c1ro/.local/share/uv/python/cpython-3.11.14-linux-x86_64-gnu/share/terminfo/n/ntconsole-50	../o/opennt-50
/home/woa23c1ro/.local/share/uv/python/cpython-3.11.14-linux-x86_64-gnu/share/terminfo/n/ntconsole-50-nti	../o/opennt-50-nti
/home/woa23c1ro/.local/share/uv/python/cpython-3.11.14-linux-x86_64-gnu/share/terminfo/n/ntconsole-50-w	../o/opennt-50-w
/home/woa23c1ro/.local/share/uv/python/cpython-3.11.14-linux-x86_64-gnu/share/terminfo/n/ntconsole-60	../o/opennt-60
/home/woa23c1ro/.local/share/uv/python/cpython-3.11.14-linux-x86_64-gnu/share/terminfo/n/ntconsole-60-nti	../o/opennt-60-nti
/home/woa23c1ro/.local/share/uv/python/cpython-3.11.14-linux-x86_64-gnu/share/terminfo/n/ntconsole-60-w	../o/opennt-60-w
/home/woa23c1ro/.local/share/uv/python/cpython-3.11.14-linux-x86_64-gnu/share/terminfo/n/ntconsole-w	../o/opennt-w
/home/woa23c1ro/.local/share/uv/python/cpython-3.11.14-linux-x86_64-gnu/share/terminfo/n/ntconsole-w-vt	../o/opennt-w-vt
/home/woa23c1ro/.local/share/uv/python/cpython-3.11.14-linux-x86_64-gnu/share/terminfo/n/nwe501	nwp513
/home/woa23c1ro/.local/share/uv/python/cpython-3.11.14-linux-x86_64-gnu/share/terminfo/n/nwe501-a	nwp513-a
/home/woa23c1ro/.local/share/uv/python/cpython-3.11.14-linux-x86_64-gnu/share/terminfo/n/nwe501-o	nwp513
/home/woa23c1ro/.local/share/uv/python/cpython-3.11.14-linux-x86_64-gnu/share/terminfo/n/nwp-511	nwp511
/home/woa23c1ro/.local/share/uv/python/cpython-3.11.14-linux-x86_64-gnu/share/terminfo/n/nwp-517	nwp517
/home/woa23c1ro/.local/share/uv/python/cpython-3.11.14-linux-x86_64-gnu/share/terminfo/n/nwp-517-w	nwp517-w
/home/woa23c1ro/.local/share/uv/python/cpython-3.11.14-linux-x86_64-gnu/share/terminfo/n/nwp251-a	nwp513-a
/home/woa23c1ro/.local/share/uv/python/cpython-3.11.14-linux-x86_64-gnu/share/terminfo/n/nwp251-o	nwp513
/home/woa23c1ro/.local/share/uv/python/cpython-3.11.14-linux-x86_64-gnu/share/terminfo/n/nwp512-o	nwp512
/home/woa23c1ro/.local/share/uv/python/cpython-3.11.14-linux-x86_64-gnu/share/terminfo/n/nwp513-o	nwp513
/home/woa23c1ro/.local/share/uv/python/cpython-3.11.14-linux-x86_64-gnu/share/terminfo/n/nwp514	nwp512
/home/woa23c1ro/.local/share/uv/python/cpython-3.11.14-linux-x86_64-gnu/share/terminfo/n/nwp514-a	nwp512-a
/home/woa23c1ro/.local/share/uv/python/cpython-3.11.14-linux-x86_64-gnu/share/terminfo/n/nwp514-o	nwp512
/home/woa23c1ro/.local/share/uv/python/cpython-3.11.14-linux-x86_64-gnu/share/terminfo/n/nwp518	nwp513
/home/woa23c1ro/.local/share/uv/python/cpython-3.11.14-linux-x86_64-gnu/share/terminfo/n/nwp518-a	nwp513-a
/home/woa23c1ro/.local/share/uv/python/cpython-3.11.14-linux-x86_64-gnu/share/terminfo/n/nwp518-o	nwp513
/home/woa23c1ro/.local/share/uv/python/cpython-3.11.14-linux-x86_64-gnu/share/terminfo/n/nxterm	../x/xterm-color
/home/woa23c1ro/.local/share/uv/python/cpython-3.11.14-linux-x86_64-gnu/share/terminfo/o/o31	../a/adm31-old
/home/woa23c1ro/.local/share/uv/python/cpython-3.11.14-linux-x86_64-gnu/share/terminfo/o/o4112-nd	otek4112
/home/woa23c1ro/.local/share/uv/python/cpython-3.11.14-linux-x86_64-gnu/share/terminfo/o/o85h	../a/abm85h-old
/home/woa23c1ro/.local/share/uv/python/cpython-3.11.14-linux-x86_64-gnu/share/terminfo/o/oabm85h	../a/abm85h-old
/home/woa23c1ro/.local/share/uv/python/cpython-3.11.14-linux-x86_64-gnu/share/terminfo/o/oconcept	oc100
/home/woa23c1ro/.local/share/uv/python/cpython-3.11.14-linux-x86_64-gnu/share/terminfo/o/ojerq	oblit
/home/woa23c1ro/.local/share/uv/python/cpython-3.11.14-linux-x86_64-gnu/share/terminfo/o/old-st	../s/simpleterm
/home/woa23c1ro/.local/share/uv/python/cpython-3.11.14-linux-x86_64-gnu/share/terminfo/o/oldibmpc3	oldpc3
/home/woa23c1ro/.local/share/uv/python/cpython-3.11.14-linux-x86_64-gnu/share/terminfo/o/opennt	../i/interix
/home/woa23c1ro/.local/share/uv/python/cpython-3.11.14-linux-x86_64-gnu/share/terminfo/o/opennt-25	../i/interix
/home/woa23c1ro/.local/share/uv/python/cpython-3.11.14-linux-x86_64-gnu/share/terminfo/o/opennt-25-nti	../i/interix-nti
/home/woa23c1ro/.local/share/uv/python/cpython-3.11.14-linux-x86_64-gnu/share/terminfo/o/opennt-25-w	opennt-w
/home/woa23c1ro/.local/share/uv/python/cpython-3.11.14-linux-x86_64-gnu/share/terminfo/o/opennt-25-w-vt	opennt-w-vt
/home/woa23c1ro/.local/share/uv/python/cpython-3.11.14-linux-x86_64-gnu/share/terminfo/o/opennt-nti	../i/interix-nti
/home/woa23c1ro/.local/share/uv/python/cpython-3.11.14-linux-x86_64-gnu/share/terminfo/o/origibmpc3	origpc3
/home/woa23c1ro/.local/share/uv/python/cpython-3.11.14-linux-x86_64-gnu/share/terminfo/o/os9LII	../c/coco3
/home/woa23c1ro/.local/share/uv/python/cpython-3.11.14-linux-x86_64-gnu/share/terminfo/o/osborne1	osborne
/home/woa23c1ro/.local/share/uv/python/cpython-3.11.14-linux-x86_64-gnu/share/terminfo/o/osborne1-w	osborne-w
/home/woa23c1ro/.local/share/uv/python/cpython-3.11.14-linux-x86_64-gnu/share/terminfo/o/otek4113	otek4112
/home/woa23c1ro/.local/share/uv/python/cpython-3.11.14-linux-x86_64-gnu/share/terminfo/o/otek4114	otek4112
/home/woa23c1ro/.local/share/uv/python/cpython-3.11.14-linux-x86_64-gnu/share/terminfo/p/p12	prism12
/home/woa23c1ro/.local/share/uv/python/cpython-3.11.14-linux-x86_64-gnu/share/terminfo/p/p12-m	prism12-m
/home/woa23c1ro/.local/share/uv/python/cpython-3.11.14-linux-x86_64-gnu/share/terminfo/p/p12-m-w	prism12-m-w
/home/woa23c1ro/.local/share/uv/python/cpython-3.11.14-linux-x86_64-gnu/share/terminfo/p/p12-w	prism12-w
/home/woa23c1ro/.local/share/uv/python/cpython-3.11.14-linux-x86_64-gnu/share/terminfo/p/p14	prism14
/home/woa23c1ro/.local/share/uv/python/cpython-3.11.14-linux-x86_64-gnu/share/terminfo/p/p14-m	prism14-m
/home/woa23c1ro/.local/share/uv/python/cpython-3.11.14-linux-x86_64-gnu/share/terminfo/p/p14-m-w	prism14-m-w
/home/woa23c1ro/.local/share/uv/python/cpython-3.11.14-linux-x86_64-gnu/share/terminfo/p/p14-w	prism14-w
/home/woa23c1ro/.local/share/uv/python/cpython-3.11.14-linux-x86_64-gnu/share/terminfo/p/p4	prism4
/home/woa23c1ro/.local/share/uv/python/cpython-3.11.14-linux-x86_64-gnu/share/terminfo/p/p5	prism5
/home/woa23c1ro/.local/share/uv/python/cpython-3.11.14-linux-x86_64-gnu/share/terminfo/p/p7	prism7
/home/woa23c1ro/.local/share/uv/python/cpython-3.11.14-linux-x86_64-gnu/share/terminfo/p/p8	prism8
/home/woa23c1ro/.local/share/uv/python/cpython-3.11.14-linux-x86_64-gnu/share/terminfo/p/p8-w	prism8-w
/home/woa23c1ro/.local/share/uv/python/cpython-3.11.14-linux-x86_64-gnu/share/terminfo/p/p9	prism9
/home/woa23c1ro/.local/share/uv/python/cpython-3.11.14-linux-x86_64-gnu/share/terminfo/p/p9-8	prism9-8
/home/woa23c1ro/.local/share/uv/python/cpython-3.11.14-linux-x86_64-gnu/share/terminfo/p/p9-8-w	prism9-8-w
/home/woa23c1ro/.local/share/uv/python/cpython-3.11.14-linux-x86_64-gnu/share/terminfo/p/p9-w	prism9-w
/home/woa23c1ro/.local/share/uv/python/cpython-3.11.14-linux-x86_64-gnu/share/terminfo/p/pc3-bold	../i/ibmpc3
/home/woa23c1ro/.local/share/uv/python/cpython-3.11.14-linux-x86_64-gnu/share/terminfo/p/pc3r	../c/cons25r
/home/woa23c1ro/.local/share/uv/python/cpython-3.11.14-linux-x86_64-gnu/share/terminfo/p/pc3r-m	../c/cons25r-m
/home/woa23c1ro/.local/share/uv/python/cpython-3.11.14-linux-x86_64-gnu/share/terminfo/p/pc7300	../a/att7300
/home/woa23c1ro/.local/share/uv/python/cpython-3.11.14-linux-x86_64-gnu/share/terminfo/p/pcansi-mono	pcansi-m
/home/woa23c1ro/.local/share/uv/python/cpython-3.11.14-linux-x86_64-gnu/share/terminfo/p/pcansi25	pcansi-25
/home/woa23c1ro/.local/share/uv/python/cpython-3.11.14-linux-x86_64-gnu/share/terminfo/p/pcansi25m	pcansi-25-m
/home/woa23c1ro/.local/share/uv/python/cpython-3.11.14-linux-x86_64-gnu/share/terminfo/p/pcansi33	pcansi-33
/home/woa23c1ro/.local/share/uv/python/cpython-3.11.14-linux-x86_64-gnu/share/terminfo/p/pcansi33m	pcansi-33-m
/home/woa23c1ro/.local/share/uv/python/cpython-3.11.14-linux-x86_64-gnu/share/terminfo/p/pcansi43	pcansi-43
/home/woa23c1ro/.local/share/uv/python/cpython-3.11.14-linux-x86_64-gnu/share/terminfo/p/pcconsole	pccons
/home/woa23c1ro/.local/share/uv/python/cpython-3.11.14-linux-x86_64-gnu/share/terminfo/p/pckermit12	pckermit
/home/woa23c1ro/.local/share/uv/python/cpython-3.11.14-linux-x86_64-gnu/share/terminfo/p/pcz19	pc-coherent
/home/woa23c1ro/.local/share/uv/python/cpython-3.11.14-linux-x86_64-gnu/share/terminfo/p/pe1100	../f/fox
/home/woa23c1ro/.local/share/uv/python/cpython-3.11.14-linux-x86_64-gnu/share/terminfo/p/pe1200	../o/owl
/home/woa23c1ro/.local/share/uv/python/cpython-3.11.14-linux-x86_64-gnu/share/terminfo/p/pe550	../b/bantam
/home/woa23c1ro/.local/share/uv/python/cpython-3.11.14-linux-x86_64-gnu/share/terminfo/p/pe6100	../b/bantam
/home/woa23c1ro/.local/share/uv/python/cpython-3.11.14-linux-x86_64-gnu/share/terminfo/p/pe6300	pe1251
/home/woa23c1ro/.local/share/uv/python/cpython-3.11.14-linux-x86_64-gnu/share/terminfo/p/pe6312	pe1251
/home/woa23c1ro/.local/share/uv/python/cpython-3.11.14-linux-x86_64-gnu/share/terminfo/p/pmconsole	pmcons
/home/woa23c1ro/.local/share/uv/python/cpython-3.11.14-linux-x86_64-gnu/share/terminfo/p/printer	../l/lpr
/home/woa23c1ro/.local/share/uv/python/cpython-3.11.14-linux-x86_64-gnu/share/terminfo/p/prism8gl	p8gl
/home/woa23c1ro/.local/share/uv/python/cpython-3.11.14-linux-x86_64-gnu/share/terminfo/p/psterm-basic	psterm
/home/woa23c1ro/.local/share/uv/python/cpython-3.11.14-linux-x86_64-gnu/share/terminfo/p/psx_ansi	../a/ansi-nt
/home/woa23c1ro/.local/share/uv/python/cpython-3.11.14-linux-x86_64-gnu/share/terminfo/p/pt200	pt100
/home/woa23c1ro/.local/share/uv/python/cpython-3.11.14-linux-x86_64-gnu/share/terminfo/p/pt200w	pt100w
/home/woa23c1ro/.local/share/uv/python/cpython-3.11.14-linux-x86_64-gnu/share/terminfo/p/pt505	../a/att505
/home/woa23c1ro/.local/share/uv/python/cpython-3.11.14-linux-x86_64-gnu/share/terminfo/p/pt505-22	../a/att505-22
/home/woa23c1ro/.local/share/uv/python/cpython-3.11.14-linux-x86_64-gnu/share/terminfo/p/pt505-24	../a/att505-24
/home/woa23c1ro/.local/share/uv/python/cpython-3.11.14-linux-x86_64-gnu/share/terminfo/q/qdcons	qdss
/home/woa23c1ro/.local/share/uv/python/cpython-3.11.14-linux-x86_64-gnu/share/terminfo/q/qnx4	qnx
/home/woa23c1ro/.local/share/uv/python/cpython-3.11.14-linux-x86_64-gnu/share/terminfo/q/qnxt4	qnxt
/home/woa23c1ro/.local/share/uv/python/cpython-3.11.14-linux-x86_64-gnu/share/terminfo/q/qume	qume5
/home/woa23c1ro/.local/share/uv/python/cpython-3.11.14-linux-x86_64-gnu/share/terminfo/q/qvt101p	qvt101+
/home/woa23c1ro/.local/share/uv/python/cpython-3.11.14-linux-x86_64-gnu/share/terminfo/q/qvt108	qvt101
/home/woa23c1ro/.local/share/uv/python/cpython-3.11.14-linux-x86_64-gnu/share/terminfo/q/qvt119	qvt119+
/home/woa23c1ro/.local/share/uv/python/cpython-3.11.14-linux-x86_64-gnu/share/terminfo/q/qvt119-25-w	qvt119+-25-w
/home/woa23c1ro/.local/share/uv/python/cpython-3.11.14-linux-x86_64-gnu/share/terminfo/q/qvt119-w	qvt119+-w
/home/woa23c1ro/.local/share/uv/python/cpython-3.11.14-linux-x86_64-gnu/share/terminfo/q/qvt119p	qvt119+
/home/woa23c1ro/.local/share/uv/python/cpython-3.11.14-linux-x86_64-gnu/share/terminfo/q/qvt119p-25	qvt119+-25
/home/woa23c1ro/.local/share/uv/python/cpython-3.11.14-linux-x86_64-gnu/share/terminfo/q/qvt119p-25-w	qvt119+-25-w
/home/woa23c1ro/.local/share/uv/python/cpython-3.11.14-linux-x86_64-gnu/share/terminfo/q/qvt119p-w	qvt119+-w
/home/woa23c1ro/.local/share/uv/python/cpython-3.11.14-linux-x86_64-gnu/share/terminfo/q/qvt203+	qvt203
/home/woa23c1ro/.local/share/uv/python/cpython-3.11.14-linux-x86_64-gnu/share/terminfo/q/qvt203-w-am	qvt203-w
/home/woa23c1ro/.local/share/uv/python/cpython-3.11.14-linux-x86_64-gnu/share/terminfo/r/rebus3180	../d/ddr
/home/woa23c1ro/.local/share/uv/python/cpython-3.11.14-linux-x86_64-gnu/share/terminfo/r/regent200	regent60
/home/woa23c1ro/.local/share/uv/python/cpython-3.11.14-linux-x86_64-gnu/share/terminfo/r/rxvt-color	rxvt
/home/woa23c1ro/.local/share/uv/python/cpython-3.11.14-linux-x86_64-gnu/share/terminfo/s/s4	../a/att7300
/home/woa23c1ro/.local/share/uv/python/cpython-3.11.14-linux-x86_64-gnu/share/terminfo/s/sb3	sb2
/home/woa23c1ro/.local/share/uv/python/cpython-3.11.14-linux-x86_64-gnu/share/terminfo/s/sbobcat	../b/bobcat
/home/woa23c1ro/.local/share/uv/python/cpython-3.11.14-linux-x86_64-gnu/share/terminfo/s/sc410	scanset
/home/woa23c1ro/.local/share/uv/python/cpython-3.11.14-linux-x86_64-gnu/share/terminfo/s/sc415	scanset
/home/woa23c1ro/.local/share/uv/python/cpython-3.11.14-linux-x86_64-gnu/share/terminfo/s/screen.linux-s	screen.linux
/home/woa23c1ro/.local/share/uv/python/cpython-3.11.14-linux-x86_64-gnu/share/terminfo/s/screen.minitel12-80	screen.minitel1b-80
/home/woa23c1ro/.local/share/uv/python/cpython-3.11.14-linux-x86_64-gnu/share/terminfo/s/screen.minitel2-80	screen.minitel1b-80
/home/woa23c1ro/.local/share/uv/python/cpython-3.11.14-linux-x86_64-gnu/share/terminfo/s/screen.xterm-new	screen.xterm-xfree86
/home/woa23c1ro/.local/share/uv/python/cpython-3.11.14-linux-x86_64-gnu/share/terminfo/s/securecrt	scrt
/home/woa23c1ro/.local/share/uv/python/cpython-3.11.14-linux-x86_64-gnu/share/terminfo/s/soroc	soroc120
/home/woa23c1ro/.local/share/uv/python/cpython-3.11.14-linux-x86_64-gnu/share/terminfo/s/spinwriter	../n/nec5520
/home/woa23c1ro/.local/share/uv/python/cpython-3.11.14-linux-x86_64-gnu/share/terminfo/s/st52-m	st52
/home/woa23c1ro/.local/share/uv/python/cpython-3.11.14-linux-x86_64-gnu/share/terminfo/s/stterm	st
/home/woa23c1ro/.local/share/uv/python/cpython-3.11.14-linux-x86_64-gnu/share/terminfo/s/stterm-16color	st-16color
/home/woa23c1ro/.local/share/uv/python/cpython-3.11.14-linux-x86_64-gnu/share/terminfo/s/stterm-256color	st-256color
/home/woa23c1ro/.local/share/uv/python/cpython-3.11.14-linux-x86_64-gnu/share/terminfo/s/sun-cmd	sun-c
/home/woa23c1ro/.local/share/uv/python/cpython-3.11.14-linux-x86_64-gnu/share/terminfo/s/sun-nic	sun-e
/home/woa23c1ro/.local/share/uv/python/cpython-3.11.14-linux-x86_64-gnu/share/terminfo/s/sun-s-e	sun-e-s
/home/woa23c1ro/.local/share/uv/python/cpython-3.11.14-linux-x86_64-gnu/share/terminfo/s/sun-ss5	sun-cgsix
/home/woa23c1ro/.local/share/uv/python/cpython-3.11.14-linux-x86_64-gnu/share/terminfo/s/sun1	sun
/home/woa23c1ro/.local/share/uv/python/cpython-3.11.14-linux-x86_64-gnu/share/terminfo/s/sun2	sun
/home/woa23c1ro/.local/share/uv/python/cpython-3.11.14-linux-x86_64-gnu/share/terminfo/s/sune	sun-e
/home/woa23c1ro/.local/share/uv/python/cpython-3.11.14-linux-x86_64-gnu/share/terminfo/s/superbee	sbi
/home/woa23c1ro/.local/share/uv/python/cpython-3.11.14-linux-x86_64-gnu/share/terminfo/s/sv80	../a/att2300
/home/woa23c1ro/.local/share/uv/python/cpython-3.11.14-linux-x86_64-gnu/share/terminfo/s/synertek380	synertek
/home/woa23c1ro/.local/share/uv/python/cpython-3.11.14-linux-x86_64-gnu/share/terminfo/s/system1	../i/ibm-system1
/home/woa23c1ro/.local/share/uv/python/cpython-3.11.14-linux-x86_64-gnu/share/terminfo/t/t653x	tandem653
/home/woa23c1ro/.local/share/uv/python/cpython-3.11.14-linux-x86_64-gnu/share/terminfo/t/tab	tab132
/home/woa23c1ro/.local/share/uv/python/cpython-3.11.14-linux-x86_64-gnu/share/terminfo/t/tab132-15	tab132
/home/woa23c1ro/.local/share/uv/python/cpython-3.11.14-linux-x86_64-gnu/share/terminfo/t/tek4012	tek
/home/woa23c1ro/.local/share/uv/python/cpython-3.11.14-linux-x86_64-gnu/share/terminfo/t/tek4025	tek4024
/home/woa23c1ro/.local/share/uv/python/cpython-3.11.14-linux-x86_64-gnu/share/terminfo/t/tek4027	tek4024
/home/woa23c1ro/.local/share/uv/python/cpython-3.11.14-linux-x86_64-gnu/share/terminfo/t/tek4027-ex	tek4025-ex
/home/woa23c1ro/.local/share/uv/python/cpython-3.11.14-linux-x86_64-gnu/share/terminfo/t/tek4107brl	tek4106brl
/home/woa23c1ro/.local/share/uv/python/cpython-3.11.14-linux-x86_64-gnu/share/terminfo/t/tek4109	tek4107
/home/woa23c1ro/.local/share/uv/python/cpython-3.11.14-linux-x86_64-gnu/share/terminfo/t/tek4109brl	tek4106brl
/home/woa23c1ro/.local/share/uv/python/cpython-3.11.14-linux-x86_64-gnu/share/terminfo/t/tek4114	tek4112
/home/woa23c1ro/.local/share/uv/python/cpython-3.11.14-linux-x86_64-gnu/share/terminfo/t/teken-vt	teken
/home/woa23c1ro/.local/share/uv/python/cpython-3.11.14-linux-x86_64-gnu/share/terminfo/t/teleray	t1061
/home/woa23c1ro/.local/share/uv/python/cpython-3.11.14-linux-x86_64-gnu/share/terminfo/t/terminet	terminet1200
/home/woa23c1ro/.local/share/uv/python/cpython-3.11.14-linux-x86_64-gnu/share/terminfo/t/terminet300	terminet1200
/home/woa23c1ro/.local/share/uv/python/cpython-3.11.14-linux-x86_64-gnu/share/terminfo/t/tgtelnet	../p/pilot
/home/woa23c1ro/.local/share/uv/python/cpython-3.11.14-linux-x86_64-gnu/share/terminfo/t/ti707	ti703
/home/woa23c1ro/.local/share/uv/python/cpython-3.11.14-linux-x86_64-gnu/share/terminfo/t/ti707-w	ti703-w
/home/woa23c1ro/.local/share/uv/python/cpython-3.11.14-linux-x86_64-gnu/share/terminfo/t/ti733	ti700
/home/woa23c1ro/.local/share/uv/python/cpython-3.11.14-linux-x86_64-gnu/share/terminfo/t/ti735	ti700
/home/woa23c1ro/.local/share/uv/python/cpython-3.11.14-linux-x86_64-gnu/share/terminfo/t/ti745	ti700
/home/woa23c1ro/.local/share/uv/python/cpython-3.11.14-linux-x86_64-gnu/share/terminfo/t/ti800	ti700
/home/woa23c1ro/.local/share/uv/python/cpython-3.11.14-linux-x86_64-gnu/share/terminfo/t/ti916-220-7	ti916
/home/woa23c1ro/.local/share/uv/python/cpython-3.11.14-linux-x86_64-gnu/share/terminfo/t/ti916-220-8	ti916-8
/home/woa23c1ro/.local/share/uv/python/cpython-3.11.14-linux-x86_64-gnu/share/terminfo/t/tkterm	tt
/home/woa23c1ro/.local/share/uv/python/cpython-3.11.14-linux-x86_64-gnu/share/terminfo/t/tn1200	terminet1200
/home/woa23c1ro/.local/share/uv/python/cpython-3.11.14-linux-x86_64-gnu/share/terminfo/t/tn300	terminet1200
/home/woa23c1ro/.local/share/uv/python/cpython-3.11.14-linux-x86_64-gnu/share/terminfo/t/trs80II	trs2
/home/woa23c1ro/.local/share/uv/python/cpython-3.11.14-linux-x86_64-gnu/share/terminfo/t/trsII	trs2
/home/woa23c1ro/.local/share/uv/python/cpython-3.11.14-linux-x86_64-gnu/share/terminfo/t/ts-1	../f/falco
/home/woa23c1ro/.local/share/uv/python/cpython-3.11.14-linux-x86_64-gnu/share/terminfo/t/ts-1p	../f/falco-p
/home/woa23c1ro/.local/share/uv/python/cpython-3.11.14-linux-x86_64-gnu/share/terminfo/t/ts1	../f/falco
/home/woa23c1ro/.local/share/uv/python/cpython-3.11.14-linux-x86_64-gnu/share/terminfo/t/ts100-sp	ts100
/home/woa23c1ro/.local/share/uv/python/cpython-3.11.14-linux-x86_64-gnu/share/terminfo/t/ts1p	../f/falco-p
/home/woa23c1ro/.local/share/uv/python/cpython-3.11.14-linux-x86_64-gnu/share/terminfo/t/tty35	tty33
/home/woa23c1ro/.local/share/uv/python/cpython-3.11.14-linux-x86_64-gnu/share/terminfo/t/tty4420	../a/att4420
/home/woa23c1ro/.local/share/uv/python/cpython-3.11.14-linux-x86_64-gnu/share/terminfo/t/tty4424	../a/att4424
/home/woa23c1ro/.local/share/uv/python/cpython-3.11.14-linux-x86_64-gnu/share/terminfo/t/tty4424-1	../a/att4424-1
/home/woa23c1ro/.local/share/uv/python/cpython-3.11.14-linux-x86_64-gnu/share/terminfo/t/tty4424m	../a/att4424m
/home/woa23c1ro/.local/share/uv/python/cpython-3.11.14-linux-x86_64-gnu/share/terminfo/t/tty4426	../a/att4426
/home/woa23c1ro/.local/share/uv/python/cpython-3.11.14-linux-x86_64-gnu/share/terminfo/t/tty5410	../a/att4410
/home/woa23c1ro/.local/share/uv/python/cpython-3.11.14-linux-x86_64-gnu/share/terminfo/t/tty5410-w	../a/att5410-w
/home/woa23c1ro/.local/share/uv/python/cpython-3.11.14-linux-x86_64-gnu/share/terminfo/t/tty5410v1	../a/att5410v1
/home/woa23c1ro/.local/share/uv/python/cpython-3.11.14-linux-x86_64-gnu/share/terminfo/t/tty5410v1-w	../a/att4410v1-w
/home/woa23c1ro/.local/share/uv/python/cpython-3.11.14-linux-x86_64-gnu/share/terminfo/t/tty5420	../a/att4415
/home/woa23c1ro/.local/share/uv/python/cpython-3.11.14-linux-x86_64-gnu/share/terminfo/t/tty5420+nl	../a/att4415+nl
/home/woa23c1ro/.local/share/uv/python/cpython-3.11.14-linux-x86_64-gnu/share/terminfo/t/tty5420-nl	../a/att4415-nl
/home/woa23c1ro/.local/share/uv/python/cpython-3.11.14-linux-x86_64-gnu/share/terminfo/t/tty5420-rv	../a/att4415-rv
/home/woa23c1ro/.local/share/uv/python/cpython-3.11.14-linux-x86_64-gnu/share/terminfo/t/tty5420-rv-nl	../a/att4415-rv-nl
/home/woa23c1ro/.local/share/uv/python/cpython-3.11.14-linux-x86_64-gnu/share/terminfo/t/tty5420-w	../a/att4415-w
/home/woa23c1ro/.local/share/uv/python/cpython-3.11.14-linux-x86_64-gnu/share/terminfo/t/tty5420-w-nl	../a/att4415-w-nl
/home/woa23c1ro/.local/share/uv/python/cpython-3.11.14-linux-x86_64-gnu/share/terminfo/t/tty5420-w-rv	../a/att4415-w-rv
/home/woa23c1ro/.local/share/uv/python/cpython-3.11.14-linux-x86_64-gnu/share/terminfo/t/tty5420-w-rv-n	../a/att4415-w-rv-n
/home/woa23c1ro/.local/share/uv/python/cpython-3.11.14-linux-x86_64-gnu/share/terminfo/t/tty5425	../a/att5425
/home/woa23c1ro/.local/share/uv/python/cpython-3.11.14-linux-x86_64-gnu/share/terminfo/t/tty5425-nl	../a/att5425-nl
/home/woa23c1ro/.local/share/uv/python/cpython-3.11.14-linux-x86_64-gnu/share/terminfo/t/tty5425-w	../a/att5425-w
/home/woa23c1ro/.local/share/uv/python/cpython-3.11.14-linux-x86_64-gnu/share/terminfo/t/tty5620	../a/att5620
/home/woa23c1ro/.local/share/uv/python/cpython-3.11.14-linux-x86_64-gnu/share/terminfo/t/tty5620-1	../a/att5620-1
/home/woa23c1ro/.local/share/uv/python/cpython-3.11.14-linux-x86_64-gnu/share/terminfo/t/tty5620-24	../a/att5620-24
/home/woa23c1ro/.local/share/uv/python/cpython-3.11.14-linux-x86_64-gnu/share/terminfo/t/tty5620-34	../a/att5620-34
/home/woa23c1ro/.local/share/uv/python/cpython-3.11.14-linux-x86_64-gnu/share/terminfo/t/tty5620-s	../a/att5620-s
/home/woa23c1ro/.local/share/uv/python/cpython-3.11.14-linux-x86_64-gnu/share/terminfo/t/ttydmd	../a/att5620
/home/woa23c1ro/.local/share/uv/python/cpython-3.11.14-linux-x86_64-gnu/share/terminfo/t/tvi912b-mc-2p	tvi912b-2p-mc
/home/woa23c1ro/.local/share/uv/python/cpython-3.11.14-linux-x86_64-gnu/share/terminfo/t/tvi912b-mc-vb	tvi912b-vb-mc
/home/woa23c1ro/.local/share/uv/python/cpython-3.11.14-linux-x86_64-gnu/share/terminfo/t/tvi912b-p-2p	tvi912b-2p-p
/home/woa23c1ro/.local/share/uv/python/cpython-3.11.14-linux-x86_64-gnu/share/terminfo/t/tvi912b-p-vb	tvi912b-vb-p
/home/woa23c1ro/.local/share/uv/python/cpython-3.11.14-linux-x86_64-gnu/share/terminfo/t/tvi912b-unk-2p	tvi912b-2p-unk
/home/woa23c1ro/.local/share/uv/python/cpython-3.11.14-linux-x86_64-gnu/share/terminfo/t/tvi912b-unk-vb	tvi912b-vb-unk
/home/woa23c1ro/.local/share/uv/python/cpython-3.11.14-linux-x86_64-gnu/share/terminfo/t/tvi912c	tvi912b
/home/woa23c1ro/.local/share/uv/python/cpython-3.11.14-linux-x86_64-gnu/share/terminfo/t/tvi912c-2p	tvi912b-2p
/home/woa23c1ro/.local/share/uv/python/cpython-3.11.14-linux-x86_64-gnu/share/terminfo/t/tvi912c-2p-mc	tvi912b-2p-mc
/home/woa23c1ro/.local/share/uv/python/cpython-3.11.14-linux-x86_64-gnu/share/terminfo/t/tvi912c-2p-p	tvi912b-2p-p
/home/woa23c1ro/.local/share/uv/python/cpython-3.11.14-linux-x86_64-gnu/share/terminfo/t/tvi912c-2p-unk	tvi912b-2p-unk
/home/woa23c1ro/.local/share/uv/python/cpython-3.11.14-linux-x86_64-gnu/share/terminfo/t/tvi912c-mc	tvi912b-mc
/home/woa23c1ro/.local/share/uv/python/cpython-3.11.14-linux-x86_64-gnu/share/terminfo/t/tvi912c-mc-2p	tvi912b-2p-mc
/home/woa23c1ro/.local/share/uv/python/cpython-3.11.14-linux-x86_64-gnu/share/terminfo/t/tvi912c-mc-vb	tvi912b-vb-mc
/home/woa23c1ro/.local/share/uv/python/cpython-3.11.14-linux-x86_64-gnu/share/terminfo/t/tvi912c-p	tvi912b-p
/home/woa23c1ro/.local/share/uv/python/cpython-3.11.14-linux-x86_64-gnu/share/terminfo/t/tvi912c-p-2p	tvi912b-2p-p
/home/woa23c1ro/.local/share/uv/python/cpython-3.11.14-linux-x86_64-gnu/share/terminfo/t/tvi912c-p-vb	tvi912b-vb-p
/home/woa23c1ro/.local/share/uv/python/cpython-3.11.14-linux-x86_64-gnu/share/terminfo/t/tvi912c-unk	tvi912b-unk
/home/woa23c1ro/.local/share/uv/python/cpython-3.11.14-linux-x86_64-gnu/share/terminfo/t/tvi912c-unk-2p	tvi912b-2p-unk
/home/woa23c1ro/.local/share/uv/python/cpython-3.11.14-linux-x86_64-gnu/share/terminfo/t/tvi912c-unk-vb	tvi912b-vb-unk
/home/woa23c1ro/.local/share/uv/python/cpython-3.11.14-linux-x86_64-gnu/share/terminfo/t/tvi912c-vb	tvi912b-vb
/home/woa23c1ro/.local/share/uv/python/cpython-3.11.14-linux-x86_64-gnu/share/terminfo/t/tvi912c-vb-mc	tvi912b-vb-mc
/home/woa23c1ro/.local/share/uv/python/cpython-3.11.14-linux-x86_64-gnu/share/terminfo/t/tvi912c-vb-p	tvi912b-vb-p
/home/woa23c1ro/.local/share/uv/python/cpython-3.11.14-linux-x86_64-gnu/share/terminfo/t/tvi912c-vb-unk	tvi912b-vb-unk
/home/woa23c1ro/.local/share/uv/python/cpython-3.11.14-linux-x86_64-gnu/share/terminfo/t/tvi914	tvi912
/home/woa23c1ro/.local/share/uv/python/cpython-3.11.14-linux-x86_64-gnu/share/terminfo/t/tvi920	tvi912
/home/woa23c1ro/.local/share/uv/python/cpython-3.11.14-linux-x86_64-gnu/share/terminfo/t/tvi920b-mc-2p	tvi920b-2p-mc
/home/woa23c1ro/.local/share/uv/python/cpython-3.11.14-linux-x86_64-gnu/share/terminfo/t/tvi920b-mc-vb	tvi920b-vb-mc
/home/woa23c1ro/.local/share/uv/python/cpython-3.11.14-linux-x86_64-gnu/share/terminfo/t/tvi920b-p-2p	tvi920b-2p-p
/home/woa23c1ro/.local/share/uv/python/cpython-3.11.14-linux-x86_64-gnu/share/terminfo/t/tvi920b-p-vb	tvi920b-vb-p
/home/woa23c1ro/.local/share/uv/python/cpython-3.11.14-linux-x86_64-gnu/share/terminfo/t/tvi920b-unk-2p	tvi920b-2p-unk
/home/woa23c1ro/.local/share/uv/python/cpython-3.11.14-linux-x86_64-gnu/share/terminfo/t/tvi920b-unk-vb	tvi920b-vb-unk
/home/woa23c1ro/.local/share/uv/python/cpython-3.11.14-linux-x86_64-gnu/share/terminfo/t/tvi920c	tvi920b
/home/woa23c1ro/.local/share/uv/python/cpython-3.11.14-linux-x86_64-gnu/share/terminfo/t/tvi920c-2p	tvi920b-2p
/home/woa23c1ro/.local/share/uv/python/cpython-3.11.14-linux-x86_64-gnu/share/terminfo/t/tvi920c-2p-mc	tvi920b-2p-mc
/home/woa23c1ro/.local/share/uv/python/cpython-3.11.14-linux-x86_64-gnu/share/terminfo/t/tvi920c-2p-p	tvi920b-2p-p
/home/woa23c1ro/.local/share/uv/python/cpython-3.11.14-linux-x86_64-gnu/share/terminfo/t/tvi920c-2p-unk	tvi920b-2p-unk
/home/woa23c1ro/.local/share/uv/python/cpython-3.11.14-linux-x86_64-gnu/share/terminfo/t/tvi920c-mc	tvi920b-mc
/home/woa23c1ro/.local/share/uv/python/cpython-3.11.14-linux-x86_64-gnu/share/terminfo/t/tvi920c-mc-2p	tvi920b-2p-mc
/home/woa23c1ro/.local/share/uv/python/cpython-3.11.14-linux-x86_64-gnu/share/terminfo/t/tvi920c-mc-vb	tvi920b-vb-mc
/home/woa23c1ro/.local/share/uv/python/cpython-3.11.14-linux-x86_64-gnu/share/terminfo/t/tvi920c-p	tvi920b-p
/home/woa23c1ro/.local/share/uv/python/cpython-3.11.14-linux-x86_64-gnu/share/terminfo/t/tvi920c-p-2p	tvi920b-2p-p
/home/woa23c1ro/.local/share/uv/python/cpython-3.11.14-linux-x86_64-gnu/share/terminfo/t/tvi920c-p-vb	tvi920b-vb-p
/home/woa23c1ro/.local/share/uv/python/cpython-3.11.14-linux-x86_64-gnu/share/terminfo/t/tvi920c-unk	tvi920b-unk
/home/woa23c1ro/.local/share/uv/python/cpython-3.11.14-linux-x86_64-gnu/share/terminfo/t/tvi920c-unk-2p	tvi920b-2p-unk
/home/woa23c1ro/.local/share/uv/python/cpython-3.11.14-linux-x86_64-gnu/share/terminfo/t/tvi920c-unk-vb	tvi920b-vb-unk
/home/woa23c1ro/.local/share/uv/python/cpython-3.11.14-linux-x86_64-gnu/share/terminfo/t/tvi920c-vb	tvi920b-vb
/home/woa23c1ro/.local/share/uv/python/cpython-3.11.14-linux-x86_64-gnu/share/terminfo/t/tvi920c-vb-mc	tvi920b-vb-mc
/home/woa23c1ro/.local/share/uv/python/cpython-3.11.14-linux-x86_64-gnu/share/terminfo/t/tvi920c-vb-p	tvi920b-vb-p
/home/woa23c1ro/.local/share/uv/python/cpython-3.11.14-linux-x86_64-gnu/share/terminfo/t/tvi920c-vb-unk	tvi920b-vb-unk
/home/woa23c1ro/.local/share/uv/python/cpython-3.11.14-linux-x86_64-gnu/share/terminfo/t/tw52-color	tw52
/home/woa23c1ro/.local/share/uv/python/cpython-3.11.14-linux-x86_64-gnu/share/terminfo/u/ultima2	../i/ims-ansi
/home/woa23c1ro/.local/share/uv/python/cpython-3.11.14-linux-x86_64-gnu/share/terminfo/u/ultimaII	../i/ims-ansi
/home/woa23c1ro/.local/share/uv/python/cpython-3.11.14-linux-x86_64-gnu/share/terminfo/u/uniterm49	uniterm
/home/woa23c1ro/.local/share/uv/python/cpython-3.11.14-linux-x86_64-gnu/share/terminfo/u/unixpc	../a/att7300
/home/woa23c1ro/.local/share/uv/python/cpython-3.11.14-linux-x86_64-gnu/share/terminfo/v/v200-nam	vt220-nam
/home/woa23c1ro/.local/share/uv/python/cpython-3.11.14-linux-x86_64-gnu/share/terminfo/v/v320n	vt320nam
/home/woa23c1ro/.local/share/uv/python/cpython-3.11.14-linux-x86_64-gnu/share/terminfo/v/vapple	../a/apple-videx3
/home/woa23c1ro/.local/share/uv/python/cpython-3.11.14-linux-x86_64-gnu/share/terminfo/v/vc103	vc303
/home/woa23c1ro/.local/share/uv/python/cpython-3.11.14-linux-x86_64-gnu/share/terminfo/v/vc203	vc303
/home/woa23c1ro/.local/share/uv/python/cpython-3.11.14-linux-x86_64-gnu/share/terminfo/v/vc403a	vc303a
/home/woa23c1ro/.local/share/uv/python/cpython-3.11.14-linux-x86_64-gnu/share/terminfo/v/vc414h	vc414
/home/woa23c1ro/.local/share/uv/python/cpython-3.11.14-linux-x86_64-gnu/share/terminfo/v/venix	../p/pc-venix
/home/woa23c1ro/.local/share/uv/python/cpython-3.11.14-linux-x86_64-gnu/share/terminfo/v/viewpoint3a+	vp3a+
/home/woa23c1ro/.local/share/uv/python/cpython-3.11.14-linux-x86_64-gnu/share/terminfo/v/viewpoint60	vp60
/home/woa23c1ro/.local/share/uv/python/cpython-3.11.14-linux-x86_64-gnu/share/terminfo/v/viewpoint90	vp90
/home/woa23c1ro/.local/share/uv/python/cpython-3.11.14-linux-x86_64-gnu/share/terminfo/v/vip7800-H	vip-H
/home/woa23c1ro/.local/share/uv/python/cpython-3.11.14-linux-x86_64-gnu/share/terminfo/v/vip7800-Hw	vip-Hw
/home/woa23c1ro/.local/share/uv/python/cpython-3.11.14-linux-x86_64-gnu/share/terminfo/v/vip7800-w	vip-w
/home/woa23c1ro/.local/share/uv/python/cpython-3.11.14-linux-x86_64-gnu/share/terminfo/v/visual603	vi603
/home/woa23c1ro/.local/share/uv/python/cpython-3.11.14-linux-x86_64-gnu/share/terminfo/v/vitty	../a/att5620-s
/home/woa23c1ro/.local/share/uv/python/cpython-3.11.14-linux-x86_64-gnu/share/terminfo/v/vk100	../g/gigi
/home/woa23c1ro/.local/share/uv/python/cpython-3.11.14-linux-x86_64-gnu/share/terminfo/v/vs100	../x/xterm-24
/home/woa23c1ro/.local/share/uv/python/cpython-3.11.14-linux-x86_64-gnu/share/terminfo/v/vs100-x10	../x/x10term
/home/woa23c1ro/.local/share/uv/python/cpython-3.11.14-linux-x86_64-gnu/share/terminfo/v/vt-61	vt61
/home/woa23c1ro/.local/share/uv/python/cpython-3.11.14-linux-x86_64-gnu/share/terminfo/v/vt-utf8	../m/ms-vt-utf8
/home/woa23c1ro/.local/share/uv/python/cpython-3.11.14-linux-x86_64-gnu/share/terminfo/v/vt100+	../m/ms-vt100+
/home/woa23c1ro/.local/share/uv/python/cpython-3.11.14-linux-x86_64-gnu/share/terminfo/v/vt100-am	vt100
/home/woa23c1ro/.local/share/uv/python/cpython-3.11.14-linux-x86_64-gnu/share/terminfo/v/vt100-bm	../n/nwp512
/home/woa23c1ro/.local/share/uv/python/cpython-3.11.14-linux-x86_64-gnu/share/terminfo/v/vt100-bm-o	../n/nwp512
/home/woa23c1ro/.local/share/uv/python/cpython-3.11.14-linux-x86_64-gnu/share/terminfo/v/vt100-bot-s	vt100-s-bot
/home/woa23c1ro/.local/share/uv/python/cpython-3.11.14-linux-x86_64-gnu/share/terminfo/v/vt100-nam	vt100nam
/home/woa23c1ro/.local/share/uv/python/cpython-3.11.14-linux-x86_64-gnu/share/terminfo/v/vt100-nam-w	vt100-w-nam
/home/woa23c1ro/.local/share/uv/python/cpython-3.11.14-linux-x86_64-gnu/share/terminfo/v/vt100-s-top	vt100-s
/home/woa23c1ro/.local/share/uv/python/cpython-3.11.14-linux-x86_64-gnu/share/terminfo/v/vt100-top-s	vt100-s
/home/woa23c1ro/.local/share/uv/python/cpython-3.11.14-linux-x86_64-gnu/share/terminfo/v/vt100-w-am	vt100-w
/home/woa23c1ro/.local/share/uv/python/cpython-3.11.14-linux-x86_64-gnu/share/terminfo/v/vt100-w-nav	vt100-nav-w
/home/woa23c1ro/.local/share/uv/python/cpython-3.11.14-linux-x86_64-gnu/share/terminfo/v/vt200	vt220
/home/woa23c1ro/.local/share/uv/python/cpython-3.11.14-linux-x86_64-gnu/share/terminfo/v/vt200-8	vt220-8bit
/home/woa23c1ro/.local/share/uv/python/cpython-3.11.14-linux-x86_64-gnu/share/terminfo/v/vt200-8bit	vt220-8bit
/home/woa23c1ro/.local/share/uv/python/cpython-3.11.14-linux-x86_64-gnu/share/terminfo/v/vt200-old	vt220-old
/home/woa23c1ro/.local/share/uv/python/cpython-3.11.14-linux-x86_64-gnu/share/terminfo/v/vt200-w	vt220-w
/home/woa23c1ro/.local/share/uv/python/cpython-3.11.14-linux-x86_64-gnu/share/terminfo/v/vt220-8	vt220-8bit
/home/woa23c1ro/.local/share/uv/python/cpython-3.11.14-linux-x86_64-gnu/share/terminfo/v/vt220-js	vt200-js
/home/woa23c1ro/.local/share/uv/python/cpython-3.11.14-linux-x86_64-gnu/share/terminfo/v/vt300	vt320
/home/woa23c1ro/.local/share/uv/python/cpython-3.11.14-linux-x86_64-gnu/share/terminfo/v/vt300-nam	vt320-nam
/home/woa23c1ro/.local/share/uv/python/cpython-3.11.14-linux-x86_64-gnu/share/terminfo/v/vt300-w	vt320-w
/home/woa23c1ro/.local/share/uv/python/cpython-3.11.14-linux-x86_64-gnu/share/terminfo/v/vt300-w-nam	vt320-w-nam
/home/woa23c1ro/.local/share/uv/python/cpython-3.11.14-linux-x86_64-gnu/share/terminfo/v/vt330	vt340
/home/woa23c1ro/.local/share/uv/python/cpython-3.11.14-linux-x86_64-gnu/share/terminfo/v/vt400-24	vt400
/home/woa23c1ro/.local/share/uv/python/cpython-3.11.14-linux-x86_64-gnu/share/terminfo/v/vt61.5	vt61
/home/woa23c1ro/.local/share/uv/python/cpython-3.11.14-linux-x86_64-gnu/share/terminfo/v/vtnt	../m/ms-vt100-color
/home/woa23c1ro/.local/share/uv/python/cpython-3.11.14-linux-x86_64-gnu/share/terminfo/v/vv100	../m/mvterm
/home/woa23c1ro/.local/share/uv/python/cpython-3.11.14-linux-x86_64-gnu/share/terminfo/w/wren	../p/pt100
/home/woa23c1ro/.local/share/uv/python/cpython-3.11.14-linux-x86_64-gnu/share/terminfo/w/wrenw	../p/pt100w
/home/woa23c1ro/.local/share/uv/python/cpython-3.11.14-linux-x86_64-gnu/share/terminfo/w/wy-75ap	wy75ap
/home/woa23c1ro/.local/share/uv/python/cpython-3.11.14-linux-x86_64-gnu/share/terminfo/w/wy-99fgt	wy99f
/home/woa23c1ro/.local/share/uv/python/cpython-3.11.14-linux-x86_64-gnu/share/terminfo/w/wy-99fgta	wy99fa
/home/woa23c1ro/.local/share/uv/python/cpython-3.11.14-linux-x86_64-gnu/share/terminfo/w/wy120-wvb	wy120-w-vb
/home/woa23c1ro/.local/share/uv/python/cpython-3.11.14-linux-x86_64-gnu/share/terminfo/w/wy150	wy120
/home/woa23c1ro/.local/share/uv/python/cpython-3.11.14-linux-x86_64-gnu/share/terminfo/w/wy150-25	wy120-25
/home/woa23c1ro/.local/share/uv/python/cpython-3.11.14-linux-x86_64-gnu/share/terminfo/w/wy150-25-w	wy120-25-w
/home/woa23c1ro/.local/share/uv/python/cpython-3.11.14-linux-x86_64-gnu/share/terminfo/w/wy150-vb	wy120-vb
/home/woa23c1ro/.local/share/uv/python/cpython-3.11.14-linux-x86_64-gnu/share/terminfo/w/wy150-w	wy120-w
/home/woa23c1ro/.local/share/uv/python/cpython-3.11.14-linux-x86_64-gnu/share/terminfo/w/wy150-w-vb	wy120-w-vb
/home/woa23c1ro/.local/share/uv/python/cpython-3.11.14-linux-x86_64-gnu/share/terminfo/w/wy160-wvb	wy160-w-vb
/home/woa23c1ro/.local/share/uv/python/cpython-3.11.14-linux-x86_64-gnu/share/terminfo/w/wy325-42wvb	wy325-42w-vb
/home/woa23c1ro/.local/share/uv/python/cpython-3.11.14-linux-x86_64-gnu/share/terminfo/w/wy325-43wvb	wy325-43w-vb
/home/woa23c1ro/.local/share/uv/python/cpython-3.11.14-linux-x86_64-gnu/share/terminfo/w/wy325-80	wy325-25
/home/woa23c1ro/.local/share/uv/python/cpython-3.11.14-linux-x86_64-gnu/share/terminfo/w/wy325-wvb	wy325-w-vb
/home/woa23c1ro/.local/share/uv/python/cpython-3.11.14-linux-x86_64-gnu/share/terminfo/w/wy325w-24	wy325-w
/home/woa23c1ro/.local/share/uv/python/cpython-3.11.14-linux-x86_64-gnu/share/terminfo/w/wy370-101k	wy370
/home/woa23c1ro/.local/share/uv/python/cpython-3.11.14-linux-x86_64-gnu/share/terminfo/w/wy60-316X	../i/ibm3161
/home/woa23c1ro/.local/share/uv/python/cpython-3.11.14-linux-x86_64-gnu/share/terminfo/w/wy60-AT	../i/ibm5151
/home/woa23c1ro/.local/share/uv/python/cpython-3.11.14-linux-x86_64-gnu/share/terminfo/w/wy60-PC	../i/ibmpc
/home/woa23c1ro/.local/share/uv/python/cpython-3.11.14-linux-x86_64-gnu/share/terminfo/w/wy60-wvb	wy60-w-vb
/home/woa23c1ro/.local/share/uv/python/cpython-3.11.14-linux-x86_64-gnu/share/terminfo/w/wy99fgt	wy99f
/home/woa23c1ro/.local/share/uv/python/cpython-3.11.14-linux-x86_64-gnu/share/terminfo/w/wy99fgta	wy99fa
/home/woa23c1ro/.local/share/uv/python/cpython-3.11.14-linux-x86_64-gnu/share/terminfo/w/wy99gt-wvb	wy99gt-w-vb
/home/woa23c1ro/.local/share/uv/python/cpython-3.11.14-linux-x86_64-gnu/share/terminfo/w/wyse-325	wy325-25
/home/woa23c1ro/.local/share/uv/python/cpython-3.11.14-linux-x86_64-gnu/share/terminfo/w/wyse-75ap	wy75ap
/home/woa23c1ro/.local/share/uv/python/cpython-3.11.14-linux-x86_64-gnu/share/terminfo/w/wyse120	wy120
/home/woa23c1ro/.local/share/uv/python/cpython-3.11.14-linux-x86_64-gnu/share/terminfo/w/wyse120-25	wy120-25
/home/woa23c1ro/.local/share/uv/python/cpython-3.11.14-linux-x86_64-gnu/share/terminfo/w/wyse120-25-w	wy120-25-w
/home/woa23c1ro/.local/share/uv/python/cpython-3.11.14-linux-x86_64-gnu/share/terminfo/w/wyse120-vb	wy120-vb
/home/woa23c1ro/.local/share/uv/python/cpython-3.11.14-linux-x86_64-gnu/share/terminfo/w/wyse120-w	wy120-w
/home/woa23c1ro/.local/share/uv/python/cpython-3.11.14-linux-x86_64-gnu/share/terminfo/w/wyse120-wvb	wy120-w-vb
/home/woa23c1ro/.local/share/uv/python/cpython-3.11.14-linux-x86_64-gnu/share/terminfo/w/wyse150	wy120
/home/woa23c1ro/.local/share/uv/python/cpython-3.11.14-linux-x86_64-gnu/share/terminfo/w/wyse150-25	wy120-25
/home/woa23c1ro/.local/share/uv/python/cpython-3.11.14-linux-x86_64-gnu/share/terminfo/w/wyse150-25-w	wy120-25-w
/home/woa23c1ro/.local/share/uv/python/cpython-3.11.14-linux-x86_64-gnu/share/terminfo/w/wyse150-vb	wy120-vb
/home/woa23c1ro/.local/share/uv/python/cpython-3.11.14-linux-x86_64-gnu/share/terminfo/w/wyse150-w	wy120-w
/home/woa23c1ro/.local/share/uv/python/cpython-3.11.14-linux-x86_64-gnu/share/terminfo/w/wyse150-w-vb	wy120-w-vb
/home/woa23c1ro/.local/share/uv/python/cpython-3.11.14-linux-x86_64-gnu/share/terminfo/w/wyse160	wy160
/home/woa23c1ro/.local/share/uv/python/cpython-3.11.14-linux-x86_64-gnu/share/terminfo/w/wyse160-25	wy160-25
/home/woa23c1ro/.local/share/uv/python/cpython-3.11.14-linux-x86_64-gnu/share/terminfo/w/wyse160-25-w	wy160-25-w
/home/woa23c1ro/.local/share/uv/python/cpython-3.11.14-linux-x86_64-gnu/share/terminfo/w/wyse160-42	wy160-42
/home/woa23c1ro/.local/share/uv/python/cpython-3.11.14-linux-x86_64-gnu/share/terminfo/w/wyse160-42-w	wy160-42-w
/home/woa23c1ro/.local/share/uv/python/cpython-3.11.14-linux-x86_64-gnu/share/terminfo/w/wyse160-43	wy160-43
/home/woa23c1ro/.local/share/uv/python/cpython-3.11.14-linux-x86_64-gnu/share/terminfo/w/wyse160-43-w	wy160-43-w
/home/woa23c1ro/.local/share/uv/python/cpython-3.11.14-linux-x86_64-gnu/share/terminfo/w/wyse160-vb	wy160-vb
/home/woa23c1ro/.local/share/uv/python/cpython-3.11.14-linux-x86_64-gnu/share/terminfo/w/wyse160-w	wy160-w
/home/woa23c1ro/.local/share/uv/python/cpython-3.11.14-linux-x86_64-gnu/share/terminfo/w/wyse160-wvb	wy160-w-vb
/home/woa23c1ro/.local/share/uv/python/cpython-3.11.14-linux-x86_64-gnu/share/terminfo/w/wyse185	wy185
/home/woa23c1ro/.local/share/uv/python/cpython-3.11.14-linux-x86_64-gnu/share/terminfo/w/wyse185-24	wy185-24
/home/woa23c1ro/.local/share/uv/python/cpython-3.11.14-linux-x86_64-gnu/share/terminfo/w/wyse185-vb	wy185-vb
/home/woa23c1ro/.local/share/uv/python/cpython-3.11.14-linux-x86_64-gnu/share/terminfo/w/wyse185-w	wy185-w
/home/woa23c1ro/.local/share/uv/python/cpython-3.11.14-linux-x86_64-gnu/share/terminfo/w/wyse185-wvb	wy185-wvb
/home/woa23c1ro/.local/share/uv/python/cpython-3.11.14-linux-x86_64-gnu/share/terminfo/w/wyse30	wy30
/home/woa23c1ro/.local/share/uv/python/cpython-3.11.14-linux-x86_64-gnu/share/terminfo/w/wyse30-mc	wy30-mc
/home/woa23c1ro/.local/share/uv/python/cpython-3.11.14-linux-x86_64-gnu/share/terminfo/w/wyse30-vb	wy30-vb
/home/woa23c1ro/.local/share/uv/python/cpython-3.11.14-linux-x86_64-gnu/share/terminfo/w/wyse325	wy325
/home/woa23c1ro/.local/share/uv/python/cpython-3.11.14-linux-x86_64-gnu/share/terminfo/w/wyse325-25	wy325-25
/home/woa23c1ro/.local/share/uv/python/cpython-3.11.14-linux-x86_64-gnu/share/terminfo/w/wyse325-25w	wy325-25w
/home/woa23c1ro/.local/share/uv/python/cpython-3.11.14-linux-x86_64-gnu/share/terminfo/w/wyse325-42	wy325-42
/home/woa23c1ro/.local/share/uv/python/cpython-3.11.14-linux-x86_64-gnu/share/terminfo/w/wyse325-42w	wy325-42w
/home/woa23c1ro/.local/share/uv/python/cpython-3.11.14-linux-x86_64-gnu/share/terminfo/w/wyse325-43	wy325-43
/home/woa23c1ro/.local/share/uv/python/cpython-3.11.14-linux-x86_64-gnu/share/terminfo/w/wyse325-43w	wy325-43w
/home/woa23c1ro/.local/share/uv/python/cpython-3.11.14-linux-x86_64-gnu/share/terminfo/w/wyse325-vb	wy325-vb
/home/woa23c1ro/.local/share/uv/python/cpython-3.11.14-linux-x86_64-gnu/share/terminfo/w/wyse325-w	wy325-w
/home/woa23c1ro/.local/share/uv/python/cpython-3.11.14-linux-x86_64-gnu/share/terminfo/w/wyse325-wvb	wy325-w-vb
/home/woa23c1ro/.local/share/uv/python/cpython-3.11.14-linux-x86_64-gnu/share/terminfo/w/wyse350	wy350
/home/woa23c1ro/.local/share/uv/python/cpython-3.11.14-linux-x86_64-gnu/share/terminfo/w/wyse350-vb	wy350-vb
/home/woa23c1ro/.local/share/uv/python/cpython-3.11.14-linux-x86_64-gnu/share/terminfo/w/wyse350-w	wy350-w
/home/woa23c1ro/.local/share/uv/python/cpython-3.11.14-linux-x86_64-gnu/share/terminfo/w/wyse350-wvb	wy350-wvb
/home/woa23c1ro/.local/share/uv/python/cpython-3.11.14-linux-x86_64-gnu/share/terminfo/w/wyse370	wy370
/home/woa23c1ro/.local/share/uv/python/cpython-3.11.14-linux-x86_64-gnu/share/terminfo/w/wyse50	wy50
/home/woa23c1ro/.local/share/uv/python/cpython-3.11.14-linux-x86_64-gnu/share/terminfo/w/wyse50-mc	wy50-mc
/home/woa23c1ro/.local/share/uv/python/cpython-3.11.14-linux-x86_64-gnu/share/terminfo/w/wyse50-vb	wy50-vb
/home/woa23c1ro/.local/share/uv/python/cpython-3.11.14-linux-x86_64-gnu/share/terminfo/w/wyse50-w	wy50-w
/home/woa23c1ro/.local/share/uv/python/cpython-3.11.14-linux-x86_64-gnu/share/terminfo/w/wyse50-wvb	wy50-wvb
/home/woa23c1ro/.local/share/uv/python/cpython-3.11.14-linux-x86_64-gnu/share/terminfo/w/wyse520	wy520
/home/woa23c1ro/.local/share/uv/python/cpython-3.11.14-linux-x86_64-gnu/share/terminfo/w/wyse520-24	wy520-24
/home/woa23c1ro/.local/share/uv/python/cpython-3.11.14-linux-x86_64-gnu/share/terminfo/w/wyse520-36	wy520-36
/home/woa23c1ro/.local/share/uv/python/cpython-3.11.14-linux-x86_64-gnu/share/terminfo/w/wyse520-36pc	wy520-36pc
/home/woa23c1ro/.local/share/uv/python/cpython-3.11.14-linux-x86_64-gnu/share/terminfo/w/wyse520-36w	wy520-36w
/home/woa23c1ro/.local/share/uv/python/cpython-3.11.14-linux-x86_64-gnu/share/terminfo/w/wyse520-36wpc	wy520-36wpc
/home/woa23c1ro/.local/share/uv/python/cpython-3.11.14-linux-x86_64-gnu/share/terminfo/w/wyse520-48	wy520-48
/home/woa23c1ro/.local/share/uv/python/cpython-3.11.14-linux-x86_64-gnu/share/terminfo/w/wyse520-48pc	wy520-48pc
/home/woa23c1ro/.local/share/uv/python/cpython-3.11.14-linux-x86_64-gnu/share/terminfo/w/wyse520-48w	wy520-48w
/home/woa23c1ro/.local/share/uv/python/cpython-3.11.14-linux-x86_64-gnu/share/terminfo/w/wyse520-48wpc	wy520-48wpc
/home/woa23c1ro/.local/share/uv/python/cpython-3.11.14-linux-x86_64-gnu/share/terminfo/w/wyse520-epc	wy520-epc
/home/woa23c1ro/.local/share/uv/python/cpython-3.11.14-linux-x86_64-gnu/share/terminfo/w/wyse520-epc-w	wy520-epc-w
/home/woa23c1ro/.local/share/uv/python/cpython-3.11.14-linux-x86_64-gnu/share/terminfo/w/wyse520-p-wvb	wy520-epc-wvb
/home/woa23c1ro/.local/share/uv/python/cpython-3.11.14-linux-x86_64-gnu/share/terminfo/w/wyse520-pc-24	wy520-epc-24
/home/woa23c1ro/.local/share/uv/python/cpython-3.11.14-linux-x86_64-gnu/share/terminfo/w/wyse520-pc-vb	wy520-epc-vb
/home/woa23c1ro/.local/share/uv/python/cpython-3.11.14-linux-x86_64-gnu/share/terminfo/w/wyse520-vb	wy520-vb
/home/woa23c1ro/.local/share/uv/python/cpython-3.11.14-linux-x86_64-gnu/share/terminfo/w/wyse520-w	wy520-w
/home/woa23c1ro/.local/share/uv/python/cpython-3.11.14-linux-x86_64-gnu/share/terminfo/w/wyse520-wvb	wy520-wvb
/home/woa23c1ro/.local/share/uv/python/cpython-3.11.14-linux-x86_64-gnu/share/terminfo/w/wyse60	wy60
/home/woa23c1ro/.local/share/uv/python/cpython-3.11.14-linux-x86_64-gnu/share/terminfo/w/wyse60-25	wy60-25
/home/woa23c1ro/.local/share/uv/python/cpython-3.11.14-linux-x86_64-gnu/share/terminfo/w/wyse60-25-w	wy60-25-w
/home/woa23c1ro/.local/share/uv/python/cpython-3.11.14-linux-x86_64-gnu/share/terminfo/w/wyse60-316X	../i/ibm3161
/home/woa23c1ro/.local/share/uv/python/cpython-3.11.14-linux-x86_64-gnu/share/terminfo/w/wyse60-42	wy60-42
/home/woa23c1ro/.local/share/uv/python/cpython-3.11.14-linux-x86_64-gnu/share/terminfo/w/wyse60-42-w	wy60-42-w
/home/woa23c1ro/.local/share/uv/python/cpython-3.11.14-linux-x86_64-gnu/share/terminfo/w/wyse60-43	wy60-43
/home/woa23c1ro/.local/share/uv/python/cpython-3.11.14-linux-x86_64-gnu/share/terminfo/w/wyse60-43-w	wy60-43-w
/home/woa23c1ro/.local/share/uv/python/cpython-3.11.14-linux-x86_64-gnu/share/terminfo/w/wyse60-AT	../i/ibm5151
/home/woa23c1ro/.local/share/uv/python/cpython-3.11.14-linux-x86_64-gnu/share/terminfo/w/wyse60-PC	../i/ibmpc
/home/woa23c1ro/.local/share/uv/python/cpython-3.11.14-linux-x86_64-gnu/share/terminfo/w/wyse60-vb	wy60-vb
/home/woa23c1ro/.local/share/uv/python/cpython-3.11.14-linux-x86_64-gnu/share/terminfo/w/wyse60-w	wy60-w
/home/woa23c1ro/.local/share/uv/python/cpython-3.11.14-linux-x86_64-gnu/share/terminfo/w/wyse60-wvb	wy60-w-vb
/home/woa23c1ro/.local/share/uv/python/cpython-3.11.14-linux-x86_64-gnu/share/terminfo/w/wyse75	wy75
/home/woa23c1ro/.local/share/uv/python/cpython-3.11.14-linux-x86_64-gnu/share/terminfo/w/wyse75-mc	wy75-mc
/home/woa23c1ro/.local/share/uv/python/cpython-3.11.14-linux-x86_64-gnu/share/terminfo/w/wyse75-vb	wy75-vb
/home/woa23c1ro/.local/share/uv/python/cpython-3.11.14-linux-x86_64-gnu/share/terminfo/w/wyse75-w	wy75-w
/home/woa23c1ro/.local/share/uv/python/cpython-3.11.14-linux-x86_64-gnu/share/terminfo/w/wyse75-wvb	wy75-wvb
/home/woa23c1ro/.local/share/uv/python/cpython-3.11.14-linux-x86_64-gnu/share/terminfo/w/wyse75ap	wy75ap
/home/woa23c1ro/.local/share/uv/python/cpython-3.11.14-linux-x86_64-gnu/share/terminfo/w/wyse85	wy85
/home/woa23c1ro/.local/share/uv/python/cpython-3.11.14-linux-x86_64-gnu/share/terminfo/w/wyse85-8bit	wy85-8bit
/home/woa23c1ro/.local/share/uv/python/cpython-3.11.14-linux-x86_64-gnu/share/terminfo/w/wyse85-vb	wy85-vb
/home/woa23c1ro/.local/share/uv/python/cpython-3.11.14-linux-x86_64-gnu/share/terminfo/w/wyse85-w	wy85-w
/home/woa23c1ro/.local/share/uv/python/cpython-3.11.14-linux-x86_64-gnu/share/terminfo/w/wyse85-wvb	wy85-wvb
/home/woa23c1ro/.local/share/uv/python/cpython-3.11.14-linux-x86_64-gnu/share/terminfo/w/wyse99gt	wy99gt
/home/woa23c1ro/.local/share/uv/python/cpython-3.11.14-linux-x86_64-gnu/share/terminfo/w/wyse99gt-25	wy99gt-25
/home/woa23c1ro/.local/share/uv/python/cpython-3.11.14-linux-x86_64-gnu/share/terminfo/w/wyse99gt-25-w	wy99gt-25-w
/home/woa23c1ro/.local/share/uv/python/cpython-3.11.14-linux-x86_64-gnu/share/terminfo/w/wyse99gt-vb	wy99gt-vb
/home/woa23c1ro/.local/share/uv/python/cpython-3.11.14-linux-x86_64-gnu/share/terminfo/w/wyse99gt-w	wy99gt-w
/home/woa23c1ro/.local/share/uv/python/cpython-3.11.14-linux-x86_64-gnu/share/terminfo/w/wyse99gt-wvb	wy99gt-w-vb
/home/woa23c1ro/.local/share/uv/python/cpython-3.11.14-linux-x86_64-gnu/share/terminfo/x/x1700	../d/diablo1640
/home/woa23c1ro/.local/share/uv/python/cpython-3.11.14-linux-x86_64-gnu/share/terminfo/x/x1700-lm	../d/diablo1740-lm
/home/woa23c1ro/.local/share/uv/python/cpython-3.11.14-linux-x86_64-gnu/share/terminfo/x/x1720	xerox1720
/home/woa23c1ro/.local/share/uv/python/cpython-3.11.14-linux-x86_64-gnu/share/terminfo/x/x1750	xerox1720
/home/woa23c1ro/.local/share/uv/python/cpython-3.11.14-linux-x86_64-gnu/share/terminfo/x/x68k-ite	x68k
/home/woa23c1ro/.local/share/uv/python/cpython-3.11.14-linux-x86_64-gnu/share/terminfo/x/x820	xerox820
/home/woa23c1ro/.local/share/uv/python/cpython-3.11.14-linux-x86_64-gnu/share/terminfo/x/xdku	../t/tws2103
/home/woa23c1ro/.local/share/uv/python/cpython-3.11.14-linux-x86_64-gnu/share/terminfo/x/xenix	../i/ibmpcx
/home/woa23c1ro/.local/share/uv/python/cpython-3.11.14-linux-x86_64-gnu/share/terminfo/x/xerox	../d/diablo1640
/home/woa23c1ro/.local/share/uv/python/cpython-3.11.14-linux-x86_64-gnu/share/terminfo/x/xerox-lm	../d/diablo1640-lm
/home/woa23c1ro/.local/share/uv/python/cpython-3.11.14-linux-x86_64-gnu/share/terminfo/x/xl83	../c/cyb83
/home/woa23c1ro/.local/share/uv/python/cpython-3.11.14-linux-x86_64-gnu/share/terminfo/x/xterm.js	../v/vscode
/home/woa23c1ro/.local/share/uv/python/cpython-3.11.14-linux-x86_64-gnu/share/terminfo/x/xterms	xterm-24
/home/woa23c1ro/.local/share/uv/python/cpython-3.11.14-linux-x86_64-gnu/share/terminfo/x/xwsh	../i/iris-color
/home/woa23c1ro/.local/share/uv/python/cpython-3.11.14-linux-x86_64-gnu/share/terminfo/z/z-100	z100
/home/woa23c1ro/.local/share/uv/python/cpython-3.11.14-linux-x86_64-gnu/share/terminfo/z/z-100bw	z100bw
/home/woa23c1ro/.local/share/uv/python/cpython-3.11.14-linux-x86_64-gnu/share/terminfo/z/z110	z100
/home/woa23c1ro/.local/share/uv/python/cpython-3.11.14-linux-x86_64-gnu/share/terminfo/z/z110bw	z100bw
/home/woa23c1ro/.local/share/uv/python/cpython-3.11.14-linux-x86_64-gnu/share/terminfo/z/z19	../h/h19
/home/woa23c1ro/.local/share/uv/python/cpython-3.11.14-linux-x86_64-gnu/share/terminfo/z/z29a-kc-bc	z29a
/home/woa23c1ro/.local/share/uv/python/cpython-3.11.14-linux-x86_64-gnu/share/terminfo/z/z29b	z29
/home/woa23c1ro/.local/share/uv/python/cpython-3.11.14-linux-x86_64-gnu/share/terminfo/z/z30	zen30
/home/woa23c1ro/.local/share/uv/python/cpython-3.11.14-linux-x86_64-gnu/share/terminfo/z/z39a	z39-a
/home/woa23c1ro/.local/share/uv/python/cpython-3.11.14-linux-x86_64-gnu/share/terminfo/z/z50	zen50
/home/woa23c1ro/.local/share/uv/python/cpython-3.11.14-linux-x86_64-gnu/share/terminfo/z/z8001	../c/cci
/home/woa23c1ro/.local/share/uv/python/cpython-3.11.14-linux-x86_64-gnu/share/terminfo/z/zen8001	../c/cci
/home/woa23c1ro/.local/share/uv/python/cpython-3.11.14-linux-x86_64-gnu/share/terminfo/z/zenith	../h/h19
/home/woa23c1ro/.local/share/uv/python/cpython-3.11.14-linux-x86_64-gnu/share/terminfo/z/zenith29	z29
/home/woa23c1ro/.local/share/uv/python/cpython-3.11.14-linux-x86_64-gnu/share/terminfo/z/zenith39-a	z39-a
/home/woa23c1ro/.local/share/uv/python/cpython-3.11.14-linux-x86_64-gnu/share/terminfo/z/zenith39-ansi	z39-a
/home/woa23c1ro/.local/share/uv/python/cpython-3.11.14-linux-x86_64-gnu/share/terminfo/z/zt-1	ztx
/home/woa23c1ro/.local/share/uv/python/cpython-3.11.14-linux-x86_64-gnu/share/terminfo/z/ztx-1-a	ztx
/home/woa23c1ro/.local/share/uv/python/cpython-3.11.14-linux-x86_64-gnu/share/terminfo/z/ztx11	ztx
